13-Feb-2026 14:24:13.900 INFO [main] org.apache.catalina.startup.VersionLoggerListener.log Nom version serveur :              Apache Tomcat/11.0.1
13-Feb-2026 14:24:13.905 INFO [main] org.apache.catalina.startup.VersionLoggerListener.log Serveur compilé :                  Nov 6 2024 19:08:24 UTC
13-Feb-2026 14:24:13.905 INFO [main] org.apache.catalina.startup.VersionLoggerListener.log Version du serveur :               11.0.1.0
13-Feb-2026 14:24:13.905 INFO [main] org.apache.catalina.startup.VersionLoggerListener.log Nom de l'OS :                      Linux
13-Feb-2026 14:24:13.907 INFO [main] org.apache.catalina.startup.VersionLoggerListener.log Version OS :                       6.14.0-37-generic
13-Feb-2026 14:24:13.907 INFO [main] org.apache.catalina.startup.VersionLoggerListener.log Architecture :                     amd64
13-Feb-2026 14:24:13.907 INFO [main] org.apache.catalina.startup.VersionLoggerListener.log Java Home :                        /mnt/n7fs/ens/tp_dh/jdk-17.0.5
13-Feb-2026 14:24:13.907 INFO [main] org.apache.catalina.startup.VersionLoggerListener.log Version JVM :                      17.0.5+9-LTS-191
13-Feb-2026 14:24:13.907 INFO [main] org.apache.catalina.startup.VersionLoggerListener.log Fournisseur de la JVM :            Oracle Corporation
13-Feb-2026 14:24:13.907 INFO [main] org.apache.catalina.startup.VersionLoggerListener.log CATALINA_BASE :                    /home/abi7287/2A/AW/TP2/apache-tomcat-11.0.1
13-Feb-2026 14:24:13.907 INFO [main] org.apache.catalina.startup.VersionLoggerListener.log CATALINA_HOME :                    /home/abi7287/2A/AW/TP2/apache-tomcat-11.0.1
13-Feb-2026 14:24:13.927 INFO [main] org.apache.catalina.startup.VersionLoggerListener.log Argument de la ligne de commande : -Djava.util.logging.config.file=/home/abi7287/2A/AW/TP2/apache-tomcat-11.0.1/conf/logging.properties
13-Feb-2026 14:24:13.928 INFO [main] org.apache.catalina.startup.VersionLoggerListener.log Argument de la ligne de commande : -Djava.util.logging.manager=org.apache.juli.ClassLoaderLogManager
13-Feb-2026 14:24:13.928 INFO [main] org.apache.catalina.startup.VersionLoggerListener.log Argument de la ligne de commande : -Djdk.tls.ephemeralDHKeySize=2048
13-Feb-2026 14:24:13.928 INFO [main] org.apache.catalina.startup.VersionLoggerListener.log Argument de la ligne de commande : -Dorg.apache.catalina.security.SecurityListener.UMASK=0027
13-Feb-2026 14:24:13.929 INFO [main] org.apache.catalina.startup.VersionLoggerListener.log Argument de la ligne de commande : --add-opens=java.base/java.lang=ALL-UNNAMED
13-Feb-2026 14:24:13.930 INFO [main] org.apache.catalina.startup.VersionLoggerListener.log Argument de la ligne de commande : --add-opens=java.base/java.io=ALL-UNNAMED
13-Feb-2026 14:24:13.931 INFO [main] org.apache.catalina.startup.VersionLoggerListener.log Argument de la ligne de commande : --add-opens=java.base/java.util=ALL-UNNAMED
13-Feb-2026 14:24:13.931 INFO [main] org.apache.catalina.startup.VersionLoggerListener.log Argument de la ligne de commande : --add-opens=java.base/java.util.concurrent=ALL-UNNAMED
13-Feb-2026 14:24:13.931 INFO [main] org.apache.catalina.startup.VersionLoggerListener.log Argument de la ligne de commande : --add-opens=java.rmi/sun.rmi.transport=ALL-UNNAMED
13-Feb-2026 14:24:13.931 INFO [main] org.apache.catalina.startup.VersionLoggerListener.log Argument de la ligne de commande : --enable-native-access=ALL-UNNAMED
13-Feb-2026 14:24:13.931 INFO [main] org.apache.catalina.startup.VersionLoggerListener.log Argument de la ligne de commande : -Dcatalina.base=/home/abi7287/2A/AW/TP2/apache-tomcat-11.0.1
13-Feb-2026 14:24:13.931 INFO [main] org.apache.catalina.startup.VersionLoggerListener.log Argument de la ligne de commande : -Dcatalina.home=/home/abi7287/2A/AW/TP2/apache-tomcat-11.0.1
13-Feb-2026 14:24:13.931 INFO [main] org.apache.catalina.startup.VersionLoggerListener.log Argument de la ligne de commande : -Djava.io.tmpdir=/home/abi7287/2A/AW/TP2/apache-tomcat-11.0.1/temp
13-Feb-2026 14:24:13.937 INFO [main] org.apache.catalina.core.AprLifecycleListener.lifecycleEvent La librairie Apache Tomcat Native basée sur APR qui permet des performances optimales dans les environnements de production n'a pas été trouvée sur le java.library.path : [/usr/java/packages/lib:/usr/lib64:/lib64:/lib:/usr/lib]
13-Feb-2026 14:24:14.125 INFO [main] org.apache.coyote.AbstractProtocol.init Initialisation du gestionnaire de protocole ["http-nio-8080"]
13-Feb-2026 14:24:14.147 INFO [main] org.apache.catalina.startup.Catalina.load L'initialisation du serveur a pris [462] millisecondes
13-Feb-2026 14:24:14.195 INFO [main] org.apache.catalina.core.StandardService.startInternal Démarrage du service [Catalina]
13-Feb-2026 14:24:14.195 INFO [main] org.apache.catalina.core.StandardEngine.startInternal Démarrage du moteur de Servlets : [Apache Tomcat/11.0.1]
13-Feb-2026 14:24:14.214 INFO [main] org.apache.catalina.startup.HostConfig.deployDirectory Déploiement du répertoire d'application web [/home/abi7287/2A/AW/TP2/apache-tomcat-11.0.1/webapps/ROOT]
13-Feb-2026 14:24:14.435 INFO [main] org.apache.catalina.startup.HostConfig.deployDirectory Le déploiement du répertoire [/home/abi7287/2A/AW/TP2/apache-tomcat-11.0.1/webapps/ROOT] de l'application web s'est terminé en [217] ms
13-Feb-2026 14:24:14.435 INFO [main] org.apache.catalina.startup.HostConfig.deployDirectory Déploiement du répertoire d'application web [/home/abi7287/2A/AW/TP2/apache-tomcat-11.0.1/webapps/manager]
13-Feb-2026 14:24:14.481 INFO [main] org.apache.catalina.startup.HostConfig.deployDirectory Le déploiement du répertoire [/home/abi7287/2A/AW/TP2/apache-tomcat-11.0.1/webapps/manager] de l'application web s'est terminé en [46] ms
13-Feb-2026 14:24:14.481 INFO [main] org.apache.catalina.startup.HostConfig.deployDirectory Déploiement du répertoire d'application web [/home/abi7287/2A/AW/TP2/apache-tomcat-11.0.1/webapps/examples]
13-Feb-2026 14:24:15.208 INFO [main] org.apache.catalina.startup.HostConfig.deployDirectory Le déploiement du répertoire [/home/abi7287/2A/AW/TP2/apache-tomcat-11.0.1/webapps/examples] de l'application web s'est terminé en [727] ms
13-Feb-2026 14:24:15.209 INFO [main] org.apache.catalina.startup.HostConfig.deployDirectory Déploiement du répertoire d'application web [/home/abi7287/2A/AW/TP2/apache-tomcat-11.0.1/webapps/docs]
13-Feb-2026 14:24:15.254 INFO [main] org.apache.catalina.startup.HostConfig.deployDirectory Le déploiement du répertoire [/home/abi7287/2A/AW/TP2/apache-tomcat-11.0.1/webapps/docs] de l'application web s'est terminé en [45] ms
13-Feb-2026 14:24:15.254 INFO [main] org.apache.catalina.startup.HostConfig.deployDirectory Déploiement du répertoire d'application web [/home/abi7287/2A/AW/TP2/apache-tomcat-11.0.1/webapps/host-manager]
13-Feb-2026 14:24:15.306 INFO [main] org.apache.catalina.startup.HostConfig.deployDirectory Le déploiement du répertoire [/home/abi7287/2A/AW/TP2/apache-tomcat-11.0.1/webapps/host-manager] de l'application web s'est terminé en [52] ms
13-Feb-2026 14:24:15.309 INFO [main] org.apache.coyote.AbstractProtocol.start Démarrage du gestionnaire de protocole ["http-nio-8080"]
13-Feb-2026 14:24:15.320 INFO [main] org.apache.catalina.startup.Catalina.start Le démarrage du serveur a pris [1172] millisecondes
13-Feb-2026 15:15:29.534 INFO [Catalina-utility-2] org.apache.catalina.startup.HostConfig.deployWAR Déploiement de l'archive [/home/abi7287/2A/AW/TP2/apache-tomcat-11.0.1/webapps/template.war] de l'application web
13-Feb-2026 15:15:30.894 INFO [Catalina-utility-2] org.apache.catalina.startup.HostConfig.deployWAR Le déploiement de l'archive de l'application web [/home/abi7287/2A/AW/TP2/apache-tomcat-11.0.1/webapps/template.war] s'est terminé en [1 361] ms
13-Feb-2026 15:25:11.714 INFO [Catalina-utility-2] org.apache.catalina.startup.HostConfig.undeploy Retrait de l'application web ayant pour chemin de contexte [/template]
13-Feb-2026 15:25:12.014 INFO [Catalina-utility-2] org.apache.catalina.startup.HostConfig.deployWAR Déploiement de l'archive [/home/abi7287/2A/AW/TP2/apache-tomcat-11.0.1/webapps/template.war] de l'application web
13-Feb-2026 15:25:13.440 INFO [Catalina-utility-2] org.apache.catalina.startup.HostConfig.deployWAR Le déploiement de l'archive de l'application web [/home/abi7287/2A/AW/TP2/apache-tomcat-11.0.1/webapps/template.war] s'est terminé en [1 427] ms
13-Feb-2026 15:27:43.627 INFO [Catalina-utility-1] org.apache.catalina.startup.HostConfig.undeploy Retrait de l'application web ayant pour chemin de contexte [/template]
13-Feb-2026 15:27:43.876 INFO [Catalina-utility-1] org.apache.catalina.startup.HostConfig.deployWAR Déploiement de l'archive [/home/abi7287/2A/AW/TP2/apache-tomcat-11.0.1/webapps/template.war] de l'application web
13-Feb-2026 15:27:45.031 INFO [Catalina-utility-1] org.apache.catalina.startup.HostConfig.deployWAR Le déploiement de l'archive de l'application web [/home/abi7287/2A/AW/TP2/apache-tomcat-11.0.1/webapps/template.war] s'est terminé en [1 154] ms
13-Feb-2026 15:29:15.152 INFO [Catalina-utility-2] org.apache.catalina.startup.HostConfig.undeploy Retrait de l'application web ayant pour chemin de contexte [/template]
13-Feb-2026 15:29:15.371 INFO [Catalina-utility-2] org.apache.catalina.startup.HostConfig.deployWAR Déploiement de l'archive [/home/abi7287/2A/AW/TP2/apache-tomcat-11.0.1/webapps/template.war] de l'application web
13-Feb-2026 15:29:16.516 INFO [Catalina-utility-2] org.apache.catalina.startup.HostConfig.deployWAR Le déploiement de l'archive de l'application web [/home/abi7287/2A/AW/TP2/apache-tomcat-11.0.1/webapps/template.war] s'est terminé en [1 146] ms
13-Feb-2026 15:30:56.638 INFO [Catalina-utility-1] org.apache.catalina.startup.HostConfig.undeploy Retrait de l'application web ayant pour chemin de contexte [/template]
13-Feb-2026 15:30:56.978 INFO [Catalina-utility-1] org.apache.catalina.startup.HostConfig.deployWAR Déploiement de l'archive [/home/abi7287/2A/AW/TP2/apache-tomcat-11.0.1/webapps/template.war] de l'application web
13-Feb-2026 15:30:58.524 INFO [Catalina-utility-1] org.apache.catalina.startup.HostConfig.deployWAR Le déploiement de l'archive de l'application web [/home/abi7287/2A/AW/TP2/apache-tomcat-11.0.1/webapps/template.war] s'est terminé en [1 545] ms
13-Feb-2026 15:31:58.600 INFO [Catalina-utility-2] org.apache.catalina.startup.HostConfig.undeploy Retrait de l'application web ayant pour chemin de contexte [/template]
13-Feb-2026 15:31:58.816 INFO [Catalina-utility-2] org.apache.catalina.startup.HostConfig.deployWAR Déploiement de l'archive [/home/abi7287/2A/AW/TP2/apache-tomcat-11.0.1/webapps/template.war] de l'application web
13-Feb-2026 15:32:00.056 INFO [Catalina-utility-2] org.apache.catalina.startup.HostConfig.deployWAR Le déploiement de l'archive de l'application web [/home/abi7287/2A/AW/TP2/apache-tomcat-11.0.1/webapps/template.war] s'est terminé en [1 239] ms
13-Feb-2026 15:34:30.352 INFO [Catalina-utility-2] org.apache.catalina.startup.HostConfig.undeploy Retrait de l'application web ayant pour chemin de contexte [/template]
13-Feb-2026 15:34:30.678 INFO [Catalina-utility-2] org.apache.catalina.startup.HostConfig.deployWAR Déploiement de l'archive [/home/abi7287/2A/AW/TP2/apache-tomcat-11.0.1/webapps/template.war] de l'application web
13-Feb-2026 15:34:31.891 INFO [Catalina-utility-2] org.apache.catalina.startup.HostConfig.deployWAR Le déploiement de l'archive de l'application web [/home/abi7287/2A/AW/TP2/apache-tomcat-11.0.1/webapps/template.war] s'est terminé en [1 212] ms
13-Feb-2026 15:38:52.314 INFO [Catalina-utility-1] org.apache.catalina.startup.HostConfig.undeploy Retrait de l'application web ayant pour chemin de contexte [/template]
13-Feb-2026 15:38:52.611 INFO [Catalina-utility-1] org.apache.catalina.startup.HostConfig.deployWAR Déploiement de l'archive [/home/abi7287/2A/AW/TP2/apache-tomcat-11.0.1/webapps/template.war] de l'application web
13-Feb-2026 15:38:53.844 INFO [Catalina-utility-1] org.apache.catalina.startup.HostConfig.deployWAR Le déploiement de l'archive de l'application web [/home/abi7287/2A/AW/TP2/apache-tomcat-11.0.1/webapps/template.war] s'est terminé en [1 233] ms
17-Feb-2026 14:42:43.022 INFO [main] org.apache.catalina.startup.VersionLoggerListener.log Nom version serveur :              Apache Tomcat/11.0.1
17-Feb-2026 14:42:43.026 INFO [main] org.apache.catalina.startup.VersionLoggerListener.log Serveur compilé :                  Nov 6 2024 19:08:24 UTC
17-Feb-2026 14:42:43.029 INFO [main] org.apache.catalina.startup.VersionLoggerListener.log Version du serveur :               11.0.1.0
17-Feb-2026 14:42:43.029 INFO [main] org.apache.catalina.startup.VersionLoggerListener.log Nom de l'OS :                      Linux
17-Feb-2026 14:42:43.029 INFO [main] org.apache.catalina.startup.VersionLoggerListener.log Version OS :                       6.14.0-37-generic
17-Feb-2026 14:42:43.029 INFO [main] org.apache.catalina.startup.VersionLoggerListener.log Architecture :                     amd64
17-Feb-2026 14:42:43.030 INFO [main] org.apache.catalina.startup.VersionLoggerListener.log Java Home :                        /mnt/n7fs/ens/tp_dh/jdk-17.0.5
17-Feb-2026 14:42:43.030 INFO [main] org.apache.catalina.startup.VersionLoggerListener.log Version JVM :                      17.0.5+9-LTS-191
17-Feb-2026 14:42:43.030 INFO [main] org.apache.catalina.startup.VersionLoggerListener.log Fournisseur de la JVM :            Oracle Corporation
17-Feb-2026 14:42:43.030 INFO [main] org.apache.catalina.startup.VersionLoggerListener.log CATALINA_BASE :                    /home/abi7287/2A/AW/TP2/apache-tomcat-11.0.1
17-Feb-2026 14:42:43.030 INFO [main] org.apache.catalina.startup.VersionLoggerListener.log CATALINA_HOME :                    /home/abi7287/2A/AW/TP2/apache-tomcat-11.0.1
17-Feb-2026 14:42:43.048 INFO [main] org.apache.catalina.startup.VersionLoggerListener.log Argument de la ligne de commande : -Djava.util.logging.config.file=/home/abi7287/2A/AW/TP2/apache-tomcat-11.0.1/conf/logging.properties
17-Feb-2026 14:42:43.048 INFO [main] org.apache.catalina.startup.VersionLoggerListener.log Argument de la ligne de commande : -Djava.util.logging.manager=org.apache.juli.ClassLoaderLogManager
17-Feb-2026 14:42:43.048 INFO [main] org.apache.catalina.startup.VersionLoggerListener.log Argument de la ligne de commande : -Djdk.tls.ephemeralDHKeySize=2048
17-Feb-2026 14:42:43.050 INFO [main] org.apache.catalina.startup.VersionLoggerListener.log Argument de la ligne de commande : -Dorg.apache.catalina.security.SecurityListener.UMASK=0027
17-Feb-2026 14:42:43.053 INFO [main] org.apache.catalina.startup.VersionLoggerListener.log Argument de la ligne de commande : --add-opens=java.base/java.lang=ALL-UNNAMED
17-Feb-2026 14:42:43.053 INFO [main] org.apache.catalina.startup.VersionLoggerListener.log Argument de la ligne de commande : --add-opens=java.base/java.io=ALL-UNNAMED
17-Feb-2026 14:42:43.053 INFO [main] org.apache.catalina.startup.VersionLoggerListener.log Argument de la ligne de commande : --add-opens=java.base/java.util=ALL-UNNAMED
17-Feb-2026 14:42:43.053 INFO [main] org.apache.catalina.startup.VersionLoggerListener.log Argument de la ligne de commande : --add-opens=java.base/java.util.concurrent=ALL-UNNAMED
17-Feb-2026 14:42:43.053 INFO [main] org.apache.catalina.startup.VersionLoggerListener.log Argument de la ligne de commande : --add-opens=java.rmi/sun.rmi.transport=ALL-UNNAMED
17-Feb-2026 14:42:43.053 INFO [main] org.apache.catalina.startup.VersionLoggerListener.log Argument de la ligne de commande : --enable-native-access=ALL-UNNAMED
17-Feb-2026 14:42:43.053 INFO [main] org.apache.catalina.startup.VersionLoggerListener.log Argument de la ligne de commande : -Dcatalina.base=/home/abi7287/2A/AW/TP2/apache-tomcat-11.0.1
17-Feb-2026 14:42:43.053 INFO [main] org.apache.catalina.startup.VersionLoggerListener.log Argument de la ligne de commande : -Dcatalina.home=/home/abi7287/2A/AW/TP2/apache-tomcat-11.0.1
17-Feb-2026 14:42:43.053 INFO [main] org.apache.catalina.startup.VersionLoggerListener.log Argument de la ligne de commande : -Djava.io.tmpdir=/home/abi7287/2A/AW/TP2/apache-tomcat-11.0.1/temp
17-Feb-2026 14:42:43.060 INFO [main] org.apache.catalina.core.AprLifecycleListener.lifecycleEvent La librairie Apache Tomcat Native basée sur APR qui permet des performances optimales dans les environnements de production n'a pas été trouvée sur le java.library.path : [/usr/java/packages/lib:/usr/lib64:/lib64:/lib:/usr/lib]
17-Feb-2026 14:42:43.282 INFO [main] org.apache.coyote.AbstractProtocol.init Initialisation du gestionnaire de protocole ["http-nio-8080"]
17-Feb-2026 14:42:43.307 INFO [main] org.apache.catalina.startup.Catalina.load L'initialisation du serveur a pris [589] millisecondes
17-Feb-2026 14:42:43.350 INFO [main] org.apache.catalina.core.StandardService.startInternal Démarrage du service [Catalina]
17-Feb-2026 14:42:43.350 INFO [main] org.apache.catalina.core.StandardEngine.startInternal Démarrage du moteur de Servlets : [Apache Tomcat/11.0.1]
17-Feb-2026 14:42:43.406 INFO [main] org.apache.catalina.startup.HostConfig.deployWAR Déploiement de l'archive [/home/abi7287/2A/AW/TP2/apache-tomcat-11.0.1/webapps/template.war] de l'application web
17-Feb-2026 14:42:44.147 INFO [main] org.apache.catalina.startup.HostConfig.deployWAR Le déploiement de l'archive de l'application web [/home/abi7287/2A/AW/TP2/apache-tomcat-11.0.1/webapps/template.war] s'est terminé en [738] ms
17-Feb-2026 14:42:44.149 INFO [main] org.apache.catalina.startup.HostConfig.deployDirectory Déploiement du répertoire d'application web [/home/abi7287/2A/AW/TP2/apache-tomcat-11.0.1/webapps/ROOT]
17-Feb-2026 14:42:44.178 INFO [main] org.apache.catalina.startup.HostConfig.deployDirectory Le déploiement du répertoire [/home/abi7287/2A/AW/TP2/apache-tomcat-11.0.1/webapps/ROOT] de l'application web s'est terminé en [29] ms
17-Feb-2026 14:42:44.179 INFO [main] org.apache.catalina.startup.HostConfig.deployDirectory Déploiement du répertoire d'application web [/home/abi7287/2A/AW/TP2/apache-tomcat-11.0.1/webapps/manager]
17-Feb-2026 14:42:44.231 INFO [main] org.apache.catalina.startup.HostConfig.deployDirectory Le déploiement du répertoire [/home/abi7287/2A/AW/TP2/apache-tomcat-11.0.1/webapps/manager] de l'application web s'est terminé en [52] ms
17-Feb-2026 14:42:44.232 INFO [main] org.apache.catalina.startup.HostConfig.deployDirectory Déploiement du répertoire d'application web [/home/abi7287/2A/AW/TP2/apache-tomcat-11.0.1/webapps/examples]
17-Feb-2026 14:42:45.103 INFO [main] org.apache.catalina.startup.HostConfig.deployDirectory Le déploiement du répertoire [/home/abi7287/2A/AW/TP2/apache-tomcat-11.0.1/webapps/examples] de l'application web s'est terminé en [871] ms
17-Feb-2026 14:42:45.105 INFO [main] org.apache.catalina.startup.HostConfig.deployDirectory Déploiement du répertoire d'application web [/home/abi7287/2A/AW/TP2/apache-tomcat-11.0.1/webapps/docs]
17-Feb-2026 14:42:45.146 INFO [main] org.apache.catalina.startup.HostConfig.deployDirectory Le déploiement du répertoire [/home/abi7287/2A/AW/TP2/apache-tomcat-11.0.1/webapps/docs] de l'application web s'est terminé en [41] ms
17-Feb-2026 14:42:45.147 INFO [main] org.apache.catalina.startup.HostConfig.deployDirectory Déploiement du répertoire d'application web [/home/abi7287/2A/AW/TP2/apache-tomcat-11.0.1/webapps/host-manager]
17-Feb-2026 14:42:45.191 INFO [main] org.apache.catalina.startup.HostConfig.deployDirectory Le déploiement du répertoire [/home/abi7287/2A/AW/TP2/apache-tomcat-11.0.1/webapps/host-manager] de l'application web s'est terminé en [44] ms
17-Feb-2026 14:42:45.193 INFO [main] org.apache.coyote.AbstractProtocol.start Démarrage du gestionnaire de protocole ["http-nio-8080"]
17-Feb-2026 14:42:45.201 INFO [main] org.apache.catalina.startup.Catalina.start Le démarrage du serveur a pris [1893] millisecondes
17-Feb-2026 14:45:15.393 INFO [Catalina-utility-1] org.apache.catalina.startup.HostConfig.undeploy Retrait de l'application web ayant pour chemin de contexte [/template]
17-Feb-2026 14:45:15.754 INFO [Catalina-utility-1] org.apache.catalina.startup.HostConfig.deployWAR Déploiement de l'archive [/home/abi7287/2A/AW/TP2/apache-tomcat-11.0.1/webapps/template.war] de l'application web
17-Feb-2026 14:45:17.394 INFO [Catalina-utility-1] org.apache.jasper.servlet.TldScanner.scanJars Au moins un fichier JAR a été analysé pour trouver des TLDs mais il n'en contenait pas, le mode "debug" du journal peut être activé pour obtenir une liste complète de JAR scannés sans succès ; éviter d'analyser des JARs inutilement peut améliorer sensiblement le temps de démarrage et le temps de compilation des JSPs
17-Feb-2026 14:45:17.439 INFO [Catalina-utility-1] org.apache.catalina.startup.HostConfig.deployWAR Le déploiement de l'archive de l'application web [/home/abi7287/2A/AW/TP2/apache-tomcat-11.0.1/webapps/template.war] s'est terminé en [1 685] ms
java.sql.SQLTransientConnectionException: java.net.ConnectException: Connexion refusée
	at org.hsqldb.jdbc.JDBCUtil.sqlException(Unknown Source)
	at org.hsqldb.jdbc.JDBCUtil.sqlException(Unknown Source)
	at org.hsqldb.jdbc.JDBCConnection.<init>(Unknown Source)
	at org.hsqldb.jdbc.JDBCDriver.getConnection(Unknown Source)
	at org.hsqldb.jdbc.JDBCDriver.connect(Unknown Source)
	at java.sql/java.sql.DriverManager.getConnection(DriverManager.java:681)
	at java.sql/java.sql.DriverManager.getConnection(DriverManager.java:229)
	at pack.Facade.<init>(Facade.java:22)
	at pack.Serv.<clinit>(Serv.java:14)
	at java.base/jdk.internal.reflect.NativeConstructorAccessorImpl.newInstance0(Native Method)
	at java.base/jdk.internal.reflect.NativeConstructorAccessorImpl.newInstance(NativeConstructorAccessorImpl.java:77)
	at java.base/jdk.internal.reflect.DelegatingConstructorAccessorImpl.newInstance(DelegatingConstructorAccessorImpl.java:45)
	at java.base/java.lang.reflect.Constructor.newInstanceWithCaller(Constructor.java:499)
	at java.base/java.lang.reflect.Constructor.newInstance(Constructor.java:480)
	at org.apache.catalina.core.DefaultInstanceManager.newInstance(DefaultInstanceManager.java:140)
	at org.apache.catalina.core.StandardWrapper.loadServlet(StandardWrapper.java:751)
	at org.apache.catalina.core.StandardWrapper.allocate(StandardWrapper.java:568)
	at org.apache.catalina.core.StandardWrapperValve.invoke(StandardWrapperValve.java:115)
	at org.apache.catalina.core.StandardContextValve.invoke(StandardContextValve.java:79)
	at org.apache.catalina.authenticator.AuthenticatorBase.invoke(AuthenticatorBase.java:483)
	at org.apache.catalina.core.StandardHostValve.invoke(StandardHostValve.java:115)
	at org.apache.catalina.valves.ErrorReportValve.invoke(ErrorReportValve.java:93)
	at org.apache.catalina.valves.AbstractAccessLogValve.invoke(AbstractAccessLogValve.java:663)
	at org.apache.catalina.core.StandardEngineValve.invoke(StandardEngineValve.java:74)
	at org.apache.catalina.connector.CoyoteAdapter.service(CoyoteAdapter.java:342)
	at org.apache.coyote.http11.Http11Processor.service(Http11Processor.java:395)
	at org.apache.coyote.AbstractProcessorLight.process(AbstractProcessorLight.java:63)
	at org.apache.coyote.AbstractProtocol$ConnectionHandler.process(AbstractProtocol.java:905)
	at org.apache.tomcat.util.net.NioEndpoint$SocketProcessor.doRun(NioEndpoint.java:1746)
	at org.apache.tomcat.util.net.SocketProcessorBase.run(SocketProcessorBase.java:52)
	at org.apache.tomcat.util.threads.ThreadPoolExecutor.runWorker(ThreadPoolExecutor.java:1148)
	at org.apache.tomcat.util.threads.ThreadPoolExecutor$Worker.run(ThreadPoolExecutor.java:636)
	at org.apache.tomcat.util.threads.TaskThread$WrappingRunnable.run(TaskThread.java:63)
	at java.base/java.lang.Thread.run(Thread.java:833)
Caused by: org.hsqldb.HsqlException: java.net.ConnectException: Connexion refusée
	at org.hsqldb.ClientConnection.openConnection(Unknown Source)
	at org.hsqldb.ClientConnection.initConnection(Unknown Source)
	at org.hsqldb.ClientConnection.<init>(Unknown Source)
	... 32 more
Caused by: java.net.ConnectException: Connexion refusée
	at java.base/sun.nio.ch.Net.connect0(Native Method)
	at java.base/sun.nio.ch.Net.connect(Net.java:579)
	at java.base/sun.nio.ch.Net.connect(Net.java:568)
	at java.base/sun.nio.ch.NioSocketImpl.connect(NioSocketImpl.java:588)
	at java.base/java.net.SocksSocketImpl.connect(SocksSocketImpl.java:327)
	at java.base/java.net.Socket.connect(Socket.java:633)
	at java.base/java.net.Socket.connect(Socket.java:583)
	at java.base/java.net.Socket.<init>(Socket.java:507)
	at java.base/java.net.Socket.<init>(Socket.java:287)
	at org.hsqldb.server.HsqlSocketFactory.createSocket(Unknown Source)
	... 35 more
17-Feb-2026 14:57:18.338 INFO [Catalina-utility-2] org.apache.catalina.startup.HostConfig.undeploy Retrait de l'application web ayant pour chemin de contexte [/template]
17-Feb-2026 14:57:18.343 WARNING [Catalina-utility-2] org.apache.catalina.loader.WebappClassLoaderBase.clearReferencesJdbc L'application web [template] a enregistré un pilote JDBC [org.hsqldb.jdbc.JDBCDriver], mais ne l'a pas désenregistré avant l'arrêt de l'application.  Pour éviter une fuite de mémoire, le pilote JDBC a été désenregistré de force.
17-Feb-2026 14:57:18.665 INFO [Catalina-utility-2] org.apache.catalina.startup.HostConfig.deployWAR Déploiement de l'archive [/home/abi7287/2A/AW/TP2/apache-tomcat-11.0.1/webapps/template.war] de l'application web
17-Feb-2026 14:57:20.009 INFO [Catalina-utility-2] org.apache.jasper.servlet.TldScanner.scanJars Au moins un fichier JAR a été analysé pour trouver des TLDs mais il n'en contenait pas, le mode "debug" du journal peut être activé pour obtenir une liste complète de JAR scannés sans succès ; éviter d'analyser des JARs inutilement peut améliorer sensiblement le temps de démarrage et le temps de compilation des JSPs
17-Feb-2026 14:57:20.054 INFO [Catalina-utility-2] org.apache.catalina.startup.HostConfig.deployWAR Le déploiement de l'archive de l'application web [/home/abi7287/2A/AW/TP2/apache-tomcat-11.0.1/webapps/template.war] s'est terminé en [1 388] ms
java.sql.SQLSyntaxErrorException: row column count mismatch
	at org.hsqldb.jdbc.JDBCUtil.sqlException(Unknown Source)
	at org.hsqldb.jdbc.JDBCUtil.sqlException(Unknown Source)
	at org.hsqldb.jdbc.JDBCPreparedStatement.<init>(Unknown Source)
	at org.hsqldb.jdbc.JDBCConnection.prepareStatement(Unknown Source)
	at pack.Facade.ajoutPersonne(Facade.java:24)
	at pack.Serv.doPost(Serv.java:49)
	at jakarta.servlet.http.HttpServlet.service(HttpServlet.java:645)
	at jakarta.servlet.http.HttpServlet.service(HttpServlet.java:716)
	at org.apache.catalina.core.ApplicationFilterChain.doFilter(ApplicationFilterChain.java:130)
	at org.apache.tomcat.websocket.server.WsFilter.doFilter(WsFilter.java:51)
	at org.apache.catalina.core.ApplicationFilterChain.doFilter(ApplicationFilterChain.java:109)
	at org.apache.catalina.core.StandardWrapperValve.invoke(StandardWrapperValve.java:167)
	at org.apache.catalina.core.StandardContextValve.invoke(StandardContextValve.java:79)
	at org.apache.catalina.authenticator.AuthenticatorBase.invoke(AuthenticatorBase.java:483)
	at org.apache.catalina.core.StandardHostValve.invoke(StandardHostValve.java:115)
	at org.apache.catalina.valves.ErrorReportValve.invoke(ErrorReportValve.java:93)
	at org.apache.catalina.valves.AbstractAccessLogValve.invoke(AbstractAccessLogValve.java:663)
	at org.apache.catalina.core.StandardEngineValve.invoke(StandardEngineValve.java:74)
	at org.apache.catalina.connector.CoyoteAdapter.service(CoyoteAdapter.java:342)
	at org.apache.coyote.http11.Http11Processor.service(Http11Processor.java:395)
	at org.apache.coyote.AbstractProcessorLight.process(AbstractProcessorLight.java:63)
	at org.apache.coyote.AbstractProtocol$ConnectionHandler.process(AbstractProtocol.java:905)
	at org.apache.tomcat.util.net.NioEndpoint$SocketProcessor.doRun(NioEndpoint.java:1746)
	at org.apache.tomcat.util.net.SocketProcessorBase.run(SocketProcessorBase.java:52)
	at org.apache.tomcat.util.threads.ThreadPoolExecutor.runWorker(ThreadPoolExecutor.java:1148)
	at org.apache.tomcat.util.threads.ThreadPoolExecutor$Worker.run(ThreadPoolExecutor.java:636)
	at org.apache.tomcat.util.threads.TaskThread$WrappingRunnable.run(TaskThread.java:63)
	at java.base/java.lang.Thread.run(Thread.java:833)
java.sql.SQLSyntaxErrorException: row column count mismatch
	at org.hsqldb.jdbc.JDBCUtil.sqlException(Unknown Source)
	at org.hsqldb.jdbc.JDBCUtil.sqlException(Unknown Source)
	at org.hsqldb.jdbc.JDBCPreparedStatement.<init>(Unknown Source)
	at org.hsqldb.jdbc.JDBCConnection.prepareStatement(Unknown Source)
	at pack.Facade.ajoutAdresse(Facade.java:39)
	at pack.Serv.doPost(Serv.java:55)
	at jakarta.servlet.http.HttpServlet.service(HttpServlet.java:645)
	at jakarta.servlet.http.HttpServlet.service(HttpServlet.java:716)
	at org.apache.catalina.core.ApplicationFilterChain.doFilter(ApplicationFilterChain.java:130)
	at org.apache.tomcat.websocket.server.WsFilter.doFilter(WsFilter.java:51)
	at org.apache.catalina.core.ApplicationFilterChain.doFilter(ApplicationFilterChain.java:109)
	at org.apache.catalina.core.StandardWrapperValve.invoke(StandardWrapperValve.java:167)
	at org.apache.catalina.core.StandardContextValve.invoke(StandardContextValve.java:79)
	at org.apache.catalina.authenticator.AuthenticatorBase.invoke(AuthenticatorBase.java:483)
	at org.apache.catalina.core.StandardHostValve.invoke(StandardHostValve.java:115)
	at org.apache.catalina.valves.ErrorReportValve.invoke(ErrorReportValve.java:93)
	at org.apache.catalina.valves.AbstractAccessLogValve.invoke(AbstractAccessLogValve.java:663)
	at org.apache.catalina.core.StandardEngineValve.invoke(StandardEngineValve.java:74)
	at org.apache.catalina.connector.CoyoteAdapter.service(CoyoteAdapter.java:342)
	at org.apache.coyote.http11.Http11Processor.service(Http11Processor.java:395)
	at org.apache.coyote.AbstractProcessorLight.process(AbstractProcessorLight.java:63)
	at org.apache.coyote.AbstractProtocol$ConnectionHandler.process(AbstractProtocol.java:905)
	at org.apache.tomcat.util.net.NioEndpoint$SocketProcessor.doRun(NioEndpoint.java:1746)
	at org.apache.tomcat.util.net.SocketProcessorBase.run(SocketProcessorBase.java:52)
	at org.apache.tomcat.util.threads.ThreadPoolExecutor.runWorker(ThreadPoolExecutor.java:1148)
	at org.apache.tomcat.util.threads.ThreadPoolExecutor$Worker.run(ThreadPoolExecutor.java:636)
	at org.apache.tomcat.util.threads.TaskThread$WrappingRunnable.run(TaskThread.java:63)
	at java.base/java.lang.Thread.run(Thread.java:833)
java.sql.SQLSyntaxErrorException: row column count mismatch
	at org.hsqldb.jdbc.JDBCUtil.sqlException(Unknown Source)
	at org.hsqldb.jdbc.JDBCUtil.sqlException(Unknown Source)
	at org.hsqldb.jdbc.JDBCPreparedStatement.<init>(Unknown Source)
	at org.hsqldb.jdbc.JDBCConnection.prepareStatement(Unknown Source)
	at pack.Facade.ajoutPersonne(Facade.java:24)
	at pack.Serv.doPost(Serv.java:49)
	at jakarta.servlet.http.HttpServlet.service(HttpServlet.java:645)
	at jakarta.servlet.http.HttpServlet.service(HttpServlet.java:716)
	at org.apache.catalina.core.ApplicationFilterChain.doFilter(ApplicationFilterChain.java:130)
	at org.apache.tomcat.websocket.server.WsFilter.doFilter(WsFilter.java:51)
	at org.apache.catalina.core.ApplicationFilterChain.doFilter(ApplicationFilterChain.java:109)
	at org.apache.catalina.core.StandardWrapperValve.invoke(StandardWrapperValve.java:167)
	at org.apache.catalina.core.StandardContextValve.invoke(StandardContextValve.java:79)
	at org.apache.catalina.authenticator.AuthenticatorBase.invoke(AuthenticatorBase.java:483)
	at org.apache.catalina.core.StandardHostValve.invoke(StandardHostValve.java:115)
	at org.apache.catalina.valves.ErrorReportValve.invoke(ErrorReportValve.java:93)
	at org.apache.catalina.valves.AbstractAccessLogValve.invoke(AbstractAccessLogValve.java:663)
	at org.apache.catalina.core.StandardEngineValve.invoke(StandardEngineValve.java:74)
	at org.apache.catalina.connector.CoyoteAdapter.service(CoyoteAdapter.java:342)
	at org.apache.coyote.http11.Http11Processor.service(Http11Processor.java:395)
	at org.apache.coyote.AbstractProcessorLight.process(AbstractProcessorLight.java:63)
	at org.apache.coyote.AbstractProtocol$ConnectionHandler.process(AbstractProtocol.java:905)
	at org.apache.tomcat.util.net.NioEndpoint$SocketProcessor.doRun(NioEndpoint.java:1746)
	at org.apache.tomcat.util.net.SocketProcessorBase.run(SocketProcessorBase.java:52)
	at org.apache.tomcat.util.threads.ThreadPoolExecutor.runWorker(ThreadPoolExecutor.java:1148)
	at org.apache.tomcat.util.threads.ThreadPoolExecutor$Worker.run(ThreadPoolExecutor.java:636)
	at org.apache.tomcat.util.threads.TaskThread$WrappingRunnable.run(TaskThread.java:63)
	at java.base/java.lang.Thread.run(Thread.java:833)
java.sql.SQLSyntaxErrorException: row column count mismatch
	at org.hsqldb.jdbc.JDBCUtil.sqlException(Unknown Source)
	at org.hsqldb.jdbc.JDBCUtil.sqlException(Unknown Source)
	at org.hsqldb.jdbc.JDBCPreparedStatement.<init>(Unknown Source)
	at org.hsqldb.jdbc.JDBCConnection.prepareStatement(Unknown Source)
	at pack.Facade.ajoutAdresse(Facade.java:39)
	at pack.Serv.doPost(Serv.java:55)
	at jakarta.servlet.http.HttpServlet.service(HttpServlet.java:645)
	at jakarta.servlet.http.HttpServlet.service(HttpServlet.java:716)
	at org.apache.catalina.core.ApplicationFilterChain.doFilter(ApplicationFilterChain.java:130)
	at org.apache.tomcat.websocket.server.WsFilter.doFilter(WsFilter.java:51)
	at org.apache.catalina.core.ApplicationFilterChain.doFilter(ApplicationFilterChain.java:109)
	at org.apache.catalina.core.StandardWrapperValve.invoke(StandardWrapperValve.java:167)
	at org.apache.catalina.core.StandardContextValve.invoke(StandardContextValve.java:79)
	at org.apache.catalina.authenticator.AuthenticatorBase.invoke(AuthenticatorBase.java:483)
	at org.apache.catalina.core.StandardHostValve.invoke(StandardHostValve.java:115)
	at org.apache.catalina.valves.ErrorReportValve.invoke(ErrorReportValve.java:93)
	at org.apache.catalina.valves.AbstractAccessLogValve.invoke(AbstractAccessLogValve.java:663)
	at org.apache.catalina.core.StandardEngineValve.invoke(StandardEngineValve.java:74)
	at org.apache.catalina.connector.CoyoteAdapter.service(CoyoteAdapter.java:342)
	at org.apache.coyote.http11.Http11Processor.service(Http11Processor.java:395)
	at org.apache.coyote.AbstractProcessorLight.process(AbstractProcessorLight.java:63)
	at org.apache.coyote.AbstractProtocol$ConnectionHandler.process(AbstractProtocol.java:905)
	at org.apache.tomcat.util.net.NioEndpoint$SocketProcessor.doRun(NioEndpoint.java:1746)
	at org.apache.tomcat.util.net.SocketProcessorBase.run(SocketProcessorBase.java:52)
	at org.apache.tomcat.util.threads.ThreadPoolExecutor.runWorker(ThreadPoolExecutor.java:1148)
	at org.apache.tomcat.util.threads.ThreadPoolExecutor$Worker.run(ThreadPoolExecutor.java:636)
	at org.apache.tomcat.util.threads.TaskThread$WrappingRunnable.run(TaskThread.java:63)
	at java.base/java.lang.Thread.run(Thread.java:833)
17-Feb-2026 15:07:00.898 INFO [Catalina-utility-2] org.apache.catalina.startup.HostConfig.undeploy Retrait de l'application web ayant pour chemin de contexte [/template]
17-Feb-2026 15:07:00.903 WARNING [Catalina-utility-2] org.apache.catalina.loader.WebappClassLoaderBase.clearReferencesJdbc L'application web [template] a enregistré un pilote JDBC [org.hsqldb.jdbc.JDBCDriver], mais ne l'a pas désenregistré avant l'arrêt de l'application.  Pour éviter une fuite de mémoire, le pilote JDBC a été désenregistré de force.
17-Feb-2026 15:07:01.232 INFO [Catalina-utility-2] org.apache.catalina.startup.HostConfig.deployWAR Déploiement de l'archive [/home/abi7287/2A/AW/TP2/apache-tomcat-11.0.1/webapps/template.war] de l'application web
17-Feb-2026 15:07:02.923 INFO [Catalina-utility-2] org.apache.jasper.servlet.TldScanner.scanJars Au moins un fichier JAR a été analysé pour trouver des TLDs mais il n'en contenait pas, le mode "debug" du journal peut être activé pour obtenir une liste complète de JAR scannés sans succès ; éviter d'analyser des JARs inutilement peut améliorer sensiblement le temps de démarrage et le temps de compilation des JSPs
17-Feb-2026 15:07:02.978 INFO [Catalina-utility-2] org.apache.catalina.startup.HostConfig.deployWAR Le déploiement de l'archive de l'application web [/home/abi7287/2A/AW/TP2/apache-tomcat-11.0.1/webapps/template.war] s'est terminé en [1 746] ms
java.sql.SQLException: Invalid argument in JDBC call: parameter index out of range: 3
	at org.hsqldb.jdbc.JDBCUtil.sqlException(Unknown Source)
	at org.hsqldb.jdbc.JDBCUtil.sqlException(Unknown Source)
	at org.hsqldb.jdbc.JDBCUtil.sqlException(Unknown Source)
	at org.hsqldb.jdbc.JDBCUtil.outOfRangeArgument(Unknown Source)
	at org.hsqldb.jdbc.JDBCPreparedStatement.checkSetParameterIndex(Unknown Source)
	at org.hsqldb.jdbc.JDBCPreparedStatement.setParameter(Unknown Source)
	at org.hsqldb.jdbc.JDBCPreparedStatement.setString(Unknown Source)
	at pack.Facade.ajoutAdresse(Facade.java:42)
	at pack.Serv.doPost(Serv.java:55)
	at jakarta.servlet.http.HttpServlet.service(HttpServlet.java:645)
	at jakarta.servlet.http.HttpServlet.service(HttpServlet.java:716)
	at org.apache.catalina.core.ApplicationFilterChain.doFilter(ApplicationFilterChain.java:130)
	at org.apache.tomcat.websocket.server.WsFilter.doFilter(WsFilter.java:51)
	at org.apache.catalina.core.ApplicationFilterChain.doFilter(ApplicationFilterChain.java:109)
	at org.apache.catalina.core.StandardWrapperValve.invoke(StandardWrapperValve.java:167)
	at org.apache.catalina.core.StandardContextValve.invoke(StandardContextValve.java:79)
	at org.apache.catalina.authenticator.AuthenticatorBase.invoke(AuthenticatorBase.java:483)
	at org.apache.catalina.core.StandardHostValve.invoke(StandardHostValve.java:115)
	at org.apache.catalina.valves.ErrorReportValve.invoke(ErrorReportValve.java:93)
	at org.apache.catalina.valves.AbstractAccessLogValve.invoke(AbstractAccessLogValve.java:663)
	at org.apache.catalina.core.StandardEngineValve.invoke(StandardEngineValve.java:74)
	at org.apache.catalina.connector.CoyoteAdapter.service(CoyoteAdapter.java:342)
	at org.apache.coyote.http11.Http11Processor.service(Http11Processor.java:395)
	at org.apache.coyote.AbstractProcessorLight.process(AbstractProcessorLight.java:63)
	at org.apache.coyote.AbstractProtocol$ConnectionHandler.process(AbstractProtocol.java:905)
	at org.apache.tomcat.util.net.NioEndpoint$SocketProcessor.doRun(NioEndpoint.java:1746)
	at org.apache.tomcat.util.net.SocketProcessorBase.run(SocketProcessorBase.java:52)
	at org.apache.tomcat.util.threads.ThreadPoolExecutor.runWorker(ThreadPoolExecutor.java:1148)
	at org.apache.tomcat.util.threads.ThreadPoolExecutor$Worker.run(ThreadPoolExecutor.java:636)
	at org.apache.tomcat.util.threads.TaskThread$WrappingRunnable.run(TaskThread.java:63)
	at java.base/java.lang.Thread.run(Thread.java:833)
Caused by: org.hsqldb.HsqlException: Invalid argument in JDBC call: parameter index out of range: 3
	at org.hsqldb.error.Error.error(Unknown Source)
	at org.hsqldb.error.Error.error(Unknown Source)
	... 29 more
java.sql.SQLException: Invalid argument in JDBC call: parameter index out of range: 3
	at org.hsqldb.jdbc.JDBCUtil.sqlException(Unknown Source)
	at org.hsqldb.jdbc.JDBCUtil.sqlException(Unknown Source)
	at org.hsqldb.jdbc.JDBCUtil.sqlException(Unknown Source)
	at org.hsqldb.jdbc.JDBCUtil.outOfRangeArgument(Unknown Source)
	at org.hsqldb.jdbc.JDBCPreparedStatement.checkSetParameterIndex(Unknown Source)
	at org.hsqldb.jdbc.JDBCPreparedStatement.setParameter(Unknown Source)
	at org.hsqldb.jdbc.JDBCPreparedStatement.setString(Unknown Source)
	at pack.Facade.ajoutPersonne(Facade.java:27)
	at pack.Serv.doPost(Serv.java:49)
	at jakarta.servlet.http.HttpServlet.service(HttpServlet.java:645)
	at jakarta.servlet.http.HttpServlet.service(HttpServlet.java:716)
	at org.apache.catalina.core.ApplicationFilterChain.doFilter(ApplicationFilterChain.java:130)
	at org.apache.tomcat.websocket.server.WsFilter.doFilter(WsFilter.java:51)
	at org.apache.catalina.core.ApplicationFilterChain.doFilter(ApplicationFilterChain.java:109)
	at org.apache.catalina.core.StandardWrapperValve.invoke(StandardWrapperValve.java:167)
	at org.apache.catalina.core.StandardContextValve.invoke(StandardContextValve.java:79)
	at org.apache.catalina.authenticator.AuthenticatorBase.invoke(AuthenticatorBase.java:483)
	at org.apache.catalina.core.StandardHostValve.invoke(StandardHostValve.java:115)
	at org.apache.catalina.valves.ErrorReportValve.invoke(ErrorReportValve.java:93)
	at org.apache.catalina.valves.AbstractAccessLogValve.invoke(AbstractAccessLogValve.java:663)
	at org.apache.catalina.core.StandardEngineValve.invoke(StandardEngineValve.java:74)
	at org.apache.catalina.connector.CoyoteAdapter.service(CoyoteAdapter.java:342)
	at org.apache.coyote.http11.Http11Processor.service(Http11Processor.java:395)
	at org.apache.coyote.AbstractProcessorLight.process(AbstractProcessorLight.java:63)
	at org.apache.coyote.AbstractProtocol$ConnectionHandler.process(AbstractProtocol.java:905)
	at org.apache.tomcat.util.net.NioEndpoint$SocketProcessor.doRun(NioEndpoint.java:1746)
	at org.apache.tomcat.util.net.SocketProcessorBase.run(SocketProcessorBase.java:52)
	at org.apache.tomcat.util.threads.ThreadPoolExecutor.runWorker(ThreadPoolExecutor.java:1148)
	at org.apache.tomcat.util.threads.ThreadPoolExecutor$Worker.run(ThreadPoolExecutor.java:636)
	at org.apache.tomcat.util.threads.TaskThread$WrappingRunnable.run(TaskThread.java:63)
	at java.base/java.lang.Thread.run(Thread.java:833)
Caused by: org.hsqldb.HsqlException: Invalid argument in JDBC call: parameter index out of range: 3
	at org.hsqldb.error.Error.error(Unknown Source)
	at org.hsqldb.error.Error.error(Unknown Source)
	... 29 more
java.sql.SQLException: Invalid argument in JDBC call: parameter index out of range: 3
	at org.hsqldb.jdbc.JDBCUtil.sqlException(Unknown Source)
	at org.hsqldb.jdbc.JDBCUtil.sqlException(Unknown Source)
	at org.hsqldb.jdbc.JDBCUtil.sqlException(Unknown Source)
	at org.hsqldb.jdbc.JDBCUtil.outOfRangeArgument(Unknown Source)
	at org.hsqldb.jdbc.JDBCPreparedStatement.checkSetParameterIndex(Unknown Source)
	at org.hsqldb.jdbc.JDBCPreparedStatement.setParameter(Unknown Source)
	at org.hsqldb.jdbc.JDBCPreparedStatement.setString(Unknown Source)
	at pack.Facade.ajoutAdresse(Facade.java:42)
	at pack.Serv.doPost(Serv.java:55)
	at jakarta.servlet.http.HttpServlet.service(HttpServlet.java:645)
	at jakarta.servlet.http.HttpServlet.service(HttpServlet.java:716)
	at org.apache.catalina.core.ApplicationFilterChain.doFilter(ApplicationFilterChain.java:130)
	at org.apache.tomcat.websocket.server.WsFilter.doFilter(WsFilter.java:51)
	at org.apache.catalina.core.ApplicationFilterChain.doFilter(ApplicationFilterChain.java:109)
	at org.apache.catalina.core.StandardWrapperValve.invoke(StandardWrapperValve.java:167)
	at org.apache.catalina.core.StandardContextValve.invoke(StandardContextValve.java:79)
	at org.apache.catalina.authenticator.AuthenticatorBase.invoke(AuthenticatorBase.java:483)
	at org.apache.catalina.core.StandardHostValve.invoke(StandardHostValve.java:115)
	at org.apache.catalina.valves.ErrorReportValve.invoke(ErrorReportValve.java:93)
	at org.apache.catalina.valves.AbstractAccessLogValve.invoke(AbstractAccessLogValve.java:663)
	at org.apache.catalina.core.StandardEngineValve.invoke(StandardEngineValve.java:74)
	at org.apache.catalina.connector.CoyoteAdapter.service(CoyoteAdapter.java:342)
	at org.apache.coyote.http11.Http11Processor.service(Http11Processor.java:395)
	at org.apache.coyote.AbstractProcessorLight.process(AbstractProcessorLight.java:63)
	at org.apache.coyote.AbstractProtocol$ConnectionHandler.process(AbstractProtocol.java:905)
	at org.apache.tomcat.util.net.NioEndpoint$SocketProcessor.doRun(NioEndpoint.java:1746)
	at org.apache.tomcat.util.net.SocketProcessorBase.run(SocketProcessorBase.java:52)
	at org.apache.tomcat.util.threads.ThreadPoolExecutor.runWorker(ThreadPoolExecutor.java:1148)
	at org.apache.tomcat.util.threads.ThreadPoolExecutor$Worker.run(ThreadPoolExecutor.java:636)
	at org.apache.tomcat.util.threads.TaskThread$WrappingRunnable.run(TaskThread.java:63)
	at java.base/java.lang.Thread.run(Thread.java:833)
Caused by: org.hsqldb.HsqlException: Invalid argument in JDBC call: parameter index out of range: 3
	at org.hsqldb.error.Error.error(Unknown Source)
	at org.hsqldb.error.Error.error(Unknown Source)
	... 29 more
java.sql.SQLException: Invalid argument in JDBC call: parameter index out of range: 3
	at org.hsqldb.jdbc.JDBCUtil.sqlException(Unknown Source)
	at org.hsqldb.jdbc.JDBCUtil.sqlException(Unknown Source)
	at org.hsqldb.jdbc.JDBCUtil.sqlException(Unknown Source)
	at org.hsqldb.jdbc.JDBCUtil.outOfRangeArgument(Unknown Source)
	at org.hsqldb.jdbc.JDBCPreparedStatement.checkSetParameterIndex(Unknown Source)
	at org.hsqldb.jdbc.JDBCPreparedStatement.setParameter(Unknown Source)
	at org.hsqldb.jdbc.JDBCPreparedStatement.setString(Unknown Source)
	at pack.Facade.ajoutPersonne(Facade.java:27)
	at pack.Serv.doPost(Serv.java:49)
	at jakarta.servlet.http.HttpServlet.service(HttpServlet.java:645)
	at jakarta.servlet.http.HttpServlet.service(HttpServlet.java:716)
	at org.apache.catalina.core.ApplicationFilterChain.doFilter(ApplicationFilterChain.java:130)
	at org.apache.tomcat.websocket.server.WsFilter.doFilter(WsFilter.java:51)
	at org.apache.catalina.core.ApplicationFilterChain.doFilter(ApplicationFilterChain.java:109)
	at org.apache.catalina.core.StandardWrapperValve.invoke(StandardWrapperValve.java:167)
	at org.apache.catalina.core.StandardContextValve.invoke(StandardContextValve.java:79)
	at org.apache.catalina.authenticator.AuthenticatorBase.invoke(AuthenticatorBase.java:483)
	at org.apache.catalina.core.StandardHostValve.invoke(StandardHostValve.java:115)
	at org.apache.catalina.valves.ErrorReportValve.invoke(ErrorReportValve.java:93)
	at org.apache.catalina.valves.AbstractAccessLogValve.invoke(AbstractAccessLogValve.java:663)
	at org.apache.catalina.core.StandardEngineValve.invoke(StandardEngineValve.java:74)
	at org.apache.catalina.connector.CoyoteAdapter.service(CoyoteAdapter.java:342)
	at org.apache.coyote.http11.Http11Processor.service(Http11Processor.java:395)
	at org.apache.coyote.AbstractProcessorLight.process(AbstractProcessorLight.java:63)
	at org.apache.coyote.AbstractProtocol$ConnectionHandler.process(AbstractProtocol.java:905)
	at org.apache.tomcat.util.net.NioEndpoint$SocketProcessor.doRun(NioEndpoint.java:1746)
	at org.apache.tomcat.util.net.SocketProcessorBase.run(SocketProcessorBase.java:52)
	at org.apache.tomcat.util.threads.ThreadPoolExecutor.runWorker(ThreadPoolExecutor.java:1148)
	at org.apache.tomcat.util.threads.ThreadPoolExecutor$Worker.run(ThreadPoolExecutor.java:636)
	at org.apache.tomcat.util.threads.TaskThread$WrappingRunnable.run(TaskThread.java:63)
	at java.base/java.lang.Thread.run(Thread.java:833)
Caused by: org.hsqldb.HsqlException: Invalid argument in JDBC call: parameter index out of range: 3
	at org.hsqldb.error.Error.error(Unknown Source)
	at org.hsqldb.error.Error.error(Unknown Source)
	... 29 more
java.sql.SQLException: Invalid argument in JDBC call: parameter index out of range: 3
	at org.hsqldb.jdbc.JDBCUtil.sqlException(Unknown Source)
	at org.hsqldb.jdbc.JDBCUtil.sqlException(Unknown Source)
	at org.hsqldb.jdbc.JDBCUtil.sqlException(Unknown Source)
	at org.hsqldb.jdbc.JDBCUtil.outOfRangeArgument(Unknown Source)
	at org.hsqldb.jdbc.JDBCPreparedStatement.checkSetParameterIndex(Unknown Source)
	at org.hsqldb.jdbc.JDBCPreparedStatement.setParameter(Unknown Source)
	at org.hsqldb.jdbc.JDBCPreparedStatement.setString(Unknown Source)
	at pack.Facade.ajoutPersonne(Facade.java:27)
	at pack.Serv.doPost(Serv.java:49)
	at jakarta.servlet.http.HttpServlet.service(HttpServlet.java:645)
	at jakarta.servlet.http.HttpServlet.service(HttpServlet.java:716)
	at org.apache.catalina.core.ApplicationFilterChain.doFilter(ApplicationFilterChain.java:130)
	at org.apache.tomcat.websocket.server.WsFilter.doFilter(WsFilter.java:51)
	at org.apache.catalina.core.ApplicationFilterChain.doFilter(ApplicationFilterChain.java:109)
	at org.apache.catalina.core.StandardWrapperValve.invoke(StandardWrapperValve.java:167)
	at org.apache.catalina.core.StandardContextValve.invoke(StandardContextValve.java:79)
	at org.apache.catalina.authenticator.AuthenticatorBase.invoke(AuthenticatorBase.java:483)
	at org.apache.catalina.core.StandardHostValve.invoke(StandardHostValve.java:115)
	at org.apache.catalina.valves.ErrorReportValve.invoke(ErrorReportValve.java:93)
	at org.apache.catalina.valves.AbstractAccessLogValve.invoke(AbstractAccessLogValve.java:663)
	at org.apache.catalina.core.StandardEngineValve.invoke(StandardEngineValve.java:74)
	at org.apache.catalina.connector.CoyoteAdapter.service(CoyoteAdapter.java:342)
	at org.apache.coyote.http11.Http11Processor.service(Http11Processor.java:395)
	at org.apache.coyote.AbstractProcessorLight.process(AbstractProcessorLight.java:63)
	at org.apache.coyote.AbstractProtocol$ConnectionHandler.process(AbstractProtocol.java:905)
	at org.apache.tomcat.util.net.NioEndpoint$SocketProcessor.doRun(NioEndpoint.java:1746)
	at org.apache.tomcat.util.net.SocketProcessorBase.run(SocketProcessorBase.java:52)
	at org.apache.tomcat.util.threads.ThreadPoolExecutor.runWorker(ThreadPoolExecutor.java:1148)
	at org.apache.tomcat.util.threads.ThreadPoolExecutor$Worker.run(ThreadPoolExecutor.java:636)
	at org.apache.tomcat.util.threads.TaskThread$WrappingRunnable.run(TaskThread.java:63)
	at java.base/java.lang.Thread.run(Thread.java:833)
Caused by: org.hsqldb.HsqlException: Invalid argument in JDBC call: parameter index out of range: 3
	at org.hsqldb.error.Error.error(Unknown Source)
	at org.hsqldb.error.Error.error(Unknown Source)
	... 29 more
java.sql.SQLException: Invalid argument in JDBC call: parameter index out of range: 3
	at org.hsqldb.jdbc.JDBCUtil.sqlException(Unknown Source)
	at org.hsqldb.jdbc.JDBCUtil.sqlException(Unknown Source)
	at org.hsqldb.jdbc.JDBCUtil.sqlException(Unknown Source)
	at org.hsqldb.jdbc.JDBCUtil.outOfRangeArgument(Unknown Source)
	at org.hsqldb.jdbc.JDBCPreparedStatement.checkSetParameterIndex(Unknown Source)
	at org.hsqldb.jdbc.JDBCPreparedStatement.setParameter(Unknown Source)
	at org.hsqldb.jdbc.JDBCPreparedStatement.setString(Unknown Source)
	at pack.Facade.ajoutPersonne(Facade.java:27)
	at pack.Serv.doPost(Serv.java:49)
	at jakarta.servlet.http.HttpServlet.service(HttpServlet.java:645)
	at jakarta.servlet.http.HttpServlet.service(HttpServlet.java:716)
	at org.apache.catalina.core.ApplicationFilterChain.doFilter(ApplicationFilterChain.java:130)
	at org.apache.tomcat.websocket.server.WsFilter.doFilter(WsFilter.java:51)
	at org.apache.catalina.core.ApplicationFilterChain.doFilter(ApplicationFilterChain.java:109)
	at org.apache.catalina.core.StandardWrapperValve.invoke(StandardWrapperValve.java:167)
	at org.apache.catalina.core.StandardContextValve.invoke(StandardContextValve.java:79)
	at org.apache.catalina.authenticator.AuthenticatorBase.invoke(AuthenticatorBase.java:483)
	at org.apache.catalina.core.StandardHostValve.invoke(StandardHostValve.java:115)
	at org.apache.catalina.valves.ErrorReportValve.invoke(ErrorReportValve.java:93)
	at org.apache.catalina.valves.AbstractAccessLogValve.invoke(AbstractAccessLogValve.java:663)
	at org.apache.catalina.core.StandardEngineValve.invoke(StandardEngineValve.java:74)
	at org.apache.catalina.connector.CoyoteAdapter.service(CoyoteAdapter.java:342)
	at org.apache.coyote.http11.Http11Processor.service(Http11Processor.java:395)
	at org.apache.coyote.AbstractProcessorLight.process(AbstractProcessorLight.java:63)
	at org.apache.coyote.AbstractProtocol$ConnectionHandler.process(AbstractProtocol.java:905)
	at org.apache.tomcat.util.net.NioEndpoint$SocketProcessor.doRun(NioEndpoint.java:1746)
	at org.apache.tomcat.util.net.SocketProcessorBase.run(SocketProcessorBase.java:52)
	at org.apache.tomcat.util.threads.ThreadPoolExecutor.runWorker(ThreadPoolExecutor.java:1148)
	at org.apache.tomcat.util.threads.ThreadPoolExecutor$Worker.run(ThreadPoolExecutor.java:636)
	at org.apache.tomcat.util.threads.TaskThread$WrappingRunnable.run(TaskThread.java:63)
	at java.base/java.lang.Thread.run(Thread.java:833)
Caused by: org.hsqldb.HsqlException: Invalid argument in JDBC call: parameter index out of range: 3
	at org.hsqldb.error.Error.error(Unknown Source)
	at org.hsqldb.error.Error.error(Unknown Source)
	... 29 more
17-Feb-2026 15:08:33.169 INFO [Catalina-utility-1] org.apache.catalina.startup.HostConfig.undeploy Retrait de l'application web ayant pour chemin de contexte [/template]
17-Feb-2026 15:08:33.172 WARNING [Catalina-utility-1] org.apache.catalina.loader.WebappClassLoaderBase.clearReferencesJdbc L'application web [template] a enregistré un pilote JDBC [org.hsqldb.jdbc.JDBCDriver], mais ne l'a pas désenregistré avant l'arrêt de l'application.  Pour éviter une fuite de mémoire, le pilote JDBC a été désenregistré de force.
17-Feb-2026 15:08:33.513 INFO [Catalina-utility-1] org.apache.catalina.startup.HostConfig.deployWAR Déploiement de l'archive [/home/abi7287/2A/AW/TP2/apache-tomcat-11.0.1/webapps/template.war] de l'application web
17-Feb-2026 15:08:34.821 INFO [Catalina-utility-1] org.apache.jasper.servlet.TldScanner.scanJars Au moins un fichier JAR a été analysé pour trouver des TLDs mais il n'en contenait pas, le mode "debug" du journal peut être activé pour obtenir une liste complète de JAR scannés sans succès ; éviter d'analyser des JARs inutilement peut améliorer sensiblement le temps de démarrage et le temps de compilation des JSPs
17-Feb-2026 15:08:34.864 INFO [Catalina-utility-1] org.apache.catalina.startup.HostConfig.deployWAR Le déploiement de l'archive de l'application web [/home/abi7287/2A/AW/TP2/apache-tomcat-11.0.1/webapps/template.war] s'est terminé en [1 351] ms
17-Feb-2026 15:11:05.038 INFO [Catalina-utility-1] org.apache.catalina.startup.HostConfig.undeploy Retrait de l'application web ayant pour chemin de contexte [/template]
17-Feb-2026 15:11:05.041 WARNING [Catalina-utility-1] org.apache.catalina.loader.WebappClassLoaderBase.clearReferencesJdbc L'application web [template] a enregistré un pilote JDBC [org.hsqldb.jdbc.JDBCDriver], mais ne l'a pas désenregistré avant l'arrêt de l'application.  Pour éviter une fuite de mémoire, le pilote JDBC a été désenregistré de force.
17-Feb-2026 15:11:05.368 INFO [Catalina-utility-1] org.apache.catalina.startup.HostConfig.deployWAR Déploiement de l'archive [/home/abi7287/2A/AW/TP2/apache-tomcat-11.0.1/webapps/template.war] de l'application web
17-Feb-2026 15:11:06.780 INFO [Catalina-utility-1] org.apache.jasper.servlet.TldScanner.scanJars Au moins un fichier JAR a été analysé pour trouver des TLDs mais il n'en contenait pas, le mode "debug" du journal peut être activé pour obtenir une liste complète de JAR scannés sans succès ; éviter d'analyser des JARs inutilement peut améliorer sensiblement le temps de démarrage et le temps de compilation des JSPs
17-Feb-2026 15:11:06.825 INFO [Catalina-utility-1] org.apache.catalina.startup.HostConfig.deployWAR Le déploiement de l'archive de l'application web [/home/abi7287/2A/AW/TP2/apache-tomcat-11.0.1/webapps/template.war] s'est terminé en [1 456] ms
java.sql.SQLTransientConnectionException: connection exception: connection failure: java.net.SocketException: Relais brisé (pipe)
	at org.hsqldb.jdbc.JDBCUtil.sqlException(Unknown Source)
	at org.hsqldb.jdbc.JDBCUtil.sqlException(Unknown Source)
	at org.hsqldb.jdbc.JDBCConnection.prepareStatement(Unknown Source)
	at pack.Facade.associer(Facade.java:94)
	at pack.Serv.doPost(Serv.java:63)
	at jakarta.servlet.http.HttpServlet.service(HttpServlet.java:645)
	at jakarta.servlet.http.HttpServlet.service(HttpServlet.java:716)
	at org.apache.catalina.core.ApplicationFilterChain.doFilter(ApplicationFilterChain.java:130)
	at org.apache.tomcat.websocket.server.WsFilter.doFilter(WsFilter.java:51)
	at org.apache.catalina.core.ApplicationFilterChain.doFilter(ApplicationFilterChain.java:109)
	at org.apache.catalina.core.StandardWrapperValve.invoke(StandardWrapperValve.java:167)
	at org.apache.catalina.core.StandardContextValve.invoke(StandardContextValve.java:79)
	at org.apache.catalina.authenticator.AuthenticatorBase.invoke(AuthenticatorBase.java:483)
	at org.apache.catalina.core.StandardHostValve.invoke(StandardHostValve.java:115)
	at org.apache.catalina.valves.ErrorReportValve.invoke(ErrorReportValve.java:93)
	at org.apache.catalina.valves.AbstractAccessLogValve.invoke(AbstractAccessLogValve.java:663)
	at org.apache.catalina.core.StandardEngineValve.invoke(StandardEngineValve.java:74)
	at org.apache.catalina.connector.CoyoteAdapter.service(CoyoteAdapter.java:342)
	at org.apache.coyote.http11.Http11Processor.service(Http11Processor.java:395)
	at org.apache.coyote.AbstractProcessorLight.process(AbstractProcessorLight.java:63)
	at org.apache.coyote.AbstractProtocol$ConnectionHandler.process(AbstractProtocol.java:905)
	at org.apache.tomcat.util.net.NioEndpoint$SocketProcessor.doRun(NioEndpoint.java:1746)
	at org.apache.tomcat.util.net.SocketProcessorBase.run(SocketProcessorBase.java:52)
	at org.apache.tomcat.util.threads.ThreadPoolExecutor.runWorker(ThreadPoolExecutor.java:1148)
	at org.apache.tomcat.util.threads.ThreadPoolExecutor$Worker.run(ThreadPoolExecutor.java:636)
	at org.apache.tomcat.util.threads.TaskThread$WrappingRunnable.run(TaskThread.java:63)
	at java.base/java.lang.Thread.run(Thread.java:833)
Caused by: org.hsqldb.HsqlException: connection exception: connection failure: java.net.SocketException: Relais brisé (pipe)
	at org.hsqldb.error.Error.error(Unknown Source)
	at org.hsqldb.error.Error.error(Unknown Source)
	at org.hsqldb.ClientConnection.execute(Unknown Source)
	at org.hsqldb.jdbc.JDBCPreparedStatement.<init>(Unknown Source)
	... 25 more
java.sql.SQLTransientConnectionException: connection exception: connection failure: java.net.SocketException: Relais brisé (pipe)
	at org.hsqldb.jdbc.JDBCUtil.sqlException(Unknown Source)
	at org.hsqldb.jdbc.JDBCUtil.sqlException(Unknown Source)
	at org.hsqldb.jdbc.JDBCConnection.prepareStatement(Unknown Source)
	at pack.Facade.associer(Facade.java:94)
	at pack.Serv.doPost(Serv.java:63)
	at jakarta.servlet.http.HttpServlet.service(HttpServlet.java:645)
	at jakarta.servlet.http.HttpServlet.service(HttpServlet.java:716)
	at org.apache.catalina.core.ApplicationFilterChain.doFilter(ApplicationFilterChain.java:130)
	at org.apache.tomcat.websocket.server.WsFilter.doFilter(WsFilter.java:51)
	at org.apache.catalina.core.ApplicationFilterChain.doFilter(ApplicationFilterChain.java:109)
	at org.apache.catalina.core.StandardWrapperValve.invoke(StandardWrapperValve.java:167)
	at org.apache.catalina.core.StandardContextValve.invoke(StandardContextValve.java:79)
	at org.apache.catalina.authenticator.AuthenticatorBase.invoke(AuthenticatorBase.java:483)
	at org.apache.catalina.core.StandardHostValve.invoke(StandardHostValve.java:115)
	at org.apache.catalina.valves.ErrorReportValve.invoke(ErrorReportValve.java:93)
	at org.apache.catalina.valves.AbstractAccessLogValve.invoke(AbstractAccessLogValve.java:663)
	at org.apache.catalina.core.StandardEngineValve.invoke(StandardEngineValve.java:74)
	at org.apache.catalina.connector.CoyoteAdapter.service(CoyoteAdapter.java:342)
	at org.apache.coyote.http11.Http11Processor.service(Http11Processor.java:395)
	at org.apache.coyote.AbstractProcessorLight.process(AbstractProcessorLight.java:63)
	at org.apache.coyote.AbstractProtocol$ConnectionHandler.process(AbstractProtocol.java:905)
	at org.apache.tomcat.util.net.NioEndpoint$SocketProcessor.doRun(NioEndpoint.java:1746)
	at org.apache.tomcat.util.net.SocketProcessorBase.run(SocketProcessorBase.java:52)
	at org.apache.tomcat.util.threads.ThreadPoolExecutor.runWorker(ThreadPoolExecutor.java:1148)
	at org.apache.tomcat.util.threads.ThreadPoolExecutor$Worker.run(ThreadPoolExecutor.java:636)
	at org.apache.tomcat.util.threads.TaskThread$WrappingRunnable.run(TaskThread.java:63)
	at java.base/java.lang.Thread.run(Thread.java:833)
Caused by: org.hsqldb.HsqlException: connection exception: connection failure: java.net.SocketException: Relais brisé (pipe)
	at org.hsqldb.error.Error.error(Unknown Source)
	at org.hsqldb.error.Error.error(Unknown Source)
	at org.hsqldb.ClientConnection.execute(Unknown Source)
	at org.hsqldb.jdbc.JDBCPreparedStatement.<init>(Unknown Source)
	... 25 more
java.sql.SQLTransientConnectionException: connection exception: connection failure: java.net.SocketException: Relais brisé (pipe)
	at org.hsqldb.jdbc.JDBCUtil.sqlException(Unknown Source)
	at org.hsqldb.jdbc.JDBCUtil.sqlException(Unknown Source)
	at org.hsqldb.jdbc.JDBCConnection.prepareStatement(Unknown Source)
	at pack.Facade.listePersonnes(Facade.java:55)
	at pack.Serv.doGet(Serv.java:28)
	at jakarta.servlet.http.HttpServlet.service(HttpServlet.java:619)
	at jakarta.servlet.http.HttpServlet.service(HttpServlet.java:716)
	at org.apache.catalina.core.ApplicationFilterChain.doFilter(ApplicationFilterChain.java:130)
	at org.apache.tomcat.websocket.server.WsFilter.doFilter(WsFilter.java:51)
	at org.apache.catalina.core.ApplicationFilterChain.doFilter(ApplicationFilterChain.java:109)
	at org.apache.catalina.core.StandardWrapperValve.invoke(StandardWrapperValve.java:167)
	at org.apache.catalina.core.StandardContextValve.invoke(StandardContextValve.java:79)
	at org.apache.catalina.authenticator.AuthenticatorBase.invoke(AuthenticatorBase.java:483)
	at org.apache.catalina.core.StandardHostValve.invoke(StandardHostValve.java:115)
	at org.apache.catalina.valves.ErrorReportValve.invoke(ErrorReportValve.java:93)
	at org.apache.catalina.valves.AbstractAccessLogValve.invoke(AbstractAccessLogValve.java:663)
	at org.apache.catalina.core.StandardEngineValve.invoke(StandardEngineValve.java:74)
	at org.apache.catalina.connector.CoyoteAdapter.service(CoyoteAdapter.java:342)
	at org.apache.coyote.http11.Http11Processor.service(Http11Processor.java:395)
	at org.apache.coyote.AbstractProcessorLight.process(AbstractProcessorLight.java:63)
	at org.apache.coyote.AbstractProtocol$ConnectionHandler.process(AbstractProtocol.java:905)
	at org.apache.tomcat.util.net.NioEndpoint$SocketProcessor.doRun(NioEndpoint.java:1746)
	at org.apache.tomcat.util.net.SocketProcessorBase.run(SocketProcessorBase.java:52)
	at org.apache.tomcat.util.threads.ThreadPoolExecutor.runWorker(ThreadPoolExecutor.java:1148)
	at org.apache.tomcat.util.threads.ThreadPoolExecutor$Worker.run(ThreadPoolExecutor.java:636)
	at org.apache.tomcat.util.threads.TaskThread$WrappingRunnable.run(TaskThread.java:63)
	at java.base/java.lang.Thread.run(Thread.java:833)
Caused by: org.hsqldb.HsqlException: connection exception: connection failure: java.net.SocketException: Relais brisé (pipe)
	at org.hsqldb.error.Error.error(Unknown Source)
	at org.hsqldb.error.Error.error(Unknown Source)
	at org.hsqldb.ClientConnection.execute(Unknown Source)
	at org.hsqldb.jdbc.JDBCPreparedStatement.<init>(Unknown Source)
	... 25 more
java.sql.SQLTransientConnectionException: connection exception: connection failure: java.net.SocketException: Relais brisé (pipe)
	at org.hsqldb.jdbc.JDBCUtil.sqlException(Unknown Source)
	at org.hsqldb.jdbc.JDBCUtil.sqlException(Unknown Source)
	at org.hsqldb.jdbc.JDBCConnection.prepareStatement(Unknown Source)
	at pack.Facade.listePersonnes(Facade.java:55)
	at pack.Serv.doGet(Serv.java:28)
	at jakarta.servlet.http.HttpServlet.service(HttpServlet.java:619)
	at jakarta.servlet.http.HttpServlet.service(HttpServlet.java:716)
	at org.apache.catalina.core.ApplicationFilterChain.doFilter(ApplicationFilterChain.java:130)
	at org.apache.tomcat.websocket.server.WsFilter.doFilter(WsFilter.java:51)
	at org.apache.catalina.core.ApplicationFilterChain.doFilter(ApplicationFilterChain.java:109)
	at org.apache.catalina.core.StandardWrapperValve.invoke(StandardWrapperValve.java:167)
	at org.apache.catalina.core.StandardContextValve.invoke(StandardContextValve.java:79)
	at org.apache.catalina.authenticator.AuthenticatorBase.invoke(AuthenticatorBase.java:483)
	at org.apache.catalina.core.StandardHostValve.invoke(StandardHostValve.java:115)
	at org.apache.catalina.valves.ErrorReportValve.invoke(ErrorReportValve.java:93)
	at org.apache.catalina.valves.AbstractAccessLogValve.invoke(AbstractAccessLogValve.java:663)
	at org.apache.catalina.core.StandardEngineValve.invoke(StandardEngineValve.java:74)
	at org.apache.catalina.connector.CoyoteAdapter.service(CoyoteAdapter.java:342)
	at org.apache.coyote.http11.Http11Processor.service(Http11Processor.java:395)
	at org.apache.coyote.AbstractProcessorLight.process(AbstractProcessorLight.java:63)
	at org.apache.coyote.AbstractProtocol$ConnectionHandler.process(AbstractProtocol.java:905)
	at org.apache.tomcat.util.net.NioEndpoint$SocketProcessor.doRun(NioEndpoint.java:1746)
	at org.apache.tomcat.util.net.SocketProcessorBase.run(SocketProcessorBase.java:52)
	at org.apache.tomcat.util.threads.ThreadPoolExecutor.runWorker(ThreadPoolExecutor.java:1148)
	at org.apache.tomcat.util.threads.ThreadPoolExecutor$Worker.run(ThreadPoolExecutor.java:636)
	at org.apache.tomcat.util.threads.TaskThread$WrappingRunnable.run(TaskThread.java:63)
	at java.base/java.lang.Thread.run(Thread.java:833)
Caused by: org.hsqldb.HsqlException: connection exception: connection failure: java.net.SocketException: Relais brisé (pipe)
	at org.hsqldb.error.Error.error(Unknown Source)
	at org.hsqldb.error.Error.error(Unknown Source)
	at org.hsqldb.ClientConnection.execute(Unknown Source)
	at org.hsqldb.jdbc.JDBCPreparedStatement.<init>(Unknown Source)
	... 25 more
java.sql.SQLTransientConnectionException: connection exception: connection failure: java.net.SocketException: Relais brisé (pipe)
	at org.hsqldb.jdbc.JDBCUtil.sqlException(Unknown Source)
	at org.hsqldb.jdbc.JDBCUtil.sqlException(Unknown Source)
	at org.hsqldb.jdbc.JDBCConnection.prepareStatement(Unknown Source)
	at pack.Facade.ajoutPersonne(Facade.java:24)
	at pack.Serv.doPost(Serv.java:49)
	at jakarta.servlet.http.HttpServlet.service(HttpServlet.java:645)
	at jakarta.servlet.http.HttpServlet.service(HttpServlet.java:716)
	at org.apache.catalina.core.ApplicationFilterChain.doFilter(ApplicationFilterChain.java:130)
	at org.apache.tomcat.websocket.server.WsFilter.doFilter(WsFilter.java:51)
	at org.apache.catalina.core.ApplicationFilterChain.doFilter(ApplicationFilterChain.java:109)
	at org.apache.catalina.core.StandardWrapperValve.invoke(StandardWrapperValve.java:167)
	at org.apache.catalina.core.StandardContextValve.invoke(StandardContextValve.java:79)
	at org.apache.catalina.authenticator.AuthenticatorBase.invoke(AuthenticatorBase.java:483)
	at org.apache.catalina.core.StandardHostValve.invoke(StandardHostValve.java:115)
	at org.apache.catalina.valves.ErrorReportValve.invoke(ErrorReportValve.java:93)
	at org.apache.catalina.valves.AbstractAccessLogValve.invoke(AbstractAccessLogValve.java:663)
	at org.apache.catalina.core.StandardEngineValve.invoke(StandardEngineValve.java:74)
	at org.apache.catalina.connector.CoyoteAdapter.service(CoyoteAdapter.java:342)
	at org.apache.coyote.http11.Http11Processor.service(Http11Processor.java:395)
	at org.apache.coyote.AbstractProcessorLight.process(AbstractProcessorLight.java:63)
	at org.apache.coyote.AbstractProtocol$ConnectionHandler.process(AbstractProtocol.java:905)
	at org.apache.tomcat.util.net.NioEndpoint$SocketProcessor.doRun(NioEndpoint.java:1746)
	at org.apache.tomcat.util.net.SocketProcessorBase.run(SocketProcessorBase.java:52)
	at org.apache.tomcat.util.threads.ThreadPoolExecutor.runWorker(ThreadPoolExecutor.java:1148)
	at org.apache.tomcat.util.threads.ThreadPoolExecutor$Worker.run(ThreadPoolExecutor.java:636)
	at org.apache.tomcat.util.threads.TaskThread$WrappingRunnable.run(TaskThread.java:63)
	at java.base/java.lang.Thread.run(Thread.java:833)
Caused by: org.hsqldb.HsqlException: connection exception: connection failure: java.net.SocketException: Relais brisé (pipe)
	at org.hsqldb.error.Error.error(Unknown Source)
	at org.hsqldb.error.Error.error(Unknown Source)
	at org.hsqldb.ClientConnection.execute(Unknown Source)
	at org.hsqldb.jdbc.JDBCPreparedStatement.<init>(Unknown Source)
	... 25 more
java.sql.SQLTransientConnectionException: connection exception: connection failure: java.net.SocketException: Relais brisé (pipe)
	at org.hsqldb.jdbc.JDBCUtil.sqlException(Unknown Source)
	at org.hsqldb.jdbc.JDBCUtil.sqlException(Unknown Source)
	at org.hsqldb.jdbc.JDBCConnection.prepareStatement(Unknown Source)
	at pack.Facade.ajoutAdresse(Facade.java:39)
	at pack.Serv.doPost(Serv.java:55)
	at jakarta.servlet.http.HttpServlet.service(HttpServlet.java:645)
	at jakarta.servlet.http.HttpServlet.service(HttpServlet.java:716)
	at org.apache.catalina.core.ApplicationFilterChain.doFilter(ApplicationFilterChain.java:130)
	at org.apache.tomcat.websocket.server.WsFilter.doFilter(WsFilter.java:51)
	at org.apache.catalina.core.ApplicationFilterChain.doFilter(ApplicationFilterChain.java:109)
	at org.apache.catalina.core.StandardWrapperValve.invoke(StandardWrapperValve.java:167)
	at org.apache.catalina.core.StandardContextValve.invoke(StandardContextValve.java:79)
	at org.apache.catalina.authenticator.AuthenticatorBase.invoke(AuthenticatorBase.java:483)
	at org.apache.catalina.core.StandardHostValve.invoke(StandardHostValve.java:115)
	at org.apache.catalina.valves.ErrorReportValve.invoke(ErrorReportValve.java:93)
	at org.apache.catalina.valves.AbstractAccessLogValve.invoke(AbstractAccessLogValve.java:663)
	at org.apache.catalina.core.StandardEngineValve.invoke(StandardEngineValve.java:74)
	at org.apache.catalina.connector.CoyoteAdapter.service(CoyoteAdapter.java:342)
	at org.apache.coyote.http11.Http11Processor.service(Http11Processor.java:395)
	at org.apache.coyote.AbstractProcessorLight.process(AbstractProcessorLight.java:63)
	at org.apache.coyote.AbstractProtocol$ConnectionHandler.process(AbstractProtocol.java:905)
	at org.apache.tomcat.util.net.NioEndpoint$SocketProcessor.doRun(NioEndpoint.java:1746)
	at org.apache.tomcat.util.net.SocketProcessorBase.run(SocketProcessorBase.java:52)
	at org.apache.tomcat.util.threads.ThreadPoolExecutor.runWorker(ThreadPoolExecutor.java:1148)
	at org.apache.tomcat.util.threads.ThreadPoolExecutor$Worker.run(ThreadPoolExecutor.java:636)
	at org.apache.tomcat.util.threads.TaskThread$WrappingRunnable.run(TaskThread.java:63)
	at java.base/java.lang.Thread.run(Thread.java:833)
Caused by: org.hsqldb.HsqlException: connection exception: connection failure: java.net.SocketException: Relais brisé (pipe)
	at org.hsqldb.error.Error.error(Unknown Source)
	at org.hsqldb.error.Error.error(Unknown Source)
	at org.hsqldb.ClientConnection.execute(Unknown Source)
	at org.hsqldb.jdbc.JDBCPreparedStatement.<init>(Unknown Source)
	... 25 more
java.sql.SQLTransientConnectionException: connection exception: connection failure: java.net.SocketException: Relais brisé (pipe)
	at org.hsqldb.jdbc.JDBCUtil.sqlException(Unknown Source)
	at org.hsqldb.jdbc.JDBCUtil.sqlException(Unknown Source)
	at org.hsqldb.jdbc.JDBCConnection.prepareStatement(Unknown Source)
	at pack.Facade.listePersonnes(Facade.java:55)
	at pack.Serv.doGet(Serv.java:28)
	at jakarta.servlet.http.HttpServlet.service(HttpServlet.java:619)
	at jakarta.servlet.http.HttpServlet.service(HttpServlet.java:716)
	at org.apache.catalina.core.ApplicationFilterChain.doFilter(ApplicationFilterChain.java:130)
	at org.apache.tomcat.websocket.server.WsFilter.doFilter(WsFilter.java:51)
	at org.apache.catalina.core.ApplicationFilterChain.doFilter(ApplicationFilterChain.java:109)
	at org.apache.catalina.core.StandardWrapperValve.invoke(StandardWrapperValve.java:167)
	at org.apache.catalina.core.StandardContextValve.invoke(StandardContextValve.java:79)
	at org.apache.catalina.authenticator.AuthenticatorBase.invoke(AuthenticatorBase.java:483)
	at org.apache.catalina.core.StandardHostValve.invoke(StandardHostValve.java:115)
	at org.apache.catalina.valves.ErrorReportValve.invoke(ErrorReportValve.java:93)
	at org.apache.catalina.valves.AbstractAccessLogValve.invoke(AbstractAccessLogValve.java:663)
	at org.apache.catalina.core.StandardEngineValve.invoke(StandardEngineValve.java:74)
	at org.apache.catalina.connector.CoyoteAdapter.service(CoyoteAdapter.java:342)
	at org.apache.coyote.http11.Http11Processor.service(Http11Processor.java:395)
	at org.apache.coyote.AbstractProcessorLight.process(AbstractProcessorLight.java:63)
	at org.apache.coyote.AbstractProtocol$ConnectionHandler.process(AbstractProtocol.java:905)
	at org.apache.tomcat.util.net.NioEndpoint$SocketProcessor.doRun(NioEndpoint.java:1746)
	at org.apache.tomcat.util.net.SocketProcessorBase.run(SocketProcessorBase.java:52)
	at org.apache.tomcat.util.threads.ThreadPoolExecutor.runWorker(ThreadPoolExecutor.java:1148)
	at org.apache.tomcat.util.threads.ThreadPoolExecutor$Worker.run(ThreadPoolExecutor.java:636)
	at org.apache.tomcat.util.threads.TaskThread$WrappingRunnable.run(TaskThread.java:63)
	at java.base/java.lang.Thread.run(Thread.java:833)
Caused by: org.hsqldb.HsqlException: connection exception: connection failure: java.net.SocketException: Relais brisé (pipe)
	at org.hsqldb.error.Error.error(Unknown Source)
	at org.hsqldb.error.Error.error(Unknown Source)
	at org.hsqldb.ClientConnection.execute(Unknown Source)
	at org.hsqldb.jdbc.JDBCPreparedStatement.<init>(Unknown Source)
	... 25 more
java.sql.SQLTransientConnectionException: connection exception: connection failure: java.net.SocketException: Relais brisé (pipe)
	at org.hsqldb.jdbc.JDBCUtil.sqlException(Unknown Source)
	at org.hsqldb.jdbc.JDBCUtil.sqlException(Unknown Source)
	at org.hsqldb.jdbc.JDBCConnection.prepareStatement(Unknown Source)
	at pack.Facade.listePersonnes(Facade.java:55)
	at pack.Serv.doGet(Serv.java:28)
	at jakarta.servlet.http.HttpServlet.service(HttpServlet.java:619)
	at jakarta.servlet.http.HttpServlet.service(HttpServlet.java:716)
	at org.apache.catalina.core.ApplicationFilterChain.doFilter(ApplicationFilterChain.java:130)
	at org.apache.tomcat.websocket.server.WsFilter.doFilter(WsFilter.java:51)
	at org.apache.catalina.core.ApplicationFilterChain.doFilter(ApplicationFilterChain.java:109)
	at org.apache.catalina.core.StandardWrapperValve.invoke(StandardWrapperValve.java:167)
	at org.apache.catalina.core.StandardContextValve.invoke(StandardContextValve.java:79)
	at org.apache.catalina.authenticator.AuthenticatorBase.invoke(AuthenticatorBase.java:483)
	at org.apache.catalina.core.StandardHostValve.invoke(StandardHostValve.java:115)
	at org.apache.catalina.valves.ErrorReportValve.invoke(ErrorReportValve.java:93)
	at org.apache.catalina.valves.AbstractAccessLogValve.invoke(AbstractAccessLogValve.java:663)
	at org.apache.catalina.core.StandardEngineValve.invoke(StandardEngineValve.java:74)
	at org.apache.catalina.connector.CoyoteAdapter.service(CoyoteAdapter.java:342)
	at org.apache.coyote.http11.Http11Processor.service(Http11Processor.java:395)
	at org.apache.coyote.AbstractProcessorLight.process(AbstractProcessorLight.java:63)
	at org.apache.coyote.AbstractProtocol$ConnectionHandler.process(AbstractProtocol.java:905)
	at org.apache.tomcat.util.net.NioEndpoint$SocketProcessor.doRun(NioEndpoint.java:1746)
	at org.apache.tomcat.util.net.SocketProcessorBase.run(SocketProcessorBase.java:52)
	at org.apache.tomcat.util.threads.ThreadPoolExecutor.runWorker(ThreadPoolExecutor.java:1148)
	at org.apache.tomcat.util.threads.ThreadPoolExecutor$Worker.run(ThreadPoolExecutor.java:636)
	at org.apache.tomcat.util.threads.TaskThread$WrappingRunnable.run(TaskThread.java:63)
	at java.base/java.lang.Thread.run(Thread.java:833)
Caused by: org.hsqldb.HsqlException: connection exception: connection failure: java.net.SocketException: Relais brisé (pipe)
	at org.hsqldb.error.Error.error(Unknown Source)
	at org.hsqldb.error.Error.error(Unknown Source)
	at org.hsqldb.ClientConnection.execute(Unknown Source)
	at org.hsqldb.jdbc.JDBCPreparedStatement.<init>(Unknown Source)
	... 25 more
java.sql.SQLTransientConnectionException: connection exception: connection failure: java.net.SocketException: Relais brisé (pipe)
	at org.hsqldb.jdbc.JDBCUtil.sqlException(Unknown Source)
	at org.hsqldb.jdbc.JDBCUtil.sqlException(Unknown Source)
	at org.hsqldb.jdbc.JDBCConnection.prepareStatement(Unknown Source)
	at pack.Facade.listePersonnes(Facade.java:55)
	at pack.Serv.doGet(Serv.java:34)
	at jakarta.servlet.http.HttpServlet.service(HttpServlet.java:619)
	at jakarta.servlet.http.HttpServlet.service(HttpServlet.java:716)
	at org.apache.catalina.core.ApplicationFilterChain.doFilter(ApplicationFilterChain.java:130)
	at org.apache.tomcat.websocket.server.WsFilter.doFilter(WsFilter.java:51)
	at org.apache.catalina.core.ApplicationFilterChain.doFilter(ApplicationFilterChain.java:109)
	at org.apache.catalina.core.StandardWrapperValve.invoke(StandardWrapperValve.java:167)
	at org.apache.catalina.core.StandardContextValve.invoke(StandardContextValve.java:79)
	at org.apache.catalina.authenticator.AuthenticatorBase.invoke(AuthenticatorBase.java:483)
	at org.apache.catalina.core.StandardHostValve.invoke(StandardHostValve.java:115)
	at org.apache.catalina.valves.ErrorReportValve.invoke(ErrorReportValve.java:93)
	at org.apache.catalina.valves.AbstractAccessLogValve.invoke(AbstractAccessLogValve.java:663)
	at org.apache.catalina.core.StandardEngineValve.invoke(StandardEngineValve.java:74)
	at org.apache.catalina.connector.CoyoteAdapter.service(CoyoteAdapter.java:342)
	at org.apache.coyote.http11.Http11Processor.service(Http11Processor.java:395)
	at org.apache.coyote.AbstractProcessorLight.process(AbstractProcessorLight.java:63)
	at org.apache.coyote.AbstractProtocol$ConnectionHandler.process(AbstractProtocol.java:905)
	at org.apache.tomcat.util.net.NioEndpoint$SocketProcessor.doRun(NioEndpoint.java:1746)
	at org.apache.tomcat.util.net.SocketProcessorBase.run(SocketProcessorBase.java:52)
	at org.apache.tomcat.util.threads.ThreadPoolExecutor.runWorker(ThreadPoolExecutor.java:1148)
	at org.apache.tomcat.util.threads.ThreadPoolExecutor$Worker.run(ThreadPoolExecutor.java:636)
	at org.apache.tomcat.util.threads.TaskThread$WrappingRunnable.run(TaskThread.java:63)
	at java.base/java.lang.Thread.run(Thread.java:833)
Caused by: org.hsqldb.HsqlException: connection exception: connection failure: java.net.SocketException: Relais brisé (pipe)
	at org.hsqldb.error.Error.error(Unknown Source)
	at org.hsqldb.error.Error.error(Unknown Source)
	at org.hsqldb.ClientConnection.execute(Unknown Source)
	at org.hsqldb.jdbc.JDBCPreparedStatement.<init>(Unknown Source)
	... 25 more
java.sql.SQLTransientConnectionException: connection exception: connection failure: java.net.SocketException: Relais brisé (pipe)
	at org.hsqldb.jdbc.JDBCUtil.sqlException(Unknown Source)
	at org.hsqldb.jdbc.JDBCUtil.sqlException(Unknown Source)
	at org.hsqldb.jdbc.JDBCConnection.prepareStatement(Unknown Source)
	at pack.Facade.listePersonnes(Facade.java:55)
	at pack.Serv.doGet(Serv.java:34)
	at jakarta.servlet.http.HttpServlet.service(HttpServlet.java:619)
	at jakarta.servlet.http.HttpServlet.service(HttpServlet.java:716)
	at org.apache.catalina.core.ApplicationFilterChain.doFilter(ApplicationFilterChain.java:130)
	at org.apache.tomcat.websocket.server.WsFilter.doFilter(WsFilter.java:51)
	at org.apache.catalina.core.ApplicationFilterChain.doFilter(ApplicationFilterChain.java:109)
	at org.apache.catalina.core.StandardWrapperValve.invoke(StandardWrapperValve.java:167)
	at org.apache.catalina.core.StandardContextValve.invoke(StandardContextValve.java:79)
	at org.apache.catalina.authenticator.AuthenticatorBase.invoke(AuthenticatorBase.java:483)
	at org.apache.catalina.core.StandardHostValve.invoke(StandardHostValve.java:115)
	at org.apache.catalina.valves.ErrorReportValve.invoke(ErrorReportValve.java:93)
	at org.apache.catalina.valves.AbstractAccessLogValve.invoke(AbstractAccessLogValve.java:663)
	at org.apache.catalina.core.StandardEngineValve.invoke(StandardEngineValve.java:74)
	at org.apache.catalina.connector.CoyoteAdapter.service(CoyoteAdapter.java:342)
	at org.apache.coyote.http11.Http11Processor.service(Http11Processor.java:395)
	at org.apache.coyote.AbstractProcessorLight.process(AbstractProcessorLight.java:63)
	at org.apache.coyote.AbstractProtocol$ConnectionHandler.process(AbstractProtocol.java:905)
	at org.apache.tomcat.util.net.NioEndpoint$SocketProcessor.doRun(NioEndpoint.java:1746)
	at org.apache.tomcat.util.net.SocketProcessorBase.run(SocketProcessorBase.java:52)
	at org.apache.tomcat.util.threads.ThreadPoolExecutor.runWorker(ThreadPoolExecutor.java:1148)
	at org.apache.tomcat.util.threads.ThreadPoolExecutor$Worker.run(ThreadPoolExecutor.java:636)
	at org.apache.tomcat.util.threads.TaskThread$WrappingRunnable.run(TaskThread.java:63)
	at java.base/java.lang.Thread.run(Thread.java:833)
Caused by: org.hsqldb.HsqlException: connection exception: connection failure: java.net.SocketException: Relais brisé (pipe)
	at org.hsqldb.error.Error.error(Unknown Source)
	at org.hsqldb.error.Error.error(Unknown Source)
	at org.hsqldb.ClientConnection.execute(Unknown Source)
	at org.hsqldb.jdbc.JDBCPreparedStatement.<init>(Unknown Source)
	... 25 more
java.sql.SQLTransientConnectionException: connection exception: connection failure: java.net.SocketException: Relais brisé (pipe)
	at org.hsqldb.jdbc.JDBCUtil.sqlException(Unknown Source)
	at org.hsqldb.jdbc.JDBCUtil.sqlException(Unknown Source)
	at org.hsqldb.jdbc.JDBCConnection.prepareStatement(Unknown Source)
	at pack.Facade.listePersonnes(Facade.java:55)
	at pack.Serv.doGet(Serv.java:34)
	at jakarta.servlet.http.HttpServlet.service(HttpServlet.java:619)
	at jakarta.servlet.http.HttpServlet.service(HttpServlet.java:716)
	at org.apache.catalina.core.ApplicationFilterChain.doFilter(ApplicationFilterChain.java:130)
	at org.apache.tomcat.websocket.server.WsFilter.doFilter(WsFilter.java:51)
	at org.apache.catalina.core.ApplicationFilterChain.doFilter(ApplicationFilterChain.java:109)
	at org.apache.catalina.core.StandardWrapperValve.invoke(StandardWrapperValve.java:167)
	at org.apache.catalina.core.StandardContextValve.invoke(StandardContextValve.java:79)
	at org.apache.catalina.authenticator.AuthenticatorBase.invoke(AuthenticatorBase.java:483)
	at org.apache.catalina.core.StandardHostValve.invoke(StandardHostValve.java:115)
	at org.apache.catalina.valves.ErrorReportValve.invoke(ErrorReportValve.java:93)
	at org.apache.catalina.valves.AbstractAccessLogValve.invoke(AbstractAccessLogValve.java:663)
	at org.apache.catalina.core.StandardEngineValve.invoke(StandardEngineValve.java:74)
	at org.apache.catalina.connector.CoyoteAdapter.service(CoyoteAdapter.java:342)
	at org.apache.coyote.http11.Http11Processor.service(Http11Processor.java:395)
	at org.apache.coyote.AbstractProcessorLight.process(AbstractProcessorLight.java:63)
	at org.apache.coyote.AbstractProtocol$ConnectionHandler.process(AbstractProtocol.java:905)
	at org.apache.tomcat.util.net.NioEndpoint$SocketProcessor.doRun(NioEndpoint.java:1746)
	at org.apache.tomcat.util.net.SocketProcessorBase.run(SocketProcessorBase.java:52)
	at org.apache.tomcat.util.threads.ThreadPoolExecutor.runWorker(ThreadPoolExecutor.java:1148)
	at org.apache.tomcat.util.threads.ThreadPoolExecutor$Worker.run(ThreadPoolExecutor.java:636)
	at org.apache.tomcat.util.threads.TaskThread$WrappingRunnable.run(TaskThread.java:63)
	at java.base/java.lang.Thread.run(Thread.java:833)
Caused by: org.hsqldb.HsqlException: connection exception: connection failure: java.net.SocketException: Relais brisé (pipe)
	at org.hsqldb.error.Error.error(Unknown Source)
	at org.hsqldb.error.Error.error(Unknown Source)
	at org.hsqldb.ClientConnection.execute(Unknown Source)
	at org.hsqldb.jdbc.JDBCPreparedStatement.<init>(Unknown Source)
	... 25 more
java.sql.SQLTransientConnectionException: connection exception: connection failure: java.net.SocketException: Relais brisé (pipe)
	at org.hsqldb.jdbc.JDBCUtil.sqlException(Unknown Source)
	at org.hsqldb.jdbc.JDBCUtil.sqlException(Unknown Source)
	at org.hsqldb.jdbc.JDBCConnection.prepareStatement(Unknown Source)
	at pack.Facade.listePersonnes(Facade.java:55)
	at pack.Serv.doGet(Serv.java:34)
	at jakarta.servlet.http.HttpServlet.service(HttpServlet.java:619)
	at jakarta.servlet.http.HttpServlet.service(HttpServlet.java:716)
	at org.apache.catalina.core.ApplicationFilterChain.doFilter(ApplicationFilterChain.java:130)
	at org.apache.tomcat.websocket.server.WsFilter.doFilter(WsFilter.java:51)
	at org.apache.catalina.core.ApplicationFilterChain.doFilter(ApplicationFilterChain.java:109)
	at org.apache.catalina.core.StandardWrapperValve.invoke(StandardWrapperValve.java:167)
	at org.apache.catalina.core.StandardContextValve.invoke(StandardContextValve.java:79)
	at org.apache.catalina.authenticator.AuthenticatorBase.invoke(AuthenticatorBase.java:483)
	at org.apache.catalina.core.StandardHostValve.invoke(StandardHostValve.java:115)
	at org.apache.catalina.valves.ErrorReportValve.invoke(ErrorReportValve.java:93)
	at org.apache.catalina.valves.AbstractAccessLogValve.invoke(AbstractAccessLogValve.java:663)
	at org.apache.catalina.core.StandardEngineValve.invoke(StandardEngineValve.java:74)
	at org.apache.catalina.connector.CoyoteAdapter.service(CoyoteAdapter.java:342)
	at org.apache.coyote.http11.Http11Processor.service(Http11Processor.java:395)
	at org.apache.coyote.AbstractProcessorLight.process(AbstractProcessorLight.java:63)
	at org.apache.coyote.AbstractProtocol$ConnectionHandler.process(AbstractProtocol.java:905)
	at org.apache.tomcat.util.net.NioEndpoint$SocketProcessor.doRun(NioEndpoint.java:1746)
	at org.apache.tomcat.util.net.SocketProcessorBase.run(SocketProcessorBase.java:52)
	at org.apache.tomcat.util.threads.ThreadPoolExecutor.runWorker(ThreadPoolExecutor.java:1148)
	at org.apache.tomcat.util.threads.ThreadPoolExecutor$Worker.run(ThreadPoolExecutor.java:636)
	at org.apache.tomcat.util.threads.TaskThread$WrappingRunnable.run(TaskThread.java:63)
	at java.base/java.lang.Thread.run(Thread.java:833)
Caused by: org.hsqldb.HsqlException: connection exception: connection failure: java.net.SocketException: Relais brisé (pipe)
	at org.hsqldb.error.Error.error(Unknown Source)
	at org.hsqldb.error.Error.error(Unknown Source)
	at org.hsqldb.ClientConnection.execute(Unknown Source)
	at org.hsqldb.jdbc.JDBCPreparedStatement.<init>(Unknown Source)
	... 25 more
java.sql.SQLTransientConnectionException: connection exception: connection failure: java.net.SocketException: Relais brisé (pipe)
	at org.hsqldb.jdbc.JDBCUtil.sqlException(Unknown Source)
	at org.hsqldb.jdbc.JDBCUtil.sqlException(Unknown Source)
	at org.hsqldb.jdbc.JDBCConnection.prepareStatement(Unknown Source)
	at pack.Facade.listePersonnes(Facade.java:55)
	at pack.Serv.doGet(Serv.java:28)
	at jakarta.servlet.http.HttpServlet.service(HttpServlet.java:619)
	at jakarta.servlet.http.HttpServlet.service(HttpServlet.java:716)
	at org.apache.catalina.core.ApplicationFilterChain.doFilter(ApplicationFilterChain.java:130)
	at org.apache.tomcat.websocket.server.WsFilter.doFilter(WsFilter.java:51)
	at org.apache.catalina.core.ApplicationFilterChain.doFilter(ApplicationFilterChain.java:109)
	at org.apache.catalina.core.StandardWrapperValve.invoke(StandardWrapperValve.java:167)
	at org.apache.catalina.core.StandardContextValve.invoke(StandardContextValve.java:79)
	at org.apache.catalina.authenticator.AuthenticatorBase.invoke(AuthenticatorBase.java:483)
	at org.apache.catalina.core.StandardHostValve.invoke(StandardHostValve.java:115)
	at org.apache.catalina.valves.ErrorReportValve.invoke(ErrorReportValve.java:93)
	at org.apache.catalina.valves.AbstractAccessLogValve.invoke(AbstractAccessLogValve.java:663)
	at org.apache.catalina.core.StandardEngineValve.invoke(StandardEngineValve.java:74)
	at org.apache.catalina.connector.CoyoteAdapter.service(CoyoteAdapter.java:342)
	at org.apache.coyote.http11.Http11Processor.service(Http11Processor.java:395)
	at org.apache.coyote.AbstractProcessorLight.process(AbstractProcessorLight.java:63)
	at org.apache.coyote.AbstractProtocol$ConnectionHandler.process(AbstractProtocol.java:905)
	at org.apache.tomcat.util.net.NioEndpoint$SocketProcessor.doRun(NioEndpoint.java:1746)
	at org.apache.tomcat.util.net.SocketProcessorBase.run(SocketProcessorBase.java:52)
	at org.apache.tomcat.util.threads.ThreadPoolExecutor.runWorker(ThreadPoolExecutor.java:1148)
	at org.apache.tomcat.util.threads.ThreadPoolExecutor$Worker.run(ThreadPoolExecutor.java:636)
	at org.apache.tomcat.util.threads.TaskThread$WrappingRunnable.run(TaskThread.java:63)
	at java.base/java.lang.Thread.run(Thread.java:833)
Caused by: org.hsqldb.HsqlException: connection exception: connection failure: java.net.SocketException: Relais brisé (pipe)
	at org.hsqldb.error.Error.error(Unknown Source)
	at org.hsqldb.error.Error.error(Unknown Source)
	at org.hsqldb.ClientConnection.execute(Unknown Source)
	at org.hsqldb.jdbc.JDBCPreparedStatement.<init>(Unknown Source)
	... 25 more
java.sql.SQLTransientConnectionException: connection exception: connection failure: java.net.SocketException: Relais brisé (pipe)
	at org.hsqldb.jdbc.JDBCUtil.sqlException(Unknown Source)
	at org.hsqldb.jdbc.JDBCUtil.sqlException(Unknown Source)
	at org.hsqldb.jdbc.JDBCConnection.prepareStatement(Unknown Source)
	at pack.Facade.ajoutPersonne(Facade.java:24)
	at pack.Serv.doPost(Serv.java:49)
	at jakarta.servlet.http.HttpServlet.service(HttpServlet.java:645)
	at jakarta.servlet.http.HttpServlet.service(HttpServlet.java:716)
	at org.apache.catalina.core.ApplicationFilterChain.doFilter(ApplicationFilterChain.java:130)
	at org.apache.tomcat.websocket.server.WsFilter.doFilter(WsFilter.java:51)
	at org.apache.catalina.core.ApplicationFilterChain.doFilter(ApplicationFilterChain.java:109)
	at org.apache.catalina.core.StandardWrapperValve.invoke(StandardWrapperValve.java:167)
	at org.apache.catalina.core.StandardContextValve.invoke(StandardContextValve.java:79)
	at org.apache.catalina.authenticator.AuthenticatorBase.invoke(AuthenticatorBase.java:483)
	at org.apache.catalina.core.StandardHostValve.invoke(StandardHostValve.java:115)
	at org.apache.catalina.valves.ErrorReportValve.invoke(ErrorReportValve.java:93)
	at org.apache.catalina.valves.AbstractAccessLogValve.invoke(AbstractAccessLogValve.java:663)
	at org.apache.catalina.core.StandardEngineValve.invoke(StandardEngineValve.java:74)
	at org.apache.catalina.connector.CoyoteAdapter.service(CoyoteAdapter.java:342)
	at org.apache.coyote.http11.Http11Processor.service(Http11Processor.java:395)
	at org.apache.coyote.AbstractProcessorLight.process(AbstractProcessorLight.java:63)
	at org.apache.coyote.AbstractProtocol$ConnectionHandler.process(AbstractProtocol.java:905)
	at org.apache.tomcat.util.net.NioEndpoint$SocketProcessor.doRun(NioEndpoint.java:1746)
	at org.apache.tomcat.util.net.SocketProcessorBase.run(SocketProcessorBase.java:52)
	at org.apache.tomcat.util.threads.ThreadPoolExecutor.runWorker(ThreadPoolExecutor.java:1148)
	at org.apache.tomcat.util.threads.ThreadPoolExecutor$Worker.run(ThreadPoolExecutor.java:636)
	at org.apache.tomcat.util.threads.TaskThread$WrappingRunnable.run(TaskThread.java:63)
	at java.base/java.lang.Thread.run(Thread.java:833)
Caused by: org.hsqldb.HsqlException: connection exception: connection failure: java.net.SocketException: Relais brisé (pipe)
	at org.hsqldb.error.Error.error(Unknown Source)
	at org.hsqldb.error.Error.error(Unknown Source)
	at org.hsqldb.ClientConnection.execute(Unknown Source)
	at org.hsqldb.jdbc.JDBCPreparedStatement.<init>(Unknown Source)
	... 25 more
java.sql.SQLTransientConnectionException: connection exception: connection failure: java.net.SocketException: Relais brisé (pipe)
	at org.hsqldb.jdbc.JDBCUtil.sqlException(Unknown Source)
	at org.hsqldb.jdbc.JDBCUtil.sqlException(Unknown Source)
	at org.hsqldb.jdbc.JDBCConnection.prepareStatement(Unknown Source)
	at pack.Facade.listePersonnes(Facade.java:55)
	at pack.Serv.doGet(Serv.java:28)
	at jakarta.servlet.http.HttpServlet.service(HttpServlet.java:619)
	at jakarta.servlet.http.HttpServlet.service(HttpServlet.java:716)
	at org.apache.catalina.core.ApplicationFilterChain.doFilter(ApplicationFilterChain.java:130)
	at org.apache.tomcat.websocket.server.WsFilter.doFilter(WsFilter.java:51)
	at org.apache.catalina.core.ApplicationFilterChain.doFilter(ApplicationFilterChain.java:109)
	at org.apache.catalina.core.StandardWrapperValve.invoke(StandardWrapperValve.java:167)
	at org.apache.catalina.core.StandardContextValve.invoke(StandardContextValve.java:79)
	at org.apache.catalina.authenticator.AuthenticatorBase.invoke(AuthenticatorBase.java:483)
	at org.apache.catalina.core.StandardHostValve.invoke(StandardHostValve.java:115)
	at org.apache.catalina.valves.ErrorReportValve.invoke(ErrorReportValve.java:93)
	at org.apache.catalina.valves.AbstractAccessLogValve.invoke(AbstractAccessLogValve.java:663)
	at org.apache.catalina.core.StandardEngineValve.invoke(StandardEngineValve.java:74)
	at org.apache.catalina.connector.CoyoteAdapter.service(CoyoteAdapter.java:342)
	at org.apache.coyote.http11.Http11Processor.service(Http11Processor.java:395)
	at org.apache.coyote.AbstractProcessorLight.process(AbstractProcessorLight.java:63)
	at org.apache.coyote.AbstractProtocol$ConnectionHandler.process(AbstractProtocol.java:905)
	at org.apache.tomcat.util.net.NioEndpoint$SocketProcessor.doRun(NioEndpoint.java:1746)
	at org.apache.tomcat.util.net.SocketProcessorBase.run(SocketProcessorBase.java:52)
	at org.apache.tomcat.util.threads.ThreadPoolExecutor.runWorker(ThreadPoolExecutor.java:1148)
	at org.apache.tomcat.util.threads.ThreadPoolExecutor$Worker.run(ThreadPoolExecutor.java:636)
	at org.apache.tomcat.util.threads.TaskThread$WrappingRunnable.run(TaskThread.java:63)
	at java.base/java.lang.Thread.run(Thread.java:833)
Caused by: org.hsqldb.HsqlException: connection exception: connection failure: java.net.SocketException: Relais brisé (pipe)
	at org.hsqldb.error.Error.error(Unknown Source)
	at org.hsqldb.error.Error.error(Unknown Source)
	at org.hsqldb.ClientConnection.execute(Unknown Source)
	at org.hsqldb.jdbc.JDBCPreparedStatement.<init>(Unknown Source)
	... 25 more
java.sql.SQLTransientConnectionException: connection exception: connection failure: java.net.SocketException: Relais brisé (pipe)
	at org.hsqldb.jdbc.JDBCUtil.sqlException(Unknown Source)
	at org.hsqldb.jdbc.JDBCUtil.sqlException(Unknown Source)
	at org.hsqldb.jdbc.JDBCConnection.prepareStatement(Unknown Source)
	at pack.Facade.listePersonnes(Facade.java:55)
	at pack.Serv.doGet(Serv.java:34)
	at jakarta.servlet.http.HttpServlet.service(HttpServlet.java:619)
	at jakarta.servlet.http.HttpServlet.service(HttpServlet.java:716)
	at org.apache.catalina.core.ApplicationFilterChain.doFilter(ApplicationFilterChain.java:130)
	at org.apache.tomcat.websocket.server.WsFilter.doFilter(WsFilter.java:51)
	at org.apache.catalina.core.ApplicationFilterChain.doFilter(ApplicationFilterChain.java:109)
	at org.apache.catalina.core.StandardWrapperValve.invoke(StandardWrapperValve.java:167)
	at org.apache.catalina.core.StandardContextValve.invoke(StandardContextValve.java:79)
	at org.apache.catalina.authenticator.AuthenticatorBase.invoke(AuthenticatorBase.java:483)
	at org.apache.catalina.core.StandardHostValve.invoke(StandardHostValve.java:115)
	at org.apache.catalina.valves.ErrorReportValve.invoke(ErrorReportValve.java:93)
	at org.apache.catalina.valves.AbstractAccessLogValve.invoke(AbstractAccessLogValve.java:663)
	at org.apache.catalina.core.StandardEngineValve.invoke(StandardEngineValve.java:74)
	at org.apache.catalina.connector.CoyoteAdapter.service(CoyoteAdapter.java:342)
	at org.apache.coyote.http11.Http11Processor.service(Http11Processor.java:395)
	at org.apache.coyote.AbstractProcessorLight.process(AbstractProcessorLight.java:63)
	at org.apache.coyote.AbstractProtocol$ConnectionHandler.process(AbstractProtocol.java:905)
	at org.apache.tomcat.util.net.NioEndpoint$SocketProcessor.doRun(NioEndpoint.java:1746)
	at org.apache.tomcat.util.net.SocketProcessorBase.run(SocketProcessorBase.java:52)
	at org.apache.tomcat.util.threads.ThreadPoolExecutor.runWorker(ThreadPoolExecutor.java:1148)
	at org.apache.tomcat.util.threads.ThreadPoolExecutor$Worker.run(ThreadPoolExecutor.java:636)
	at org.apache.tomcat.util.threads.TaskThread$WrappingRunnable.run(TaskThread.java:63)
	at java.base/java.lang.Thread.run(Thread.java:833)
Caused by: org.hsqldb.HsqlException: connection exception: connection failure: java.net.SocketException: Relais brisé (pipe)
	at org.hsqldb.error.Error.error(Unknown Source)
	at org.hsqldb.error.Error.error(Unknown Source)
	at org.hsqldb.ClientConnection.execute(Unknown Source)
	at org.hsqldb.jdbc.JDBCPreparedStatement.<init>(Unknown Source)
	... 25 more
17-Feb-2026 15:20:07.620 INFO [Catalina-utility-2] org.apache.catalina.startup.HostConfig.undeploy Retrait de l'application web ayant pour chemin de contexte [/template]
17-Feb-2026 15:20:07.625 WARNING [Catalina-utility-2] org.apache.catalina.loader.WebappClassLoaderBase.clearReferencesJdbc L'application web [template] a enregistré un pilote JDBC [org.hsqldb.jdbc.JDBCDriver], mais ne l'a pas désenregistré avant l'arrêt de l'application.  Pour éviter une fuite de mémoire, le pilote JDBC a été désenregistré de force.
17-Feb-2026 15:20:07.945 INFO [Catalina-utility-2] org.apache.catalina.startup.HostConfig.deployWAR Déploiement de l'archive [/home/abi7287/2A/AW/TP2/apache-tomcat-11.0.1/webapps/template.war] de l'application web
17-Feb-2026 15:20:09.371 INFO [Catalina-utility-2] org.apache.jasper.servlet.TldScanner.scanJars Au moins un fichier JAR a été analysé pour trouver des TLDs mais il n'en contenait pas, le mode "debug" du journal peut être activé pour obtenir une liste complète de JAR scannés sans succès ; éviter d'analyser des JARs inutilement peut améliorer sensiblement le temps de démarrage et le temps de compilation des JSPs
17-Feb-2026 15:20:09.425 INFO [Catalina-utility-2] org.apache.catalina.startup.HostConfig.deployWAR Le déploiement de l'archive de l'application web [/home/abi7287/2A/AW/TP2/apache-tomcat-11.0.1/webapps/template.war] s'est terminé en [1 479] ms
17-Feb-2026 15:31:20.268 INFO [Catalina-utility-2] org.apache.catalina.startup.HostConfig.undeploy Retrait de l'application web ayant pour chemin de contexte [/template]
17-Feb-2026 15:31:20.271 WARNING [Catalina-utility-2] org.apache.catalina.loader.WebappClassLoaderBase.clearReferencesJdbc L'application web [template] a enregistré un pilote JDBC [org.hsqldb.jdbc.JDBCDriver], mais ne l'a pas désenregistré avant l'arrêt de l'application.  Pour éviter une fuite de mémoire, le pilote JDBC a été désenregistré de force.
17-Feb-2026 15:31:20.558 INFO [Catalina-utility-2] org.apache.catalina.startup.HostConfig.deployWAR Déploiement de l'archive [/home/abi7287/2A/AW/TP2/apache-tomcat-11.0.1/webapps/template.war] de l'application web
17-Feb-2026 15:31:21.763 INFO [Catalina-utility-2] org.apache.jasper.servlet.TldScanner.scanJars Au moins un fichier JAR a été analysé pour trouver des TLDs mais il n'en contenait pas, le mode "debug" du journal peut être activé pour obtenir une liste complète de JAR scannés sans succès ; éviter d'analyser des JARs inutilement peut améliorer sensiblement le temps de démarrage et le temps de compilation des JSPs
17-Feb-2026 15:31:21.802 INFO [Catalina-utility-2] org.apache.catalina.startup.HostConfig.deployWAR Le déploiement de l'archive de l'application web [/home/abi7287/2A/AW/TP2/apache-tomcat-11.0.1/webapps/template.war] s'est terminé en [1 244] ms
java.sql.SQLException: Invalid argument in JDBC call: parameter index out of range: 1
	at org.hsqldb.jdbc.JDBCUtil.sqlException(Unknown Source)
	at org.hsqldb.jdbc.JDBCUtil.sqlException(Unknown Source)
	at org.hsqldb.jdbc.JDBCUtil.sqlException(Unknown Source)
	at org.hsqldb.jdbc.JDBCUtil.outOfRangeArgument(Unknown Source)
	at org.hsqldb.jdbc.JDBCPreparedStatement.checkSetParameterIndex(Unknown Source)
	at org.hsqldb.jdbc.JDBCPreparedStatement.setInt(Unknown Source)
	at pack.Facade.listePersonnes(Facade.java:64)
	at pack.Serv.doGet(Serv.java:28)
	at jakarta.servlet.http.HttpServlet.service(HttpServlet.java:619)
	at jakarta.servlet.http.HttpServlet.service(HttpServlet.java:716)
	at org.apache.catalina.core.ApplicationFilterChain.doFilter(ApplicationFilterChain.java:130)
	at org.apache.tomcat.websocket.server.WsFilter.doFilter(WsFilter.java:51)
	at org.apache.catalina.core.ApplicationFilterChain.doFilter(ApplicationFilterChain.java:109)
	at org.apache.catalina.core.StandardWrapperValve.invoke(StandardWrapperValve.java:167)
	at org.apache.catalina.core.StandardContextValve.invoke(StandardContextValve.java:79)
	at org.apache.catalina.authenticator.AuthenticatorBase.invoke(AuthenticatorBase.java:483)
	at org.apache.catalina.core.StandardHostValve.invoke(StandardHostValve.java:115)
	at org.apache.catalina.valves.ErrorReportValve.invoke(ErrorReportValve.java:93)
	at org.apache.catalina.valves.AbstractAccessLogValve.invoke(AbstractAccessLogValve.java:663)
	at org.apache.catalina.core.StandardEngineValve.invoke(StandardEngineValve.java:74)
	at org.apache.catalina.connector.CoyoteAdapter.service(CoyoteAdapter.java:342)
	at org.apache.coyote.http11.Http11Processor.service(Http11Processor.java:395)
	at org.apache.coyote.AbstractProcessorLight.process(AbstractProcessorLight.java:63)
	at org.apache.coyote.AbstractProtocol$ConnectionHandler.process(AbstractProtocol.java:905)
	at org.apache.tomcat.util.net.NioEndpoint$SocketProcessor.doRun(NioEndpoint.java:1746)
	at org.apache.tomcat.util.net.SocketProcessorBase.run(SocketProcessorBase.java:52)
	at org.apache.tomcat.util.threads.ThreadPoolExecutor.runWorker(ThreadPoolExecutor.java:1148)
	at org.apache.tomcat.util.threads.ThreadPoolExecutor$Worker.run(ThreadPoolExecutor.java:636)
	at org.apache.tomcat.util.threads.TaskThread$WrappingRunnable.run(TaskThread.java:63)
	at java.base/java.lang.Thread.run(Thread.java:833)
Caused by: org.hsqldb.HsqlException: Invalid argument in JDBC call: parameter index out of range: 1
	at org.hsqldb.error.Error.error(Unknown Source)
	at org.hsqldb.error.Error.error(Unknown Source)
	... 28 more
java.sql.SQLException: Invalid argument in JDBC call: parameter index out of range: 1
	at org.hsqldb.jdbc.JDBCUtil.sqlException(Unknown Source)
	at org.hsqldb.jdbc.JDBCUtil.sqlException(Unknown Source)
	at org.hsqldb.jdbc.JDBCUtil.sqlException(Unknown Source)
	at org.hsqldb.jdbc.JDBCUtil.outOfRangeArgument(Unknown Source)
	at org.hsqldb.jdbc.JDBCPreparedStatement.checkSetParameterIndex(Unknown Source)
	at org.hsqldb.jdbc.JDBCPreparedStatement.setInt(Unknown Source)
	at pack.Facade.listePersonnes(Facade.java:64)
	at pack.Serv.doGet(Serv.java:34)
	at jakarta.servlet.http.HttpServlet.service(HttpServlet.java:619)
	at jakarta.servlet.http.HttpServlet.service(HttpServlet.java:716)
	at org.apache.catalina.core.ApplicationFilterChain.doFilter(ApplicationFilterChain.java:130)
	at org.apache.tomcat.websocket.server.WsFilter.doFilter(WsFilter.java:51)
	at org.apache.catalina.core.ApplicationFilterChain.doFilter(ApplicationFilterChain.java:109)
	at org.apache.catalina.core.StandardWrapperValve.invoke(StandardWrapperValve.java:167)
	at org.apache.catalina.core.StandardContextValve.invoke(StandardContextValve.java:79)
	at org.apache.catalina.authenticator.AuthenticatorBase.invoke(AuthenticatorBase.java:483)
	at org.apache.catalina.core.StandardHostValve.invoke(StandardHostValve.java:115)
	at org.apache.catalina.valves.ErrorReportValve.invoke(ErrorReportValve.java:93)
	at org.apache.catalina.valves.AbstractAccessLogValve.invoke(AbstractAccessLogValve.java:663)
	at org.apache.catalina.core.StandardEngineValve.invoke(StandardEngineValve.java:74)
	at org.apache.catalina.connector.CoyoteAdapter.service(CoyoteAdapter.java:342)
	at org.apache.coyote.http11.Http11Processor.service(Http11Processor.java:395)
	at org.apache.coyote.AbstractProcessorLight.process(AbstractProcessorLight.java:63)
	at org.apache.coyote.AbstractProtocol$ConnectionHandler.process(AbstractProtocol.java:905)
	at org.apache.tomcat.util.net.NioEndpoint$SocketProcessor.doRun(NioEndpoint.java:1746)
	at org.apache.tomcat.util.net.SocketProcessorBase.run(SocketProcessorBase.java:52)
	at org.apache.tomcat.util.threads.ThreadPoolExecutor.runWorker(ThreadPoolExecutor.java:1148)
	at org.apache.tomcat.util.threads.ThreadPoolExecutor$Worker.run(ThreadPoolExecutor.java:636)
	at org.apache.tomcat.util.threads.TaskThread$WrappingRunnable.run(TaskThread.java:63)
	at java.base/java.lang.Thread.run(Thread.java:833)
Caused by: org.hsqldb.HsqlException: Invalid argument in JDBC call: parameter index out of range: 1
	at org.hsqldb.error.Error.error(Unknown Source)
	at org.hsqldb.error.Error.error(Unknown Source)
	... 28 more
java.sql.SQLException: Invalid argument in JDBC call: parameter index out of range: 1
	at org.hsqldb.jdbc.JDBCUtil.sqlException(Unknown Source)
	at org.hsqldb.jdbc.JDBCUtil.sqlException(Unknown Source)
	at org.hsqldb.jdbc.JDBCUtil.sqlException(Unknown Source)
	at org.hsqldb.jdbc.JDBCUtil.outOfRangeArgument(Unknown Source)
	at org.hsqldb.jdbc.JDBCPreparedStatement.checkSetParameterIndex(Unknown Source)
	at org.hsqldb.jdbc.JDBCPreparedStatement.setInt(Unknown Source)
	at pack.Facade.listePersonnes(Facade.java:64)
	at pack.Serv.doGet(Serv.java:34)
	at jakarta.servlet.http.HttpServlet.service(HttpServlet.java:619)
	at jakarta.servlet.http.HttpServlet.service(HttpServlet.java:716)
	at org.apache.catalina.core.ApplicationFilterChain.doFilter(ApplicationFilterChain.java:130)
	at org.apache.tomcat.websocket.server.WsFilter.doFilter(WsFilter.java:51)
	at org.apache.catalina.core.ApplicationFilterChain.doFilter(ApplicationFilterChain.java:109)
	at org.apache.catalina.core.StandardWrapperValve.invoke(StandardWrapperValve.java:167)
	at org.apache.catalina.core.StandardContextValve.invoke(StandardContextValve.java:79)
	at org.apache.catalina.authenticator.AuthenticatorBase.invoke(AuthenticatorBase.java:483)
	at org.apache.catalina.core.StandardHostValve.invoke(StandardHostValve.java:115)
	at org.apache.catalina.valves.ErrorReportValve.invoke(ErrorReportValve.java:93)
	at org.apache.catalina.valves.AbstractAccessLogValve.invoke(AbstractAccessLogValve.java:663)
	at org.apache.catalina.core.StandardEngineValve.invoke(StandardEngineValve.java:74)
	at org.apache.catalina.connector.CoyoteAdapter.service(CoyoteAdapter.java:342)
	at org.apache.coyote.http11.Http11Processor.service(Http11Processor.java:395)
	at org.apache.coyote.AbstractProcessorLight.process(AbstractProcessorLight.java:63)
	at org.apache.coyote.AbstractProtocol$ConnectionHandler.process(AbstractProtocol.java:905)
	at org.apache.tomcat.util.net.NioEndpoint$SocketProcessor.doRun(NioEndpoint.java:1746)
	at org.apache.tomcat.util.net.SocketProcessorBase.run(SocketProcessorBase.java:52)
	at org.apache.tomcat.util.threads.ThreadPoolExecutor.runWorker(ThreadPoolExecutor.java:1148)
	at org.apache.tomcat.util.threads.ThreadPoolExecutor$Worker.run(ThreadPoolExecutor.java:636)
	at org.apache.tomcat.util.threads.TaskThread$WrappingRunnable.run(TaskThread.java:63)
	at java.base/java.lang.Thread.run(Thread.java:833)
Caused by: org.hsqldb.HsqlException: Invalid argument in JDBC call: parameter index out of range: 1
	at org.hsqldb.error.Error.error(Unknown Source)
	at org.hsqldb.error.Error.error(Unknown Source)
	... 28 more
java.sql.SQLException: Invalid argument in JDBC call: parameter index out of range: 1
	at org.hsqldb.jdbc.JDBCUtil.sqlException(Unknown Source)
	at org.hsqldb.jdbc.JDBCUtil.sqlException(Unknown Source)
	at org.hsqldb.jdbc.JDBCUtil.sqlException(Unknown Source)
	at org.hsqldb.jdbc.JDBCUtil.outOfRangeArgument(Unknown Source)
	at org.hsqldb.jdbc.JDBCPreparedStatement.checkSetParameterIndex(Unknown Source)
	at org.hsqldb.jdbc.JDBCPreparedStatement.setInt(Unknown Source)
	at pack.Facade.listePersonnes(Facade.java:64)
	at pack.Serv.doGet(Serv.java:34)
	at jakarta.servlet.http.HttpServlet.service(HttpServlet.java:619)
	at jakarta.servlet.http.HttpServlet.service(HttpServlet.java:716)
	at org.apache.catalina.core.ApplicationFilterChain.doFilter(ApplicationFilterChain.java:130)
	at org.apache.tomcat.websocket.server.WsFilter.doFilter(WsFilter.java:51)
	at org.apache.catalina.core.ApplicationFilterChain.doFilter(ApplicationFilterChain.java:109)
	at org.apache.catalina.core.StandardWrapperValve.invoke(StandardWrapperValve.java:167)
	at org.apache.catalina.core.StandardContextValve.invoke(StandardContextValve.java:79)
	at org.apache.catalina.authenticator.AuthenticatorBase.invoke(AuthenticatorBase.java:483)
	at org.apache.catalina.core.StandardHostValve.invoke(StandardHostValve.java:115)
	at org.apache.catalina.valves.ErrorReportValve.invoke(ErrorReportValve.java:93)
	at org.apache.catalina.valves.AbstractAccessLogValve.invoke(AbstractAccessLogValve.java:663)
	at org.apache.catalina.core.StandardEngineValve.invoke(StandardEngineValve.java:74)
	at org.apache.catalina.connector.CoyoteAdapter.service(CoyoteAdapter.java:342)
	at org.apache.coyote.http11.Http11Processor.service(Http11Processor.java:395)
	at org.apache.coyote.AbstractProcessorLight.process(AbstractProcessorLight.java:63)
	at org.apache.coyote.AbstractProtocol$ConnectionHandler.process(AbstractProtocol.java:905)
	at org.apache.tomcat.util.net.NioEndpoint$SocketProcessor.doRun(NioEndpoint.java:1746)
	at org.apache.tomcat.util.net.SocketProcessorBase.run(SocketProcessorBase.java:52)
	at org.apache.tomcat.util.threads.ThreadPoolExecutor.runWorker(ThreadPoolExecutor.java:1148)
	at org.apache.tomcat.util.threads.ThreadPoolExecutor$Worker.run(ThreadPoolExecutor.java:636)
	at org.apache.tomcat.util.threads.TaskThread$WrappingRunnable.run(TaskThread.java:63)
	at java.base/java.lang.Thread.run(Thread.java:833)
Caused by: org.hsqldb.HsqlException: Invalid argument in JDBC call: parameter index out of range: 1
	at org.hsqldb.error.Error.error(Unknown Source)
	at org.hsqldb.error.Error.error(Unknown Source)
	... 28 more
java.sql.SQLException: Invalid argument in JDBC call: parameter index out of range: 1
	at org.hsqldb.jdbc.JDBCUtil.sqlException(Unknown Source)
	at org.hsqldb.jdbc.JDBCUtil.sqlException(Unknown Source)
	at org.hsqldb.jdbc.JDBCUtil.sqlException(Unknown Source)
	at org.hsqldb.jdbc.JDBCUtil.outOfRangeArgument(Unknown Source)
	at org.hsqldb.jdbc.JDBCPreparedStatement.checkSetParameterIndex(Unknown Source)
	at org.hsqldb.jdbc.JDBCPreparedStatement.setInt(Unknown Source)
	at pack.Facade.listePersonnes(Facade.java:64)
	at pack.Serv.doGet(Serv.java:34)
	at jakarta.servlet.http.HttpServlet.service(HttpServlet.java:619)
	at jakarta.servlet.http.HttpServlet.service(HttpServlet.java:716)
	at org.apache.catalina.core.ApplicationFilterChain.doFilter(ApplicationFilterChain.java:130)
	at org.apache.tomcat.websocket.server.WsFilter.doFilter(WsFilter.java:51)
	at org.apache.catalina.core.ApplicationFilterChain.doFilter(ApplicationFilterChain.java:109)
	at org.apache.catalina.core.StandardWrapperValve.invoke(StandardWrapperValve.java:167)
	at org.apache.catalina.core.StandardContextValve.invoke(StandardContextValve.java:79)
	at org.apache.catalina.authenticator.AuthenticatorBase.invoke(AuthenticatorBase.java:483)
	at org.apache.catalina.core.StandardHostValve.invoke(StandardHostValve.java:115)
	at org.apache.catalina.valves.ErrorReportValve.invoke(ErrorReportValve.java:93)
	at org.apache.catalina.valves.AbstractAccessLogValve.invoke(AbstractAccessLogValve.java:663)
	at org.apache.catalina.core.StandardEngineValve.invoke(StandardEngineValve.java:74)
	at org.apache.catalina.connector.CoyoteAdapter.service(CoyoteAdapter.java:342)
	at org.apache.coyote.http11.Http11Processor.service(Http11Processor.java:395)
	at org.apache.coyote.AbstractProcessorLight.process(AbstractProcessorLight.java:63)
	at org.apache.coyote.AbstractProtocol$ConnectionHandler.process(AbstractProtocol.java:905)
	at org.apache.tomcat.util.net.NioEndpoint$SocketProcessor.doRun(NioEndpoint.java:1746)
	at org.apache.tomcat.util.net.SocketProcessorBase.run(SocketProcessorBase.java:52)
	at org.apache.tomcat.util.threads.ThreadPoolExecutor.runWorker(ThreadPoolExecutor.java:1148)
	at org.apache.tomcat.util.threads.ThreadPoolExecutor$Worker.run(ThreadPoolExecutor.java:636)
	at org.apache.tomcat.util.threads.TaskThread$WrappingRunnable.run(TaskThread.java:63)
	at java.base/java.lang.Thread.run(Thread.java:833)
Caused by: org.hsqldb.HsqlException: Invalid argument in JDBC call: parameter index out of range: 1
	at org.hsqldb.error.Error.error(Unknown Source)
	at org.hsqldb.error.Error.error(Unknown Source)
	... 28 more
java.sql.SQLException: Invalid argument in JDBC call: parameter index out of range: 1
	at org.hsqldb.jdbc.JDBCUtil.sqlException(Unknown Source)
	at org.hsqldb.jdbc.JDBCUtil.sqlException(Unknown Source)
	at org.hsqldb.jdbc.JDBCUtil.sqlException(Unknown Source)
	at org.hsqldb.jdbc.JDBCUtil.outOfRangeArgument(Unknown Source)
	at org.hsqldb.jdbc.JDBCPreparedStatement.checkSetParameterIndex(Unknown Source)
	at org.hsqldb.jdbc.JDBCPreparedStatement.setInt(Unknown Source)
	at pack.Facade.listePersonnes(Facade.java:64)
	at pack.Serv.doGet(Serv.java:34)
	at jakarta.servlet.http.HttpServlet.service(HttpServlet.java:619)
	at jakarta.servlet.http.HttpServlet.service(HttpServlet.java:716)
	at org.apache.catalina.core.ApplicationFilterChain.doFilter(ApplicationFilterChain.java:130)
	at org.apache.tomcat.websocket.server.WsFilter.doFilter(WsFilter.java:51)
	at org.apache.catalina.core.ApplicationFilterChain.doFilter(ApplicationFilterChain.java:109)
	at org.apache.catalina.core.StandardWrapperValve.invoke(StandardWrapperValve.java:167)
	at org.apache.catalina.core.StandardContextValve.invoke(StandardContextValve.java:79)
	at org.apache.catalina.authenticator.AuthenticatorBase.invoke(AuthenticatorBase.java:483)
	at org.apache.catalina.core.StandardHostValve.invoke(StandardHostValve.java:115)
	at org.apache.catalina.valves.ErrorReportValve.invoke(ErrorReportValve.java:93)
	at org.apache.catalina.valves.AbstractAccessLogValve.invoke(AbstractAccessLogValve.java:663)
	at org.apache.catalina.core.StandardEngineValve.invoke(StandardEngineValve.java:74)
	at org.apache.catalina.connector.CoyoteAdapter.service(CoyoteAdapter.java:342)
	at org.apache.coyote.http11.Http11Processor.service(Http11Processor.java:395)
	at org.apache.coyote.AbstractProcessorLight.process(AbstractProcessorLight.java:63)
	at org.apache.coyote.AbstractProtocol$ConnectionHandler.process(AbstractProtocol.java:905)
	at org.apache.tomcat.util.net.NioEndpoint$SocketProcessor.doRun(NioEndpoint.java:1746)
	at org.apache.tomcat.util.net.SocketProcessorBase.run(SocketProcessorBase.java:52)
	at org.apache.tomcat.util.threads.ThreadPoolExecutor.runWorker(ThreadPoolExecutor.java:1148)
	at org.apache.tomcat.util.threads.ThreadPoolExecutor$Worker.run(ThreadPoolExecutor.java:636)
	at org.apache.tomcat.util.threads.TaskThread$WrappingRunnable.run(TaskThread.java:63)
	at java.base/java.lang.Thread.run(Thread.java:833)
Caused by: org.hsqldb.HsqlException: Invalid argument in JDBC call: parameter index out of range: 1
	at org.hsqldb.error.Error.error(Unknown Source)
	at org.hsqldb.error.Error.error(Unknown Source)
	... 28 more
java.sql.SQLException: Invalid argument in JDBC call: parameter index out of range: 1
	at org.hsqldb.jdbc.JDBCUtil.sqlException(Unknown Source)
	at org.hsqldb.jdbc.JDBCUtil.sqlException(Unknown Source)
	at org.hsqldb.jdbc.JDBCUtil.sqlException(Unknown Source)
	at org.hsqldb.jdbc.JDBCUtil.outOfRangeArgument(Unknown Source)
	at org.hsqldb.jdbc.JDBCPreparedStatement.checkSetParameterIndex(Unknown Source)
	at org.hsqldb.jdbc.JDBCPreparedStatement.setInt(Unknown Source)
	at pack.Facade.listePersonnes(Facade.java:64)
	at pack.Serv.doGet(Serv.java:34)
	at jakarta.servlet.http.HttpServlet.service(HttpServlet.java:619)
	at jakarta.servlet.http.HttpServlet.service(HttpServlet.java:716)
	at org.apache.catalina.core.ApplicationFilterChain.doFilter(ApplicationFilterChain.java:130)
	at org.apache.tomcat.websocket.server.WsFilter.doFilter(WsFilter.java:51)
	at org.apache.catalina.core.ApplicationFilterChain.doFilter(ApplicationFilterChain.java:109)
	at org.apache.catalina.core.StandardWrapperValve.invoke(StandardWrapperValve.java:167)
	at org.apache.catalina.core.StandardContextValve.invoke(StandardContextValve.java:79)
	at org.apache.catalina.authenticator.AuthenticatorBase.invoke(AuthenticatorBase.java:483)
	at org.apache.catalina.core.StandardHostValve.invoke(StandardHostValve.java:115)
	at org.apache.catalina.valves.ErrorReportValve.invoke(ErrorReportValve.java:93)
	at org.apache.catalina.valves.AbstractAccessLogValve.invoke(AbstractAccessLogValve.java:663)
	at org.apache.catalina.core.StandardEngineValve.invoke(StandardEngineValve.java:74)
	at org.apache.catalina.connector.CoyoteAdapter.service(CoyoteAdapter.java:342)
	at org.apache.coyote.http11.Http11Processor.service(Http11Processor.java:395)
	at org.apache.coyote.AbstractProcessorLight.process(AbstractProcessorLight.java:63)
	at org.apache.coyote.AbstractProtocol$ConnectionHandler.process(AbstractProtocol.java:905)
	at org.apache.tomcat.util.net.NioEndpoint$SocketProcessor.doRun(NioEndpoint.java:1746)
	at org.apache.tomcat.util.net.SocketProcessorBase.run(SocketProcessorBase.java:52)
	at org.apache.tomcat.util.threads.ThreadPoolExecutor.runWorker(ThreadPoolExecutor.java:1148)
	at org.apache.tomcat.util.threads.ThreadPoolExecutor$Worker.run(ThreadPoolExecutor.java:636)
	at org.apache.tomcat.util.threads.TaskThread$WrappingRunnable.run(TaskThread.java:63)
	at java.base/java.lang.Thread.run(Thread.java:833)
Caused by: org.hsqldb.HsqlException: Invalid argument in JDBC call: parameter index out of range: 1
	at org.hsqldb.error.Error.error(Unknown Source)
	at org.hsqldb.error.Error.error(Unknown Source)
	... 28 more
java.sql.SQLException: Invalid argument in JDBC call: parameter index out of range: 1
	at org.hsqldb.jdbc.JDBCUtil.sqlException(Unknown Source)
	at org.hsqldb.jdbc.JDBCUtil.sqlException(Unknown Source)
	at org.hsqldb.jdbc.JDBCUtil.sqlException(Unknown Source)
	at org.hsqldb.jdbc.JDBCUtil.outOfRangeArgument(Unknown Source)
	at org.hsqldb.jdbc.JDBCPreparedStatement.checkSetParameterIndex(Unknown Source)
	at org.hsqldb.jdbc.JDBCPreparedStatement.setInt(Unknown Source)
	at pack.Facade.listePersonnes(Facade.java:64)
	at pack.Serv.doGet(Serv.java:28)
	at jakarta.servlet.http.HttpServlet.service(HttpServlet.java:619)
	at jakarta.servlet.http.HttpServlet.service(HttpServlet.java:716)
	at org.apache.catalina.core.ApplicationFilterChain.doFilter(ApplicationFilterChain.java:130)
	at org.apache.tomcat.websocket.server.WsFilter.doFilter(WsFilter.java:51)
	at org.apache.catalina.core.ApplicationFilterChain.doFilter(ApplicationFilterChain.java:109)
	at org.apache.catalina.core.StandardWrapperValve.invoke(StandardWrapperValve.java:167)
	at org.apache.catalina.core.StandardContextValve.invoke(StandardContextValve.java:79)
	at org.apache.catalina.authenticator.AuthenticatorBase.invoke(AuthenticatorBase.java:483)
	at org.apache.catalina.core.StandardHostValve.invoke(StandardHostValve.java:115)
	at org.apache.catalina.valves.ErrorReportValve.invoke(ErrorReportValve.java:93)
	at org.apache.catalina.valves.AbstractAccessLogValve.invoke(AbstractAccessLogValve.java:663)
	at org.apache.catalina.core.StandardEngineValve.invoke(StandardEngineValve.java:74)
	at org.apache.catalina.connector.CoyoteAdapter.service(CoyoteAdapter.java:342)
	at org.apache.coyote.http11.Http11Processor.service(Http11Processor.java:395)
	at org.apache.coyote.AbstractProcessorLight.process(AbstractProcessorLight.java:63)
	at org.apache.coyote.AbstractProtocol$ConnectionHandler.process(AbstractProtocol.java:905)
	at org.apache.tomcat.util.net.NioEndpoint$SocketProcessor.doRun(NioEndpoint.java:1746)
	at org.apache.tomcat.util.net.SocketProcessorBase.run(SocketProcessorBase.java:52)
	at org.apache.tomcat.util.threads.ThreadPoolExecutor.runWorker(ThreadPoolExecutor.java:1148)
	at org.apache.tomcat.util.threads.ThreadPoolExecutor$Worker.run(ThreadPoolExecutor.java:636)
	at org.apache.tomcat.util.threads.TaskThread$WrappingRunnable.run(TaskThread.java:63)
	at java.base/java.lang.Thread.run(Thread.java:833)
Caused by: org.hsqldb.HsqlException: Invalid argument in JDBC call: parameter index out of range: 1
	at org.hsqldb.error.Error.error(Unknown Source)
	at org.hsqldb.error.Error.error(Unknown Source)
	... 28 more
java.sql.SQLException: Invalid argument in JDBC call: parameter index out of range: 1
	at org.hsqldb.jdbc.JDBCUtil.sqlException(Unknown Source)
	at org.hsqldb.jdbc.JDBCUtil.sqlException(Unknown Source)
	at org.hsqldb.jdbc.JDBCUtil.sqlException(Unknown Source)
	at org.hsqldb.jdbc.JDBCUtil.outOfRangeArgument(Unknown Source)
	at org.hsqldb.jdbc.JDBCPreparedStatement.checkSetParameterIndex(Unknown Source)
	at org.hsqldb.jdbc.JDBCPreparedStatement.setInt(Unknown Source)
	at pack.Facade.listePersonnes(Facade.java:64)
	at pack.Serv.doGet(Serv.java:34)
	at jakarta.servlet.http.HttpServlet.service(HttpServlet.java:619)
	at jakarta.servlet.http.HttpServlet.service(HttpServlet.java:716)
	at org.apache.catalina.core.ApplicationFilterChain.doFilter(ApplicationFilterChain.java:130)
	at org.apache.tomcat.websocket.server.WsFilter.doFilter(WsFilter.java:51)
	at org.apache.catalina.core.ApplicationFilterChain.doFilter(ApplicationFilterChain.java:109)
	at org.apache.catalina.core.StandardWrapperValve.invoke(StandardWrapperValve.java:167)
	at org.apache.catalina.core.StandardContextValve.invoke(StandardContextValve.java:79)
	at org.apache.catalina.authenticator.AuthenticatorBase.invoke(AuthenticatorBase.java:483)
	at org.apache.catalina.core.StandardHostValve.invoke(StandardHostValve.java:115)
	at org.apache.catalina.valves.ErrorReportValve.invoke(ErrorReportValve.java:93)
	at org.apache.catalina.valves.AbstractAccessLogValve.invoke(AbstractAccessLogValve.java:663)
	at org.apache.catalina.core.StandardEngineValve.invoke(StandardEngineValve.java:74)
	at org.apache.catalina.connector.CoyoteAdapter.service(CoyoteAdapter.java:342)
	at org.apache.coyote.http11.Http11Processor.service(Http11Processor.java:395)
	at org.apache.coyote.AbstractProcessorLight.process(AbstractProcessorLight.java:63)
	at org.apache.coyote.AbstractProtocol$ConnectionHandler.process(AbstractProtocol.java:905)
	at org.apache.tomcat.util.net.NioEndpoint$SocketProcessor.doRun(NioEndpoint.java:1746)
	at org.apache.tomcat.util.net.SocketProcessorBase.run(SocketProcessorBase.java:52)
	at org.apache.tomcat.util.threads.ThreadPoolExecutor.runWorker(ThreadPoolExecutor.java:1148)
	at org.apache.tomcat.util.threads.ThreadPoolExecutor$Worker.run(ThreadPoolExecutor.java:636)
	at org.apache.tomcat.util.threads.TaskThread$WrappingRunnable.run(TaskThread.java:63)
	at java.base/java.lang.Thread.run(Thread.java:833)
Caused by: org.hsqldb.HsqlException: Invalid argument in JDBC call: parameter index out of range: 1
	at org.hsqldb.error.Error.error(Unknown Source)
	at org.hsqldb.error.Error.error(Unknown Source)
	... 28 more
java.sql.SQLException: Invalid argument in JDBC call: parameter index out of range: 1
	at org.hsqldb.jdbc.JDBCUtil.sqlException(Unknown Source)
	at org.hsqldb.jdbc.JDBCUtil.sqlException(Unknown Source)
	at org.hsqldb.jdbc.JDBCUtil.sqlException(Unknown Source)
	at org.hsqldb.jdbc.JDBCUtil.outOfRangeArgument(Unknown Source)
	at org.hsqldb.jdbc.JDBCPreparedStatement.checkSetParameterIndex(Unknown Source)
	at org.hsqldb.jdbc.JDBCPreparedStatement.setInt(Unknown Source)
	at pack.Facade.listePersonnes(Facade.java:64)
	at pack.Serv.doGet(Serv.java:34)
	at jakarta.servlet.http.HttpServlet.service(HttpServlet.java:619)
	at jakarta.servlet.http.HttpServlet.service(HttpServlet.java:716)
	at org.apache.catalina.core.ApplicationFilterChain.doFilter(ApplicationFilterChain.java:130)
	at org.apache.tomcat.websocket.server.WsFilter.doFilter(WsFilter.java:51)
	at org.apache.catalina.core.ApplicationFilterChain.doFilter(ApplicationFilterChain.java:109)
	at org.apache.catalina.core.StandardWrapperValve.invoke(StandardWrapperValve.java:167)
	at org.apache.catalina.core.StandardContextValve.invoke(StandardContextValve.java:79)
	at org.apache.catalina.authenticator.AuthenticatorBase.invoke(AuthenticatorBase.java:483)
	at org.apache.catalina.core.StandardHostValve.invoke(StandardHostValve.java:115)
	at org.apache.catalina.valves.ErrorReportValve.invoke(ErrorReportValve.java:93)
	at org.apache.catalina.valves.AbstractAccessLogValve.invoke(AbstractAccessLogValve.java:663)
	at org.apache.catalina.core.StandardEngineValve.invoke(StandardEngineValve.java:74)
	at org.apache.catalina.connector.CoyoteAdapter.service(CoyoteAdapter.java:342)
	at org.apache.coyote.http11.Http11Processor.service(Http11Processor.java:395)
	at org.apache.coyote.AbstractProcessorLight.process(AbstractProcessorLight.java:63)
	at org.apache.coyote.AbstractProtocol$ConnectionHandler.process(AbstractProtocol.java:905)
	at org.apache.tomcat.util.net.NioEndpoint$SocketProcessor.doRun(NioEndpoint.java:1746)
	at org.apache.tomcat.util.net.SocketProcessorBase.run(SocketProcessorBase.java:52)
	at org.apache.tomcat.util.threads.ThreadPoolExecutor.runWorker(ThreadPoolExecutor.java:1148)
	at org.apache.tomcat.util.threads.ThreadPoolExecutor$Worker.run(ThreadPoolExecutor.java:636)
	at org.apache.tomcat.util.threads.TaskThread$WrappingRunnable.run(TaskThread.java:63)
	at java.base/java.lang.Thread.run(Thread.java:833)
Caused by: org.hsqldb.HsqlException: Invalid argument in JDBC call: parameter index out of range: 1
	at org.hsqldb.error.Error.error(Unknown Source)
	at org.hsqldb.error.Error.error(Unknown Source)
	... 28 more
java.sql.SQLException: Invalid argument in JDBC call: parameter index out of range: 1
	at org.hsqldb.jdbc.JDBCUtil.sqlException(Unknown Source)
	at org.hsqldb.jdbc.JDBCUtil.sqlException(Unknown Source)
	at org.hsqldb.jdbc.JDBCUtil.sqlException(Unknown Source)
	at org.hsqldb.jdbc.JDBCUtil.outOfRangeArgument(Unknown Source)
	at org.hsqldb.jdbc.JDBCPreparedStatement.checkSetParameterIndex(Unknown Source)
	at org.hsqldb.jdbc.JDBCPreparedStatement.setInt(Unknown Source)
	at pack.Facade.listePersonnes(Facade.java:64)
	at pack.Serv.doGet(Serv.java:28)
	at jakarta.servlet.http.HttpServlet.service(HttpServlet.java:619)
	at jakarta.servlet.http.HttpServlet.service(HttpServlet.java:716)
	at org.apache.catalina.core.ApplicationFilterChain.doFilter(ApplicationFilterChain.java:130)
	at org.apache.tomcat.websocket.server.WsFilter.doFilter(WsFilter.java:51)
	at org.apache.catalina.core.ApplicationFilterChain.doFilter(ApplicationFilterChain.java:109)
	at org.apache.catalina.core.StandardWrapperValve.invoke(StandardWrapperValve.java:167)
	at org.apache.catalina.core.StandardContextValve.invoke(StandardContextValve.java:79)
	at org.apache.catalina.authenticator.AuthenticatorBase.invoke(AuthenticatorBase.java:483)
	at org.apache.catalina.core.StandardHostValve.invoke(StandardHostValve.java:115)
	at org.apache.catalina.valves.ErrorReportValve.invoke(ErrorReportValve.java:93)
	at org.apache.catalina.valves.AbstractAccessLogValve.invoke(AbstractAccessLogValve.java:663)
	at org.apache.catalina.core.StandardEngineValve.invoke(StandardEngineValve.java:74)
	at org.apache.catalina.connector.CoyoteAdapter.service(CoyoteAdapter.java:342)
	at org.apache.coyote.http11.Http11Processor.service(Http11Processor.java:395)
	at org.apache.coyote.AbstractProcessorLight.process(AbstractProcessorLight.java:63)
	at org.apache.coyote.AbstractProtocol$ConnectionHandler.process(AbstractProtocol.java:905)
	at org.apache.tomcat.util.net.NioEndpoint$SocketProcessor.doRun(NioEndpoint.java:1746)
	at org.apache.tomcat.util.net.SocketProcessorBase.run(SocketProcessorBase.java:52)
	at org.apache.tomcat.util.threads.ThreadPoolExecutor.runWorker(ThreadPoolExecutor.java:1148)
	at org.apache.tomcat.util.threads.ThreadPoolExecutor$Worker.run(ThreadPoolExecutor.java:636)
	at org.apache.tomcat.util.threads.TaskThread$WrappingRunnable.run(TaskThread.java:63)
	at java.base/java.lang.Thread.run(Thread.java:833)
Caused by: org.hsqldb.HsqlException: Invalid argument in JDBC call: parameter index out of range: 1
	at org.hsqldb.error.Error.error(Unknown Source)
	at org.hsqldb.error.Error.error(Unknown Source)
	... 28 more
17-Feb-2026 15:34:02.039 INFO [Catalina-utility-2] org.apache.catalina.startup.HostConfig.undeploy Retrait de l'application web ayant pour chemin de contexte [/template]
17-Feb-2026 15:34:02.042 WARNING [Catalina-utility-2] org.apache.catalina.loader.WebappClassLoaderBase.clearReferencesJdbc L'application web [template] a enregistré un pilote JDBC [org.hsqldb.jdbc.JDBCDriver], mais ne l'a pas désenregistré avant l'arrêt de l'application.  Pour éviter une fuite de mémoire, le pilote JDBC a été désenregistré de force.
17-Feb-2026 15:34:02.371 INFO [Catalina-utility-2] org.apache.catalina.startup.HostConfig.deployWAR Déploiement de l'archive [/home/abi7287/2A/AW/TP2/apache-tomcat-11.0.1/webapps/template.war] de l'application web
17-Feb-2026 15:34:03.673 INFO [Catalina-utility-2] org.apache.jasper.servlet.TldScanner.scanJars Au moins un fichier JAR a été analysé pour trouver des TLDs mais il n'en contenait pas, le mode "debug" du journal peut être activé pour obtenir une liste complète de JAR scannés sans succès ; éviter d'analyser des JARs inutilement peut améliorer sensiblement le temps de démarrage et le temps de compilation des JSPs
17-Feb-2026 15:34:03.718 INFO [Catalina-utility-2] org.apache.catalina.startup.HostConfig.deployWAR Le déploiement de l'archive de l'application web [/home/abi7287/2A/AW/TP2/apache-tomcat-11.0.1/webapps/template.war] s'est terminé en [1 347] ms
17-Feb-2026 15:35:33.870 INFO [Catalina-utility-2] org.apache.catalina.startup.HostConfig.undeploy Retrait de l'application web ayant pour chemin de contexte [/template]
17-Feb-2026 15:35:33.874 WARNING [Catalina-utility-2] org.apache.catalina.loader.WebappClassLoaderBase.clearReferencesJdbc L'application web [template] a enregistré un pilote JDBC [org.hsqldb.jdbc.JDBCDriver], mais ne l'a pas désenregistré avant l'arrêt de l'application.  Pour éviter une fuite de mémoire, le pilote JDBC a été désenregistré de force.
17-Feb-2026 15:35:34.122 INFO [Catalina-utility-2] org.apache.catalina.startup.HostConfig.deployWAR Déploiement de l'archive [/home/abi7287/2A/AW/TP2/apache-tomcat-11.0.1/webapps/template.war] de l'application web
17-Feb-2026 15:35:35.339 INFO [Catalina-utility-2] org.apache.jasper.servlet.TldScanner.scanJars Au moins un fichier JAR a été analysé pour trouver des TLDs mais il n'en contenait pas, le mode "debug" du journal peut être activé pour obtenir une liste complète de JAR scannés sans succès ; éviter d'analyser des JARs inutilement peut améliorer sensiblement le temps de démarrage et le temps de compilation des JSPs
17-Feb-2026 15:35:35.378 INFO [Catalina-utility-2] org.apache.catalina.startup.HostConfig.deployWAR Le déploiement de l'archive de l'application web [/home/abi7287/2A/AW/TP2/apache-tomcat-11.0.1/webapps/template.war] s'est terminé en [1 256] ms
17-Feb-2026 15:35:38.139 INFO [Finalizer] org.apache.catalina.loader.WebappClassLoaderBase.checkStateForResourceLoading Impossible de charger [org.hsqldb.error.Error], ce chargeur de classes a déjà été arrêté
	java.lang.IllegalStateException: Impossible de charger [org.hsqldb.error.Error], ce chargeur de classes a déjà été arrêté
		at org.apache.catalina.loader.WebappClassLoaderBase.checkStateForResourceLoading(WebappClassLoaderBase.java:1232)
		at org.apache.catalina.loader.WebappClassLoaderBase.checkStateForClassLoading(WebappClassLoaderBase.java:1220)
		at org.apache.catalina.loader.WebappClassLoaderBase.loadClass(WebappClassLoaderBase.java:1076)
		at org.apache.catalina.loader.WebappClassLoaderBase.loadClass(WebappClassLoaderBase.java:1043)
		at org.hsqldb.ClientConnection.execute(Unknown Source)
		at org.hsqldb.ClientConnection.close(Unknown Source)
		at org.hsqldb.jdbc.JDBCConnection.close(Unknown Source)
		at org.hsqldb.jdbc.JDBCConnection.finalize(Unknown Source)
		at java.base/java.lang.System$2.invokeFinalize(System.java:2297)
		at java.base/java.lang.ref.Finalizer.runFinalizer(Finalizer.java:88)
		at java.base/java.lang.ref.Finalizer$FinalizerThread.run(Finalizer.java:173)
17-Feb-2026 15:35:38.140 INFO [Finalizer] org.apache.catalina.loader.WebappClassLoaderBase.checkStateForResourceLoading Impossible de charger [org.hsqldb.error.Error], ce chargeur de classes a déjà été arrêté
	java.lang.IllegalStateException: Impossible de charger [org.hsqldb.error.Error], ce chargeur de classes a déjà été arrêté
		at org.apache.catalina.loader.WebappClassLoaderBase.checkStateForResourceLoading(WebappClassLoaderBase.java:1232)
		at org.apache.catalina.loader.WebappClassLoaderBase.checkStateForClassLoading(WebappClassLoaderBase.java:1220)
		at org.apache.catalina.loader.WebappClassLoaderBase.loadClass(WebappClassLoaderBase.java:1076)
		at org.apache.catalina.loader.WebappClassLoaderBase.loadClass(WebappClassLoaderBase.java:1043)
		at org.hsqldb.ClientConnection.execute(Unknown Source)
		at org.hsqldb.ClientConnection.close(Unknown Source)
		at org.hsqldb.jdbc.JDBCConnection.close(Unknown Source)
		at org.hsqldb.jdbc.JDBCConnection.finalize(Unknown Source)
		at java.base/java.lang.System$2.invokeFinalize(System.java:2297)
		at java.base/java.lang.ref.Finalizer.runFinalizer(Finalizer.java:88)
		at java.base/java.lang.ref.Finalizer$FinalizerThread.run(Finalizer.java:173)
17-Feb-2026 15:38:35.656 INFO [Catalina-utility-2] org.apache.catalina.startup.HostConfig.undeploy Retrait de l'application web ayant pour chemin de contexte [/template]
17-Feb-2026 15:38:35.659 WARNING [Catalina-utility-2] org.apache.catalina.loader.WebappClassLoaderBase.clearReferencesJdbc L'application web [template] a enregistré un pilote JDBC [org.hsqldb.jdbc.JDBCDriver], mais ne l'a pas désenregistré avant l'arrêt de l'application.  Pour éviter une fuite de mémoire, le pilote JDBC a été désenregistré de force.
17-Feb-2026 15:38:35.951 INFO [Catalina-utility-2] org.apache.catalina.startup.HostConfig.deployWAR Déploiement de l'archive [/home/abi7287/2A/AW/TP2/apache-tomcat-11.0.1/webapps/template.war] de l'application web
17-Feb-2026 15:38:37.197 INFO [Catalina-utility-2] org.apache.jasper.servlet.TldScanner.scanJars Au moins un fichier JAR a été analysé pour trouver des TLDs mais il n'en contenait pas, le mode "debug" du journal peut être activé pour obtenir une liste complète de JAR scannés sans succès ; éviter d'analyser des JARs inutilement peut améliorer sensiblement le temps de démarrage et le temps de compilation des JSPs
17-Feb-2026 15:38:37.253 INFO [Catalina-utility-2] org.apache.catalina.startup.HostConfig.deployWAR Le déploiement de l'archive de l'application web [/home/abi7287/2A/AW/TP2/apache-tomcat-11.0.1/webapps/template.war] s'est terminé en [1 302] ms
