24-Feb-2026 22:43:55.080 INFO [main] org.apache.catalina.startup.VersionLoggerListener.log Server version name:   Apache Tomcat/11.0.1
24-Feb-2026 22:43:55.090 INFO [main] org.apache.catalina.startup.VersionLoggerListener.log Server built:          Nov 6 2024 19:08:24 UTC
24-Feb-2026 22:43:55.091 INFO [main] org.apache.catalina.startup.VersionLoggerListener.log Server version number: 11.0.1.0
24-Feb-2026 22:43:55.092 INFO [main] org.apache.catalina.startup.VersionLoggerListener.log OS Name:               Linux
24-Feb-2026 22:43:55.093 INFO [main] org.apache.catalina.startup.VersionLoggerListener.log OS Version:            6.6.87.2-microsoft-standard-WSL2
24-Feb-2026 22:43:55.094 INFO [main] org.apache.catalina.startup.VersionLoggerListener.log Architecture:          amd64
24-Feb-2026 22:43:55.095 INFO [main] org.apache.catalina.startup.VersionLoggerListener.log Java Home:             /usr/lib/jvm/java-17-openjdk-amd64
24-Feb-2026 22:43:55.096 INFO [main] org.apache.catalina.startup.VersionLoggerListener.log JVM Version:           17.0.18+8-Ubuntu-124.04.1
24-Feb-2026 22:43:55.097 INFO [main] org.apache.catalina.startup.VersionLoggerListener.log JVM Vendor:            Ubuntu
24-Feb-2026 22:43:55.098 INFO [main] org.apache.catalina.startup.VersionLoggerListener.log CATALINA_BASE:         /mnt/c/Users/abdel/Documents/Code/AW/TP3/TP3/apache-tomcat-11.0.1
24-Feb-2026 22:43:55.099 INFO [main] org.apache.catalina.startup.VersionLoggerListener.log CATALINA_HOME:         /mnt/c/Users/abdel/Documents/Code/AW/TP3/TP3/apache-tomcat-11.0.1
24-Feb-2026 22:43:55.113 INFO [main] org.apache.catalina.startup.VersionLoggerListener.log Command line argument: -Djava.util.logging.config.file=/mnt/c/Users/abdel/Documents/Code/AW/TP3/TP3/apache-tomcat-11.0.1/conf/logging.properties
24-Feb-2026 22:43:55.114 INFO [main] org.apache.catalina.startup.VersionLoggerListener.log Command line argument: -Djava.util.logging.manager=org.apache.juli.ClassLoaderLogManager
24-Feb-2026 22:43:55.115 INFO [main] org.apache.catalina.startup.VersionLoggerListener.log Command line argument: -Djdk.tls.ephemeralDHKeySize=2048
24-Feb-2026 22:43:55.116 INFO [main] org.apache.catalina.startup.VersionLoggerListener.log Command line argument: -Dorg.apache.catalina.security.SecurityListener.UMASK=0027
24-Feb-2026 22:43:55.117 INFO [main] org.apache.catalina.startup.VersionLoggerListener.log Command line argument: --add-opens=java.base/java.lang=ALL-UNNAMED
24-Feb-2026 22:43:55.118 INFO [main] org.apache.catalina.startup.VersionLoggerListener.log Command line argument: --add-opens=java.base/java.io=ALL-UNNAMED
24-Feb-2026 22:43:55.119 INFO [main] org.apache.catalina.startup.VersionLoggerListener.log Command line argument: --add-opens=java.base/java.util=ALL-UNNAMED
24-Feb-2026 22:43:55.120 INFO [main] org.apache.catalina.startup.VersionLoggerListener.log Command line argument: --add-opens=java.base/java.util.concurrent=ALL-UNNAMED
24-Feb-2026 22:43:55.121 INFO [main] org.apache.catalina.startup.VersionLoggerListener.log Command line argument: --add-opens=java.rmi/sun.rmi.transport=ALL-UNNAMED
24-Feb-2026 22:43:55.122 INFO [main] org.apache.catalina.startup.VersionLoggerListener.log Command line argument: --enable-native-access=ALL-UNNAMED
24-Feb-2026 22:43:55.123 INFO [main] org.apache.catalina.startup.VersionLoggerListener.log Command line argument: -Dcatalina.base=/mnt/c/Users/abdel/Documents/Code/AW/TP3/TP3/apache-tomcat-11.0.1
24-Feb-2026 22:43:55.123 INFO [main] org.apache.catalina.startup.VersionLoggerListener.log Command line argument: -Dcatalina.home=/mnt/c/Users/abdel/Documents/Code/AW/TP3/TP3/apache-tomcat-11.0.1
24-Feb-2026 22:43:55.124 INFO [main] org.apache.catalina.startup.VersionLoggerListener.log Command line argument: -Djava.io.tmpdir=/mnt/c/Users/abdel/Documents/Code/AW/TP3/TP3/apache-tomcat-11.0.1/temp
24-Feb-2026 22:43:55.135 INFO [main] org.apache.catalina.core.AprLifecycleListener.lifecycleEvent The Apache Tomcat Native library which allows using OpenSSL was not found on the java.library.path: [/usr/java/packages/lib:/usr/lib/x86_64-linux-gnu/jni:/lib/x86_64-linux-gnu:/usr/lib/x86_64-linux-gnu:/usr/lib/jni:/lib:/usr/lib]
24-Feb-2026 22:43:55.975 INFO [main] org.apache.coyote.AbstractProtocol.init Initializing ProtocolHandler ["http-nio-8080"]
24-Feb-2026 22:43:56.053 INFO [main] org.apache.catalina.startup.Catalina.load Server initialization in [1782] milliseconds
24-Feb-2026 22:43:56.280 INFO [main] org.apache.catalina.core.StandardService.startInternal Starting service [Catalina]
24-Feb-2026 22:43:56.282 INFO [main] org.apache.catalina.core.StandardEngine.startInternal Starting Servlet engine: [Apache Tomcat/11.0.1]
24-Feb-2026 22:43:56.522 INFO [main] org.apache.catalina.startup.HostConfig.deployWAR Deploying web application archive [/mnt/c/Users/abdel/Documents/Code/AW/TP3/TP3/apache-tomcat-11.0.1/webapps/facade-0.0.1-SNAPSHOT.war]
24-Feb-2026 22:46:43.750 INFO [main] org.apache.jasper.servlet.TldScanner.scanJars At least one JAR was scanned for TLDs yet contained no TLDs. Enable debug logging for this logger for a complete list of JARs that were scanned but no TLDs were found in them. Skipping unneeded JARs during scanning can improve startup time and JSP compilation time.

  .   ____          _            __ _ _
 /\\ / ___'_ __ _ _(_)_ __  __ _ \ \ \ \
( ( )\___ | '_ | '_| | '_ \/ _` | \ \ \ \
 \\/  ___)| |_)| | | | | || (_| |  ) ) ) )
  '  |____| .__|_| |_|_| |_\__, | / / / /
 =========|_|==============|___/=/_/_/_/

 :: Spring Boot ::               (v3.5.11)

2026-02-24T22:47:16.403Z  INFO 22307 --- [facade] [           main] war.ServletInitializer                   : Starting ServletInitializer v0.0.1-SNAPSHOT using Java 17.0.18 with PID 22307 (/mnt/c/Users/abdel/Documents/Code/AW/TP3/TP3/apache-tomcat-11.0.1/webapps/facade-0.0.1-SNAPSHOT/WEB-INF/classes started by toad in /mnt/c/Users/abdel/Documents/Code/AW/TP3/TP3/apache-tomcat-11.0.1/bin)
2026-02-24T22:47:16.466Z  INFO 22307 --- [facade] [           main] war.ServletInitializer                   : No active profile set, falling back to 1 default profile: "default"
2026-02-24T22:47:47.236Z  INFO 22307 --- [facade] [           main] .s.d.r.c.RepositoryConfigurationDelegate : Bootstrapping Spring Data JPA repositories in DEFAULT mode.
2026-02-24T22:47:48.512Z  INFO 22307 --- [facade] [           main] .s.d.r.c.RepositoryConfigurationDelegate : Finished Spring Data repository scanning in 676 ms. Found 0 JPA repository interfaces.
2026-02-24T22:48:00.089Z  INFO 22307 --- [facade] [           main] w.s.c.ServletWebServerApplicationContext : Root WebApplicationContext: initialization completed in 42487 ms
2026-02-24T22:48:06.172Z  INFO 22307 --- [facade] [           main] com.zaxxer.hikari.HikariDataSource       : HikariPool-1 - Starting...
2026-02-24T22:48:12.737Z  INFO 22307 --- [facade] [           main] com.zaxxer.hikari.pool.PoolBase          : HikariPool-1 - Driver does not support get/set network timeout for connections. (feature not supported)
2026-02-24T22:48:12.786Z  INFO 22307 --- [facade] [           main] com.zaxxer.hikari.pool.HikariPool        : HikariPool-1 - Added connection org.hsqldb.jdbc.JDBCConnection@6d1bbd00
2026-02-24T22:48:12.871Z  INFO 22307 --- [facade] [           main] com.zaxxer.hikari.HikariDataSource       : HikariPool-1 - Start completed.
2026-02-24T22:48:14.631Z  INFO 22307 --- [facade] [           main] o.hibernate.jpa.internal.util.LogHelper  : HHH000204: Processing PersistenceUnitInfo [name: default]
2026-02-24T22:48:20.298Z  INFO 22307 --- [facade] [           main] org.hibernate.Version                    : HHH000412: Hibernate ORM core version 6.6.42.Final
2026-02-24T22:48:23.027Z  INFO 22307 --- [facade] [           main] o.h.c.internal.RegionFactoryInitiator    : HHH000026: Second-level cache disabled
2026-02-24T22:48:51.433Z  INFO 22307 --- [facade] [           main] o.s.o.j.p.SpringPersistenceUnitInfo      : No LoadTimeWeaver setup: ignoring JPA class transformer
2026-02-24T22:48:58.227Z  INFO 22307 --- [facade] [           main] org.hibernate.orm.connections.pooling    : HHH10001005: Database info:
	Database JDBC URL [Connecting through datasource 'HikariDataSource (HikariPool-1)']
	Database driver: undefined/unknown
	Database version: 2.7.3
	Autocommit mode: undefined/unknown
	Isolation level: undefined/unknown
	Minimum pool size: undefined/unknown
	Maximum pool size: undefined/unknown
2026-02-24T22:49:24.702Z  INFO 22307 --- [facade] [           main] o.h.e.t.j.p.i.JtaPlatformInitiator       : HHH000489: No JTA platform available (set 'hibernate.transaction.jta.platform' to enable JTA platform integration)
2026-02-24T22:49:25.161Z  INFO 22307 --- [facade] [           main] j.LocalContainerEntityManagerFactoryBean : Initialized JPA EntityManagerFactory for persistence unit 'default'
2026-02-24T22:49:27.592Z  WARN 22307 --- [facade] [           main] JpaBaseConfiguration$JpaWebConfiguration : spring.jpa.open-in-view is enabled by default. Therefore, database queries may be performed during view rendering. Explicitly configure spring.jpa.open-in-view to disable this warning
2026-02-24T22:49:42.310Z  INFO 22307 --- [facade] [           main] war.ServletInitializer                   : Started ServletInitializer in 168.219 seconds (process running for 354.463)
24-Feb-2026 22:49:42.743 INFO [main] org.apache.catalina.startup.HostConfig.deployWAR Deployment of web application archive [/mnt/c/Users/abdel/Documents/Code/AW/TP3/TP3/apache-tomcat-11.0.1/webapps/facade-0.0.1-SNAPSHOT.war] has finished in [346,214] ms
24-Feb-2026 22:49:42.752 INFO [main] org.apache.catalina.startup.HostConfig.deployDirectory Deploying web application directory [/mnt/c/Users/abdel/Documents/Code/AW/TP3/TP3/apache-tomcat-11.0.1/webapps/docs]
24-Feb-2026 22:49:44.115 INFO [main] org.apache.catalina.startup.HostConfig.deployDirectory Deployment of web application directory [/mnt/c/Users/abdel/Documents/Code/AW/TP3/TP3/apache-tomcat-11.0.1/webapps/docs] has finished in [1,362] ms
24-Feb-2026 22:49:44.121 INFO [main] org.apache.catalina.startup.HostConfig.deployDirectory Deploying web application directory [/mnt/c/Users/abdel/Documents/Code/AW/TP3/TP3/apache-tomcat-11.0.1/webapps/examples]
24-Feb-2026 22:50:03.898 INFO [main] org.apache.catalina.startup.HostConfig.deployDirectory Deployment of web application directory [/mnt/c/Users/abdel/Documents/Code/AW/TP3/TP3/apache-tomcat-11.0.1/webapps/examples] has finished in [19,777] ms
24-Feb-2026 22:50:03.907 INFO [main] org.apache.catalina.startup.HostConfig.deployDirectory Deploying web application directory [/mnt/c/Users/abdel/Documents/Code/AW/TP3/TP3/apache-tomcat-11.0.1/webapps/host-manager]
24-Feb-2026 22:50:05.396 INFO [main] org.apache.catalina.startup.HostConfig.deployDirectory Deployment of web application directory [/mnt/c/Users/abdel/Documents/Code/AW/TP3/TP3/apache-tomcat-11.0.1/webapps/host-manager] has finished in [1,488] ms
24-Feb-2026 22:50:05.400 INFO [main] org.apache.catalina.startup.HostConfig.deployDirectory Deploying web application directory [/mnt/c/Users/abdel/Documents/Code/AW/TP3/TP3/apache-tomcat-11.0.1/webapps/manager]
24-Feb-2026 22:50:07.189 INFO [main] org.apache.catalina.startup.HostConfig.deployDirectory Deployment of web application directory [/mnt/c/Users/abdel/Documents/Code/AW/TP3/TP3/apache-tomcat-11.0.1/webapps/manager] has finished in [1,789] ms
24-Feb-2026 22:50:07.195 INFO [main] org.apache.catalina.startup.HostConfig.deployDirectory Deploying web application directory [/mnt/c/Users/abdel/Documents/Code/AW/TP3/TP3/apache-tomcat-11.0.1/webapps/ROOT]
24-Feb-2026 22:50:08.321 INFO [main] org.apache.catalina.startup.HostConfig.deployDirectory Deployment of web application directory [/mnt/c/Users/abdel/Documents/Code/AW/TP3/TP3/apache-tomcat-11.0.1/webapps/ROOT] has finished in [1,126] ms
24-Feb-2026 22:50:08.348 INFO [main] org.apache.coyote.AbstractProtocol.start Starting ProtocolHandler ["http-nio-8080"]
24-Feb-2026 22:50:08.402 INFO [main] org.apache.catalina.startup.Catalina.start Server startup in [372348] milliseconds
24-Feb-2026 23:05:21.769 INFO [Catalina-utility-1] org.apache.catalina.startup.HostConfig.deployWAR Deploying web application archive [/mnt/c/Users/abdel/Documents/Code/AW/TP3/TP3/apache-tomcat-11.0.1/webapps/facade.war]
24-Feb-2026 23:08:12.472 INFO [Catalina-utility-1] org.apache.jasper.servlet.TldScanner.scanJars At least one JAR was scanned for TLDs yet contained no TLDs. Enable debug logging for this logger for a complete list of JARs that were scanned but no TLDs were found in them. Skipping unneeded JARs during scanning can improve startup time and JSP compilation time.

  .   ____          _            __ _ _
 /\\ / ___'_ __ _ _(_)_ __  __ _ \ \ \ \
( ( )\___ | '_ | '_| | '_ \/ _` | \ \ \ \
 \\/  ___)| |_)| | | | | || (_| |  ) ) ) )
  '  |____| .__|_| |_|_| |_\__, | / / / /
 =========|_|==============|___/=/_/_/_/

 :: Spring Boot ::               (v3.5.11)

2026-02-24T23:08:45.528Z  INFO 22307 --- [facade] [alina-utility-1] war.ServletInitializer                   : Starting ServletInitializer v0.0.1-SNAPSHOT using Java 17.0.18 with PID 22307 (/mnt/c/Users/abdel/Documents/Code/AW/TP3/TP3/apache-tomcat-11.0.1/webapps/facade/WEB-INF/classes started by toad in /mnt/c/Users/abdel/Documents/Code/AW/TP3/TP3/apache-tomcat-11.0.1/bin)
2026-02-24T23:08:45.590Z  INFO 22307 --- [facade] [alina-utility-1] war.ServletInitializer                   : No active profile set, falling back to 1 default profile: "default"
2026-02-24T23:09:16.429Z  INFO 22307 --- [facade] [alina-utility-1] .s.d.r.c.RepositoryConfigurationDelegate : Bootstrapping Spring Data JPA repositories in DEFAULT mode.
2026-02-24T23:09:17.745Z  INFO 22307 --- [facade] [alina-utility-1] .s.d.r.c.RepositoryConfigurationDelegate : Finished Spring Data repository scanning in 712 ms. Found 0 JPA repository interfaces.
2026-02-24T23:09:29.771Z  INFO 22307 --- [facade] [alina-utility-1] w.s.c.ServletWebServerApplicationContext : Root WebApplicationContext: initialization completed in 43042 ms
2026-02-24T23:09:36.353Z  INFO 22307 --- [facade] [alina-utility-1] com.zaxxer.hikari.HikariDataSource       : HikariPool-2 - Starting...
2026-02-24T23:09:43.320Z  INFO 22307 --- [facade] [alina-utility-1] com.zaxxer.hikari.pool.PoolBase          : HikariPool-2 - Driver does not support get/set network timeout for connections. (feature not supported)
2026-02-24T23:09:43.373Z  INFO 22307 --- [facade] [alina-utility-1] com.zaxxer.hikari.pool.HikariPool        : HikariPool-2 - Added connection org.hsqldb.jdbc.JDBCConnection@6d3808c7
2026-02-24T23:09:43.491Z  INFO 22307 --- [facade] [alina-utility-1] com.zaxxer.hikari.HikariDataSource       : HikariPool-2 - Start completed.
2026-02-24T23:09:45.355Z  INFO 22307 --- [facade] [alina-utility-1] o.hibernate.jpa.internal.util.LogHelper  : HHH000204: Processing PersistenceUnitInfo [name: default]
2026-02-24T23:09:51.772Z  INFO 22307 --- [facade] [alina-utility-1] org.hibernate.Version                    : HHH000412: Hibernate ORM core version 6.6.42.Final
2026-02-24T23:09:54.672Z  INFO 22307 --- [facade] [alina-utility-1] o.h.c.internal.RegionFactoryInitiator    : HHH000026: Second-level cache disabled
2026-02-24T23:10:22.975Z  INFO 22307 --- [facade] [alina-utility-1] o.s.o.j.p.SpringPersistenceUnitInfo      : No LoadTimeWeaver setup: ignoring JPA class transformer
2026-02-24T23:10:29.995Z  INFO 22307 --- [facade] [alina-utility-1] org.hibernate.orm.connections.pooling    : HHH10001005: Database info:
	Database JDBC URL [Connecting through datasource 'HikariDataSource (HikariPool-2)']
	Database driver: undefined/unknown
	Database version: 2.7.3
	Autocommit mode: undefined/unknown
	Isolation level: undefined/unknown
	Minimum pool size: undefined/unknown
	Maximum pool size: undefined/unknown
2026-02-24T23:10:56.464Z  INFO 22307 --- [facade] [alina-utility-1] o.h.e.t.j.p.i.JtaPlatformInitiator       : HHH000489: No JTA platform available (set 'hibernate.transaction.jta.platform' to enable JTA platform integration)
2026-02-24T23:10:56.943Z  INFO 22307 --- [facade] [alina-utility-1] j.LocalContainerEntityManagerFactoryBean : Initialized JPA EntityManagerFactory for persistence unit 'default'
2026-02-24T23:10:59.444Z  WARN 22307 --- [facade] [alina-utility-1] JpaBaseConfiguration$JpaWebConfiguration : spring.jpa.open-in-view is enabled by default. Therefore, database queries may be performed during view rendering. Explicitly configure spring.jpa.open-in-view to disable this warning
2026-02-24T23:11:15.193Z  INFO 22307 --- [facade] [alina-utility-1] war.ServletInitializer                   : Started ServletInitializer in 172.794 seconds (process running for 1647.346)
24-Feb-2026 23:11:15.510 INFO [Catalina-utility-1] org.apache.catalina.startup.HostConfig.deployWAR Deployment of web application archive [/mnt/c/Users/abdel/Documents/Code/AW/TP3/TP3/apache-tomcat-11.0.1/webapps/facade.war] has finished in [353,742] ms
24-Feb-2026 23:11:25.686 INFO [Catalina-utility-2] org.apache.catalina.startup.HostConfig.undeploy Undeploying context [/facade-0.0.1-SNAPSHOT]
2026-02-24T23:11:26.637Z  INFO 22307 --- [facade] [alina-utility-2] j.LocalContainerEntityManagerFactoryBean : Closing JPA EntityManagerFactory for persistence unit 'default'
2026-02-24T23:11:26.777Z  INFO 22307 --- [facade] [alina-utility-2] com.zaxxer.hikari.HikariDataSource       : HikariPool-1 - Shutdown initiated...
2026-02-24T23:11:26.782Z  INFO 22307 --- [facade] [alina-utility-2] com.zaxxer.hikari.HikariDataSource       : HikariPool-1 - Shutdown completed.
2026-02-24T23:29:26.767Z  INFO 22307 --- [facade] [io-8080-exec-11] o.s.web.servlet.DispatcherServlet        : Initializing Servlet 'dispatcherServlet'
2026-02-24T23:29:26.772Z  INFO 22307 --- [facade] [io-8080-exec-11] o.s.web.servlet.DispatcherServlet        : Completed initialization in 3 ms
24-Feb-2026 23:33:36.279 INFO [Catalina-utility-1] org.apache.catalina.startup.HostConfig.deployWAR Deploying web application archive [/mnt/c/Users/abdel/Documents/Code/AW/TP3/TP3/apache-tomcat-11.0.1/webapps/Annuaire.war]
24-Feb-2026 23:35:55.055 INFO [Catalina-utility-1] org.apache.jasper.servlet.TldScanner.scanJars At least one JAR was scanned for TLDs yet contained no TLDs. Enable debug logging for this logger for a complete list of JARs that were scanned but no TLDs were found in them. Skipping unneeded JARs during scanning can improve startup time and JSP compilation time.
24-Feb-2026 23:35:55.312 INFO [Catalina-utility-1] org.apache.catalina.startup.HostConfig.deployWAR Deployment of web application archive [/mnt/c/Users/abdel/Documents/Code/AW/TP3/TP3/apache-tomcat-11.0.1/webapps/Annuaire.war] has finished in [139,032] ms
24-Feb-2026 23:36:05.513 INFO [Catalina-utility-2] org.apache.catalina.startup.HostConfig.undeploy Undeploying context [/Annuaire]
24-Feb-2026 23:36:09.433 INFO [Catalina-utility-2] org.apache.catalina.startup.HostConfig.deployWAR Deploying web application archive [/mnt/c/Users/abdel/Documents/Code/AW/TP3/TP3/apache-tomcat-11.0.1/webapps/Annuaire.war]
24-Feb-2026 23:38:29.088 INFO [Catalina-utility-2] org.apache.jasper.servlet.TldScanner.scanJars At least one JAR was scanned for TLDs yet contained no TLDs. Enable debug logging for this logger for a complete list of JARs that were scanned but no TLDs were found in them. Skipping unneeded JARs during scanning can improve startup time and JSP compilation time.
24-Feb-2026 23:38:29.356 INFO [Catalina-utility-2] org.apache.catalina.startup.HostConfig.deployWAR Deployment of web application archive [/mnt/c/Users/abdel/Documents/Code/AW/TP3/TP3/apache-tomcat-11.0.1/webapps/Annuaire.war] has finished in [139,922] ms
24-Feb-2026 23:38:39.505 INFO [Catalina-utility-1] org.apache.catalina.startup.HostConfig.undeploy Undeploying context [/facade]
2026-02-24T23:38:40.448Z  INFO 22307 --- [facade] [alina-utility-1] j.LocalContainerEntityManagerFactoryBean : Closing JPA EntityManagerFactory for persistence unit 'default'
2026-02-24T23:38:40.579Z  INFO 22307 --- [facade] [alina-utility-1] com.zaxxer.hikari.HikariDataSource       : HikariPool-2 - Shutdown initiated...
2026-02-24T23:38:40.584Z  INFO 22307 --- [facade] [alina-utility-1] com.zaxxer.hikari.HikariDataSource       : HikariPool-2 - Shutdown completed.
24-Feb-2026 23:38:47.857 INFO [Catalina-utility-1] org.apache.catalina.startup.HostConfig.deployWAR Deploying web application archive [/mnt/c/Users/abdel/Documents/Code/AW/TP3/TP3/apache-tomcat-11.0.1/webapps/facade.war]
24-Feb-2026 23:41:36.366 INFO [Catalina-utility-1] org.apache.jasper.servlet.TldScanner.scanJars At least one JAR was scanned for TLDs yet contained no TLDs. Enable debug logging for this logger for a complete list of JARs that were scanned but no TLDs were found in them. Skipping unneeded JARs during scanning can improve startup time and JSP compilation time.

  .   ____          _            __ _ _
 /\\ / ___'_ __ _ _(_)_ __  __ _ \ \ \ \
( ( )\___ | '_ | '_| | '_ \/ _` | \ \ \ \
 \\/  ___)| |_)| | | | | || (_| |  ) ) ) )
  '  |____| .__|_| |_|_| |_\__, | / / / /
 =========|_|==============|___/=/_/_/_/

 :: Spring Boot ::               (v3.5.11)

2026-02-24T23:42:09.376Z  INFO 22307 --- [facade] [alina-utility-1] war.ServletInitializer                   : Starting ServletInitializer v0.0.1-SNAPSHOT using Java 17.0.18 with PID 22307 (/mnt/c/Users/abdel/Documents/Code/AW/TP3/TP3/apache-tomcat-11.0.1/webapps/facade/WEB-INF/classes started by toad in /mnt/c/Users/abdel/Documents/Code/AW/TP3/TP3/apache-tomcat-11.0.1/bin)
2026-02-24T23:42:09.435Z  INFO 22307 --- [facade] [alina-utility-1] war.ServletInitializer                   : No active profile set, falling back to 1 default profile: "default"
2026-02-24T23:42:40.120Z  INFO 22307 --- [facade] [alina-utility-1] .s.d.r.c.RepositoryConfigurationDelegate : Bootstrapping Spring Data JPA repositories in DEFAULT mode.
2026-02-24T23:42:41.460Z  INFO 22307 --- [facade] [alina-utility-1] .s.d.r.c.RepositoryConfigurationDelegate : Finished Spring Data repository scanning in 727 ms. Found 0 JPA repository interfaces.
2026-02-24T23:42:53.198Z  INFO 22307 --- [facade] [alina-utility-1] w.s.c.ServletWebServerApplicationContext : Root WebApplicationContext: initialization completed in 42606 ms
2026-02-24T23:42:59.937Z  INFO 22307 --- [facade] [alina-utility-1] com.zaxxer.hikari.HikariDataSource       : HikariPool-3 - Starting...
2026-02-24T23:43:06.803Z  INFO 22307 --- [facade] [alina-utility-1] com.zaxxer.hikari.pool.PoolBase          : HikariPool-3 - Driver does not support get/set network timeout for connections. (feature not supported)
2026-02-24T23:43:06.859Z  INFO 22307 --- [facade] [alina-utility-1] com.zaxxer.hikari.pool.HikariPool        : HikariPool-3 - Added connection org.hsqldb.jdbc.JDBCConnection@22289e92
2026-02-24T23:43:06.971Z  INFO 22307 --- [facade] [alina-utility-1] com.zaxxer.hikari.HikariDataSource       : HikariPool-3 - Start completed.
2026-02-24T23:43:08.944Z  INFO 22307 --- [facade] [alina-utility-1] o.hibernate.jpa.internal.util.LogHelper  : HHH000204: Processing PersistenceUnitInfo [name: default]
2026-02-24T23:43:15.692Z  INFO 22307 --- [facade] [alina-utility-1] org.hibernate.Version                    : HHH000412: Hibernate ORM core version 6.6.42.Final
2026-02-24T23:43:18.543Z  INFO 22307 --- [facade] [alina-utility-1] o.h.c.internal.RegionFactoryInitiator    : HHH000026: Second-level cache disabled
2026-02-24T23:43:47.139Z  INFO 22307 --- [facade] [alina-utility-1] o.s.o.j.p.SpringPersistenceUnitInfo      : No LoadTimeWeaver setup: ignoring JPA class transformer
2026-02-24T23:43:54.354Z  INFO 22307 --- [facade] [alina-utility-1] org.hibernate.orm.connections.pooling    : HHH10001005: Database info:
	Database JDBC URL [Connecting through datasource 'HikariDataSource (HikariPool-3)']
	Database driver: undefined/unknown
	Database version: 2.7.3
	Autocommit mode: undefined/unknown
	Isolation level: undefined/unknown
	Minimum pool size: undefined/unknown
	Maximum pool size: undefined/unknown
2026-02-24T23:44:21.435Z  INFO 22307 --- [facade] [alina-utility-1] o.h.e.t.j.p.i.JtaPlatformInitiator       : HHH000489: No JTA platform available (set 'hibernate.transaction.jta.platform' to enable JTA platform integration)
2026-02-24T23:44:21.931Z  INFO 22307 --- [facade] [alina-utility-1] j.LocalContainerEntityManagerFactoryBean : Initialized JPA EntityManagerFactory for persistence unit 'default'
2026-02-24T23:44:24.444Z  WARN 22307 --- [facade] [alina-utility-1] JpaBaseConfiguration$JpaWebConfiguration : spring.jpa.open-in-view is enabled by default. Therefore, database queries may be performed during view rendering. Explicitly configure spring.jpa.open-in-view to disable this warning
2026-02-24T23:44:39.594Z  INFO 22307 --- [facade] [alina-utility-1] war.ServletInitializer                   : Started ServletInitializer in 172.707 seconds (process running for 3651.747)
24-Feb-2026 23:44:39.904 INFO [Catalina-utility-1] org.apache.catalina.startup.HostConfig.deployWAR Deployment of web application archive [/mnt/c/Users/abdel/Documents/Code/AW/TP3/TP3/apache-tomcat-11.0.1/webapps/facade.war] has finished in [352,047] ms
24-Feb-2026 23:48:00.150 INFO [Catalina-utility-1] org.apache.catalina.startup.HostConfig.undeploy Undeploying context [/Annuaire]
24-Feb-2026 23:48:04.303 INFO [Catalina-utility-1] org.apache.catalina.startup.HostConfig.deployWAR Deploying web application archive [/mnt/c/Users/abdel/Documents/Code/AW/TP3/TP3/apache-tomcat-11.0.1/webapps/Annuaire.war]
2026-02-24T23:50:11.918Z  INFO 22307 --- [facade] [io-8080-exec-38] o.s.web.servlet.DispatcherServlet        : Initializing Servlet 'dispatcherServlet'
2026-02-24T23:50:11.923Z  INFO 22307 --- [facade] [io-8080-exec-38] o.s.web.servlet.DispatcherServlet        : Completed initialization in 2 ms
24-Feb-2026 23:50:24.935 INFO [Catalina-utility-1] org.apache.jasper.servlet.TldScanner.scanJars At least one JAR was scanned for TLDs yet contained no TLDs. Enable debug logging for this logger for a complete list of JARs that were scanned but no TLDs were found in them. Skipping unneeded JARs during scanning can improve startup time and JSP compilation time.
24-Feb-2026 23:50:25.167 INFO [Catalina-utility-1] org.apache.catalina.startup.HostConfig.deployWAR Deployment of web application archive [/mnt/c/Users/abdel/Documents/Code/AW/TP3/TP3/apache-tomcat-11.0.1/webapps/Annuaire.war] has finished in [140,864] ms
24-Feb-2026 23:50:35.398 INFO [Catalina-utility-1] org.apache.catalina.startup.HostConfig.undeploy Undeploying context [/Annuaire]
24-Feb-2026 23:50:39.475 INFO [Catalina-utility-1] org.apache.catalina.startup.HostConfig.deployWAR Deploying web application archive [/mnt/c/Users/abdel/Documents/Code/AW/TP3/TP3/apache-tomcat-11.0.1/webapps/Annuaire.war]
24-Feb-2026 23:52:58.120 INFO [Catalina-utility-1] org.apache.jasper.servlet.TldScanner.scanJars At least one JAR was scanned for TLDs yet contained no TLDs. Enable debug logging for this logger for a complete list of JARs that were scanned but no TLDs were found in them. Skipping unneeded JARs during scanning can improve startup time and JSP compilation time.
24-Feb-2026 23:52:58.390 INFO [Catalina-utility-1] org.apache.catalina.startup.HostConfig.deployWAR Deployment of web application archive [/mnt/c/Users/abdel/Documents/Code/AW/TP3/TP3/apache-tomcat-11.0.1/webapps/Annuaire.war] has finished in [138,914] ms
24-Feb-2026 23:54:11.935 INFO [Catalina-utility-1] org.apache.catalina.startup.HostConfig.undeploy Undeploying context [/Annuaire]
24-Feb-2026 23:54:15.666 INFO [Catalina-utility-1] org.apache.catalina.startup.HostConfig.deployWAR Deploying web application archive [/mnt/c/Users/abdel/Documents/Code/AW/TP3/TP3/apache-tomcat-11.0.1/webapps/Annuaire.war]
24-Feb-2026 23:56:32.564 INFO [Catalina-utility-1] org.apache.jasper.servlet.TldScanner.scanJars At least one JAR was scanned for TLDs yet contained no TLDs. Enable debug logging for this logger for a complete list of JARs that were scanned but no TLDs were found in them. Skipping unneeded JARs during scanning can improve startup time and JSP compilation time.
24-Feb-2026 23:56:32.834 INFO [Catalina-utility-1] org.apache.catalina.startup.HostConfig.deployWAR Deployment of web application archive [/mnt/c/Users/abdel/Documents/Code/AW/TP3/TP3/apache-tomcat-11.0.1/webapps/Annuaire.war] has finished in [137,168] ms
24-Feb-2026 23:56:43.022 INFO [Catalina-utility-2] org.apache.catalina.startup.HostConfig.undeploy Undeploying context [/facade]
2026-02-24T23:56:44.037Z  INFO 22307 --- [facade] [alina-utility-2] j.LocalContainerEntityManagerFactoryBean : Closing JPA EntityManagerFactory for persistence unit 'default'
2026-02-24T23:56:44.182Z  INFO 22307 --- [facade] [alina-utility-2] com.zaxxer.hikari.HikariDataSource       : HikariPool-3 - Shutdown initiated...
2026-02-24T23:56:44.187Z  INFO 22307 --- [facade] [alina-utility-2] com.zaxxer.hikari.HikariDataSource       : HikariPool-3 - Shutdown completed.
24-Feb-2026 23:56:51.621 INFO [Catalina-utility-2] org.apache.catalina.startup.HostConfig.deployWAR Deploying web application archive [/mnt/c/Users/abdel/Documents/Code/AW/TP3/TP3/apache-tomcat-11.0.1/webapps/facade.war]
24-Feb-2026 23:59:34.693 INFO [Catalina-utility-2] org.apache.jasper.servlet.TldScanner.scanJars At least one JAR was scanned for TLDs yet contained no TLDs. Enable debug logging for this logger for a complete list of JARs that were scanned but no TLDs were found in them. Skipping unneeded JARs during scanning can improve startup time and JSP compilation time.

  .   ____          _            __ _ _
 /\\ / ___'_ __ _ _(_)_ __  __ _ \ \ \ \
( ( )\___ | '_ | '_| | '_ \/ _` | \ \ \ \
 \\/  ___)| |_)| | | | | || (_| |  ) ) ) )
  '  |____| .__|_| |_|_| |_\__, | / / / /
 =========|_|==============|___/=/_/_/_/

 :: Spring Boot ::               (v3.5.11)

2026-02-25T00:00:07.448Z  INFO 22307 --- [facade] [alina-utility-2] war.ServletInitializer                   : Starting ServletInitializer v0.0.1-SNAPSHOT using Java 17.0.18 with PID 22307 (/mnt/c/Users/abdel/Documents/Code/AW/TP3/TP3/apache-tomcat-11.0.1/webapps/facade/WEB-INF/classes started by toad in /mnt/c/Users/abdel/Documents/Code/AW/TP3/TP3/apache-tomcat-11.0.1/bin)
2026-02-25T00:00:07.506Z  INFO 22307 --- [facade] [alina-utility-2] war.ServletInitializer                   : No active profile set, falling back to 1 default profile: "default"
2026-02-25T00:00:38.105Z  INFO 22307 --- [facade] [alina-utility-2] .s.d.r.c.RepositoryConfigurationDelegate : Bootstrapping Spring Data JPA repositories in DEFAULT mode.
2026-02-25T00:00:39.485Z  INFO 22307 --- [facade] [alina-utility-2] .s.d.r.c.RepositoryConfigurationDelegate : Finished Spring Data repository scanning in 724 ms. Found 0 JPA repository interfaces.
2026-02-25T00:00:51.027Z  INFO 22307 --- [facade] [alina-utility-2] w.s.c.ServletWebServerApplicationContext : Root WebApplicationContext: initialization completed in 42419 ms
2026-02-25T00:00:57.831Z  INFO 22307 --- [facade] [alina-utility-2] com.zaxxer.hikari.HikariDataSource       : HikariPool-4 - Starting...
2026-02-25T00:01:04.922Z  INFO 22307 --- [facade] [alina-utility-2] com.zaxxer.hikari.pool.PoolBase          : HikariPool-4 - Driver does not support get/set network timeout for connections. (feature not supported)
2026-02-25T00:01:04.986Z  INFO 22307 --- [facade] [alina-utility-2] com.zaxxer.hikari.pool.HikariPool        : HikariPool-4 - Added connection org.hsqldb.jdbc.JDBCConnection@796e7890
2026-02-25T00:01:05.116Z  INFO 22307 --- [facade] [alina-utility-2] com.zaxxer.hikari.HikariDataSource       : HikariPool-4 - Start completed.
2026-02-25T00:01:07.131Z  INFO 22307 --- [facade] [alina-utility-2] o.hibernate.jpa.internal.util.LogHelper  : HHH000204: Processing PersistenceUnitInfo [name: default]
2026-02-25T00:01:13.601Z  INFO 22307 --- [facade] [alina-utility-2] org.hibernate.Version                    : HHH000412: Hibernate ORM core version 6.6.42.Final
2026-02-25T00:01:16.450Z  INFO 22307 --- [facade] [alina-utility-2] o.h.c.internal.RegionFactoryInitiator    : HHH000026: Second-level cache disabled
2026-02-25T00:01:45.339Z  INFO 22307 --- [facade] [alina-utility-2] o.s.o.j.p.SpringPersistenceUnitInfo      : No LoadTimeWeaver setup: ignoring JPA class transformer
2026-02-25T00:01:52.441Z  INFO 22307 --- [facade] [alina-utility-2] org.hibernate.orm.connections.pooling    : HHH10001005: Database info:
	Database JDBC URL [Connecting through datasource 'HikariDataSource (HikariPool-4)']
	Database driver: undefined/unknown
	Database version: 2.7.3
	Autocommit mode: undefined/unknown
	Isolation level: undefined/unknown
	Minimum pool size: undefined/unknown
	Maximum pool size: undefined/unknown
2026-02-25T00:02:19.346Z  INFO 22307 --- [facade] [alina-utility-2] o.h.e.t.j.p.i.JtaPlatformInitiator       : HHH000489: No JTA platform available (set 'hibernate.transaction.jta.platform' to enable JTA platform integration)
2026-02-25T00:02:19.800Z  INFO 22307 --- [facade] [alina-utility-2] j.LocalContainerEntityManagerFactoryBean : Initialized JPA EntityManagerFactory for persistence unit 'default'
2026-02-25T00:02:22.259Z  WARN 22307 --- [facade] [alina-utility-2] JpaBaseConfiguration$JpaWebConfiguration : spring.jpa.open-in-view is enabled by default. Therefore, database queries may be performed during view rendering. Explicitly configure spring.jpa.open-in-view to disable this warning
2026-02-25T00:02:37.526Z  INFO 22307 --- [facade] [alina-utility-2] war.ServletInitializer                   : Started ServletInitializer in 172.69 seconds (process running for 4729.679)
25-Feb-2026 00:02:37.823 INFO [Catalina-utility-2] org.apache.catalina.startup.HostConfig.deployWAR Deployment of web application archive [/mnt/c/Users/abdel/Documents/Code/AW/TP3/TP3/apache-tomcat-11.0.1/webapps/facade.war] has finished in [346,201] ms
2026-02-25T00:03:39.886Z  INFO 22307 --- [facade] [io-8080-exec-60] o.s.web.servlet.DispatcherServlet        : Initializing Servlet 'dispatcherServlet'
2026-02-25T00:03:39.891Z  INFO 22307 --- [facade] [io-8080-exec-60] o.s.web.servlet.DispatcherServlet        : Completed initialization in 2 ms
25-Feb-2026 00:14:00.261 INFO [main] org.apache.catalina.startup.VersionLoggerListener.log Server version name:   Apache Tomcat/11.0.1
25-Feb-2026 00:14:00.271 INFO [main] org.apache.catalina.startup.VersionLoggerListener.log Server built:          Nov 6 2024 19:08:24 UTC
25-Feb-2026 00:14:00.272 INFO [main] org.apache.catalina.startup.VersionLoggerListener.log Server version number: 11.0.1.0
25-Feb-2026 00:14:00.273 INFO [main] org.apache.catalina.startup.VersionLoggerListener.log OS Name:               Linux
25-Feb-2026 00:14:00.274 INFO [main] org.apache.catalina.startup.VersionLoggerListener.log OS Version:            6.6.87.2-microsoft-standard-WSL2
25-Feb-2026 00:14:00.274 INFO [main] org.apache.catalina.startup.VersionLoggerListener.log Architecture:          amd64
25-Feb-2026 00:14:00.275 INFO [main] org.apache.catalina.startup.VersionLoggerListener.log Java Home:             /usr/lib/jvm/java-17-openjdk-amd64
25-Feb-2026 00:14:00.276 INFO [main] org.apache.catalina.startup.VersionLoggerListener.log JVM Version:           17.0.18+8-Ubuntu-124.04.1
25-Feb-2026 00:14:00.276 INFO [main] org.apache.catalina.startup.VersionLoggerListener.log JVM Vendor:            Ubuntu
25-Feb-2026 00:14:00.277 INFO [main] org.apache.catalina.startup.VersionLoggerListener.log CATALINA_BASE:         /mnt/c/Users/abdel/Documents/Code/AW/TP3/TP3/apache-tomcat-11.0.1
25-Feb-2026 00:14:00.277 INFO [main] org.apache.catalina.startup.VersionLoggerListener.log CATALINA_HOME:         /mnt/c/Users/abdel/Documents/Code/AW/TP3/TP3/apache-tomcat-11.0.1
25-Feb-2026 00:14:00.307 INFO [main] org.apache.catalina.startup.VersionLoggerListener.log Command line argument: -Djava.util.logging.config.file=/mnt/c/Users/abdel/Documents/Code/AW/TP3/TP3/apache-tomcat-11.0.1/conf/logging.properties
25-Feb-2026 00:14:00.308 INFO [main] org.apache.catalina.startup.VersionLoggerListener.log Command line argument: -Djava.util.logging.manager=org.apache.juli.ClassLoaderLogManager
25-Feb-2026 00:14:00.309 INFO [main] org.apache.catalina.startup.VersionLoggerListener.log Command line argument: -Djdk.tls.ephemeralDHKeySize=2048
25-Feb-2026 00:14:00.310 INFO [main] org.apache.catalina.startup.VersionLoggerListener.log Command line argument: -Dorg.apache.catalina.security.SecurityListener.UMASK=0027
25-Feb-2026 00:14:00.310 INFO [main] org.apache.catalina.startup.VersionLoggerListener.log Command line argument: --add-opens=java.base/java.lang=ALL-UNNAMED
25-Feb-2026 00:14:00.311 INFO [main] org.apache.catalina.startup.VersionLoggerListener.log Command line argument: --add-opens=java.base/java.io=ALL-UNNAMED
25-Feb-2026 00:14:00.312 INFO [main] org.apache.catalina.startup.VersionLoggerListener.log Command line argument: --add-opens=java.base/java.util=ALL-UNNAMED
25-Feb-2026 00:14:00.312 INFO [main] org.apache.catalina.startup.VersionLoggerListener.log Command line argument: --add-opens=java.base/java.util.concurrent=ALL-UNNAMED
25-Feb-2026 00:14:00.313 INFO [main] org.apache.catalina.startup.VersionLoggerListener.log Command line argument: --add-opens=java.rmi/sun.rmi.transport=ALL-UNNAMED
25-Feb-2026 00:14:00.314 INFO [main] org.apache.catalina.startup.VersionLoggerListener.log Command line argument: --enable-native-access=ALL-UNNAMED
25-Feb-2026 00:14:00.314 INFO [main] org.apache.catalina.startup.VersionLoggerListener.log Command line argument: -Dcatalina.base=/mnt/c/Users/abdel/Documents/Code/AW/TP3/TP3/apache-tomcat-11.0.1
25-Feb-2026 00:14:00.315 INFO [main] org.apache.catalina.startup.VersionLoggerListener.log Command line argument: -Dcatalina.home=/mnt/c/Users/abdel/Documents/Code/AW/TP3/TP3/apache-tomcat-11.0.1
25-Feb-2026 00:14:00.316 INFO [main] org.apache.catalina.startup.VersionLoggerListener.log Command line argument: -Djava.io.tmpdir=/mnt/c/Users/abdel/Documents/Code/AW/TP3/TP3/apache-tomcat-11.0.1/temp
25-Feb-2026 00:14:00.323 INFO [main] org.apache.catalina.core.AprLifecycleListener.lifecycleEvent The Apache Tomcat Native library which allows using OpenSSL was not found on the java.library.path: [/usr/java/packages/lib:/usr/lib/x86_64-linux-gnu/jni:/lib/x86_64-linux-gnu:/usr/lib/x86_64-linux-gnu:/usr/lib/jni:/lib:/usr/lib]
25-Feb-2026 00:14:00.890 INFO [main] org.apache.coyote.AbstractProtocol.init Initializing ProtocolHandler ["http-nio-8080"]
25-Feb-2026 00:14:00.927 SEVERE [main] org.apache.catalina.util.LifecycleBase.handleSubClassException Failed to initialize component [Connector["http-nio-8080"]]
	org.apache.catalina.LifecycleException: Protocol handler initialization failed
		at org.apache.catalina.connector.Connector.initInternal(Connector.java:1035)
		at org.apache.catalina.util.LifecycleBase.init(LifecycleBase.java:122)
		at org.apache.catalina.core.StandardService.initInternal(StandardService.java:525)
		at org.apache.catalina.util.LifecycleBase.init(LifecycleBase.java:122)
		at org.apache.catalina.core.StandardServer.initInternal(StandardServer.java:953)
		at org.apache.catalina.util.LifecycleBase.init(LifecycleBase.java:122)
		at org.apache.catalina.startup.Catalina.load(Catalina.java:706)
		at org.apache.catalina.startup.Catalina.load(Catalina.java:729)
		at java.base/jdk.internal.reflect.NativeMethodAccessorImpl.invoke0(Native Method)
		at java.base/jdk.internal.reflect.NativeMethodAccessorImpl.invoke(NativeMethodAccessorImpl.java:77)
		at java.base/jdk.internal.reflect.DelegatingMethodAccessorImpl.invoke(DelegatingMethodAccessorImpl.java:43)
		at java.base/java.lang.reflect.Method.invoke(Method.java:569)
		at org.apache.catalina.startup.Bootstrap.load(Bootstrap.java:299)
		at org.apache.catalina.startup.Bootstrap.main(Bootstrap.java:469)
	Caused by: java.net.BindException: Address already in use
		at java.base/sun.nio.ch.Net.bind0(Native Method)
		at java.base/sun.nio.ch.Net.bind(Net.java:567)
		at java.base/sun.nio.ch.ServerSocketChannelImpl.netBind(ServerSocketChannelImpl.java:337)
		at java.base/sun.nio.ch.ServerSocketChannelImpl.bind(ServerSocketChannelImpl.java:294)
		at org.apache.tomcat.util.net.NioEndpoint.initServerSocket(NioEndpoint.java:240)
		at org.apache.tomcat.util.net.NioEndpoint.bind(NioEndpoint.java:195)
		at org.apache.tomcat.util.net.AbstractEndpoint.bindWithCleanup(AbstractEndpoint.java:1472)
		at org.apache.tomcat.util.net.AbstractEndpoint.init(AbstractEndpoint.java:1485)
		at org.apache.coyote.AbstractProtocol.init(AbstractProtocol.java:633)
		at org.apache.coyote.http11.AbstractHttp11Protocol.init(AbstractHttp11Protocol.java:83)
		at org.apache.catalina.connector.Connector.initInternal(Connector.java:1033)
		... 13 more
25-Feb-2026 00:14:00.929 INFO [main] org.apache.catalina.startup.Catalina.load Server initialization in [1238] milliseconds
25-Feb-2026 00:14:01.081 INFO [main] org.apache.catalina.core.StandardService.startInternal Starting service [Catalina]
25-Feb-2026 00:14:01.082 INFO [main] org.apache.catalina.core.StandardEngine.startInternal Starting Servlet engine: [Apache Tomcat/11.0.1]
25-Feb-2026 00:14:01.211 INFO [main] org.apache.catalina.startup.HostConfig.deployWAR Deploying web application archive [/mnt/c/Users/abdel/Documents/Code/AW/TP3/TP3/apache-tomcat-11.0.1/webapps/Annuaire.war]
25-Feb-2026 00:14:01.322 INFO [main] org.apache.catalina.startup.ExpandWar.expand An expanded directory [/mnt/c/Users/abdel/Documents/Code/AW/TP3/TP3/apache-tomcat-11.0.1/webapps/Annuaire] was found with a last modified time that did not match the associated WAR. It will be deleted.
25-Feb-2026 00:15:28.793 INFO [main] org.apache.jasper.servlet.TldScanner.scanJars At least one JAR was scanned for TLDs yet contained no TLDs. Enable debug logging for this logger for a complete list of JARs that were scanned but no TLDs were found in them. Skipping unneeded JARs during scanning can improve startup time and JSP compilation time.
25-Feb-2026 00:15:29.099 INFO [main] org.apache.catalina.startup.HostConfig.deployWAR Deployment of web application archive [/mnt/c/Users/abdel/Documents/Code/AW/TP3/TP3/apache-tomcat-11.0.1/webapps/Annuaire.war] has finished in [87,887] ms
25-Feb-2026 00:15:29.122 INFO [main] org.apache.catalina.startup.HostConfig.deployWAR Deploying web application archive [/mnt/c/Users/abdel/Documents/Code/AW/TP3/TP3/apache-tomcat-11.0.1/webapps/facade.war]
25-Feb-2026 00:15:29.179 INFO [main] org.apache.catalina.startup.ExpandWar.expand An expanded directory [/mnt/c/Users/abdel/Documents/Code/AW/TP3/TP3/apache-tomcat-11.0.1/webapps/facade] was found with a last modified time that did not match the associated WAR. It will be deleted.
25-Feb-2026 00:17:11.198 INFO [main] org.apache.jasper.servlet.TldScanner.scanJars At least one JAR was scanned for TLDs yet contained no TLDs. Enable debug logging for this logger for a complete list of JARs that were scanned but no TLDs were found in them. Skipping unneeded JARs during scanning can improve startup time and JSP compilation time.

  .   ____          _            __ _ _
 /\\ / ___'_ __ _ _(_)_ __  __ _ \ \ \ \
( ( )\___ | '_ | '_| | '_ \/ _` | \ \ \ \
 \\/  ___)| |_)| | | | | || (_| |  ) ) ) )
  '  |____| .__|_| |_|_| |_\__, | / / / /
 =========|_|==============|___/=/_/_/_/

 :: Spring Boot ::               (v3.5.11)

2026-02-25T00:17:31.279Z  INFO 40636 --- [facade] [           main] war.ServletInitializer                   : Starting ServletInitializer v0.0.1-SNAPSHOT using Java 17.0.18 with PID 40636 (/mnt/c/Users/abdel/Documents/Code/AW/TP3/TP3/apache-tomcat-11.0.1/webapps/facade/WEB-INF/classes started by toad in /mnt/c/Users/abdel/Documents/Code/AW/TP3/TP3)
2026-02-25T00:17:31.315Z  INFO 40636 --- [facade] [           main] war.ServletInitializer                   : No active profile set, falling back to 1 default profile: "default"
2026-02-25T00:17:50.258Z  INFO 40636 --- [facade] [           main] .s.d.r.c.RepositoryConfigurationDelegate : Bootstrapping Spring Data JPA repositories in DEFAULT mode.
2026-02-25T00:17:51.020Z  INFO 40636 --- [facade] [           main] .s.d.r.c.RepositoryConfigurationDelegate : Finished Spring Data repository scanning in 393 ms. Found 0 JPA repository interfaces.
2026-02-25T00:17:58.019Z  INFO 40636 --- [facade] [           main] w.s.c.ServletWebServerApplicationContext : Root WebApplicationContext: initialization completed in 25950 ms
2026-02-25T00:18:03.946Z  INFO 40636 --- [facade] [           main] o.hibernate.jpa.internal.util.LogHelper  : HHH000204: Processing PersistenceUnitInfo [name: default]
2026-02-25T00:18:07.838Z  INFO 40636 --- [facade] [           main] org.hibernate.Version                    : HHH000412: Hibernate ORM core version 6.6.42.Final
2026-02-25T00:18:09.503Z  INFO 40636 --- [facade] [           main] o.h.c.internal.RegionFactoryInitiator    : HHH000026: Second-level cache disabled
2026-02-25T00:18:26.329Z  INFO 40636 --- [facade] [           main] o.s.o.j.p.SpringPersistenceUnitInfo      : No LoadTimeWeaver setup: ignoring JPA class transformer
2026-02-25T00:18:28.095Z  INFO 40636 --- [facade] [           main] com.zaxxer.hikari.HikariDataSource       : HikariPool-1 - Starting...
2026-02-25T00:18:30.654Z  WARN 40636 --- [facade] [           main] o.h.engine.jdbc.spi.SqlExceptionHelper   : SQL Error: -1301, SQLState: 08001
2026-02-25T00:18:30.655Z ERROR 40636 --- [facade] [           main] o.h.engine.jdbc.spi.SqlExceptionHelper   : java.net.ConnectException: Connection refused
2026-02-25T00:18:30.674Z  WARN 40636 --- [facade] [           main] o.h.e.j.e.i.JdbcEnvironmentInitiator     : HHH000342: Could not obtain connection to query metadata

org.hibernate.exception.JDBCConnectionException: unable to obtain isolated JDBC connection [java.net.ConnectException: Connection refused] [n/a]
	at org.hibernate.exception.internal.SQLStateConversionDelegate.convert(SQLStateConversionDelegate.java:100) ~[hibernate-core-6.6.42.Final.jar:6.6.42.Final]
	at org.hibernate.exception.internal.StandardSQLExceptionConverter.convert(StandardSQLExceptionConverter.java:58) ~[hibernate-core-6.6.42.Final.jar:6.6.42.Final]
	at org.hibernate.engine.jdbc.spi.SqlExceptionHelper.convert(SqlExceptionHelper.java:108) ~[hibernate-core-6.6.42.Final.jar:6.6.42.Final]
	at org.hibernate.engine.jdbc.spi.SqlExceptionHelper.convert(SqlExceptionHelper.java:94) ~[hibernate-core-6.6.42.Final.jar:6.6.42.Final]
	at org.hibernate.resource.transaction.backend.jdbc.internal.JdbcIsolationDelegate.delegateWork(JdbcIsolationDelegate.java:116) ~[hibernate-core-6.6.42.Final.jar:6.6.42.Final]
	at org.hibernate.engine.jdbc.env.internal.JdbcEnvironmentInitiator.getJdbcEnvironmentUsingJdbcMetadata(JdbcEnvironmentInitiator.java:334) ~[hibernate-core-6.6.42.Final.jar:6.6.42.Final]
	at org.hibernate.engine.jdbc.env.internal.JdbcEnvironmentInitiator.initiateService(JdbcEnvironmentInitiator.java:129) ~[hibernate-core-6.6.42.Final.jar:6.6.42.Final]
	at org.hibernate.engine.jdbc.env.internal.JdbcEnvironmentInitiator.initiateService(JdbcEnvironmentInitiator.java:81) ~[hibernate-core-6.6.42.Final.jar:6.6.42.Final]
	at org.hibernate.boot.registry.internal.StandardServiceRegistryImpl.initiateService(StandardServiceRegistryImpl.java:130) ~[hibernate-core-6.6.42.Final.jar:6.6.42.Final]
	at org.hibernate.service.internal.AbstractServiceRegistryImpl.createService(AbstractServiceRegistryImpl.java:263) ~[hibernate-core-6.6.42.Final.jar:6.6.42.Final]
	at org.hibernate.service.internal.AbstractServiceRegistryImpl.initializeService(AbstractServiceRegistryImpl.java:238) ~[hibernate-core-6.6.42.Final.jar:6.6.42.Final]
	at org.hibernate.service.internal.AbstractServiceRegistryImpl.getService(AbstractServiceRegistryImpl.java:215) ~[hibernate-core-6.6.42.Final.jar:6.6.42.Final]
	at org.hibernate.boot.model.relational.Database.<init>(Database.java:45) ~[hibernate-core-6.6.42.Final.jar:6.6.42.Final]
	at org.hibernate.boot.internal.InFlightMetadataCollectorImpl.getDatabase(InFlightMetadataCollectorImpl.java:226) ~[hibernate-core-6.6.42.Final.jar:6.6.42.Final]
	at org.hibernate.boot.internal.InFlightMetadataCollectorImpl.<init>(InFlightMetadataCollectorImpl.java:194) ~[hibernate-core-6.6.42.Final.jar:6.6.42.Final]
	at org.hibernate.boot.model.process.spi.MetadataBuildingProcess.complete(MetadataBuildingProcess.java:171) ~[hibernate-core-6.6.42.Final.jar:6.6.42.Final]
	at org.hibernate.jpa.boot.internal.EntityManagerFactoryBuilderImpl.metadata(EntityManagerFactoryBuilderImpl.java:1442) ~[hibernate-core-6.6.42.Final.jar:6.6.42.Final]
	at org.hibernate.jpa.boot.internal.EntityManagerFactoryBuilderImpl.build(EntityManagerFactoryBuilderImpl.java:1513) ~[hibernate-core-6.6.42.Final.jar:6.6.42.Final]
	at org.springframework.orm.jpa.vendor.SpringHibernateJpaPersistenceProvider.createContainerEntityManagerFactory(SpringHibernateJpaPersistenceProvider.java:66) ~[spring-orm-6.2.16.jar:6.2.16]
	at org.springframework.orm.jpa.LocalContainerEntityManagerFactoryBean.createNativeEntityManagerFactory(LocalContainerEntityManagerFactoryBean.java:388) ~[spring-orm-6.2.16.jar:6.2.16]
	at org.springframework.orm.jpa.AbstractEntityManagerFactoryBean.buildNativeEntityManagerFactory(AbstractEntityManagerFactoryBean.java:419) ~[spring-orm-6.2.16.jar:6.2.16]
	at org.springframework.orm.jpa.AbstractEntityManagerFactoryBean.afterPropertiesSet(AbstractEntityManagerFactoryBean.java:400) ~[spring-orm-6.2.16.jar:6.2.16]
	at org.springframework.orm.jpa.LocalContainerEntityManagerFactoryBean.afterPropertiesSet(LocalContainerEntityManagerFactoryBean.java:364) ~[spring-orm-6.2.16.jar:6.2.16]
	at org.springframework.beans.factory.support.AbstractAutowireCapableBeanFactory.invokeInitMethods(AbstractAutowireCapableBeanFactory.java:1873) ~[spring-beans-6.2.16.jar:6.2.16]
	at org.springframework.beans.factory.support.AbstractAutowireCapableBeanFactory.initializeBean(AbstractAutowireCapableBeanFactory.java:1822) ~[spring-beans-6.2.16.jar:6.2.16]
	at org.springframework.beans.factory.support.AbstractAutowireCapableBeanFactory.doCreateBean(AbstractAutowireCapableBeanFactory.java:607) ~[spring-beans-6.2.16.jar:6.2.16]
	at org.springframework.beans.factory.support.AbstractAutowireCapableBeanFactory.createBean(AbstractAutowireCapableBeanFactory.java:529) ~[spring-beans-6.2.16.jar:6.2.16]
	at org.springframework.beans.factory.support.AbstractBeanFactory.lambda$doGetBean$0(AbstractBeanFactory.java:339) ~[spring-beans-6.2.16.jar:6.2.16]
	at org.springframework.beans.factory.support.DefaultSingletonBeanRegistry.getSingleton(DefaultSingletonBeanRegistry.java:373) ~[spring-beans-6.2.16.jar:6.2.16]
	at org.springframework.beans.factory.support.AbstractBeanFactory.doGetBean(AbstractBeanFactory.java:337) ~[spring-beans-6.2.16.jar:6.2.16]
	at org.springframework.beans.factory.support.AbstractBeanFactory.getBean(AbstractBeanFactory.java:207) ~[spring-beans-6.2.16.jar:6.2.16]
	at org.springframework.context.support.AbstractApplicationContext.finishBeanFactoryInitialization(AbstractApplicationContext.java:974) ~[spring-context-6.2.16.jar:6.2.16]
	at org.springframework.context.support.AbstractApplicationContext.refresh(AbstractApplicationContext.java:628) ~[spring-context-6.2.16.jar:6.2.16]
	at org.springframework.boot.web.servlet.context.ServletWebServerApplicationContext.refresh(ServletWebServerApplicationContext.java:146) ~[spring-boot-3.5.11.jar:3.5.11]
	at org.springframework.boot.SpringApplication.refresh(SpringApplication.java:752) ~[spring-boot-3.5.11.jar:3.5.11]
	at org.springframework.boot.SpringApplication.refreshContext(SpringApplication.java:439) ~[spring-boot-3.5.11.jar:3.5.11]
	at org.springframework.boot.SpringApplication.run(SpringApplication.java:318) ~[spring-boot-3.5.11.jar:3.5.11]
	at org.springframework.boot.web.servlet.support.SpringBootServletInitializer.run(SpringBootServletInitializer.java:194) ~[spring-boot-3.5.11.jar:3.5.11]
	at org.springframework.boot.web.servlet.support.SpringBootServletInitializer.createRootApplicationContext(SpringBootServletInitializer.java:174) ~[spring-boot-3.5.11.jar:3.5.11]
	at org.springframework.boot.web.servlet.support.SpringBootServletInitializer.onStartup(SpringBootServletInitializer.java:102) ~[spring-boot-3.5.11.jar:3.5.11]
	at org.springframework.web.SpringServletContainerInitializer.onStartup(SpringServletContainerInitializer.java:171) ~[spring-web-6.2.16.jar:6.2.16]
	at org.apache.catalina.core.StandardContext.startInternal(StandardContext.java:4393) ~[catalina.jar:11.0.1]
	at org.apache.catalina.util.LifecycleBase.start(LifecycleBase.java:164) ~[catalina.jar:11.0.1]
	at org.apache.catalina.core.ContainerBase.addChild(ContainerBase.java:566) ~[catalina.jar:11.0.1]
	at org.apache.catalina.core.StandardHost.addChild(StandardHost.java:653) ~[catalina.jar:11.0.1]
	at org.apache.catalina.startup.HostConfig.deployWAR(HostConfig.java:933) ~[catalina.jar:11.0.1]
	at org.apache.catalina.startup.HostConfig$DeployWar.run(HostConfig.java:1875) ~[catalina.jar:11.0.1]
	at java.base/java.util.concurrent.Executors$RunnableAdapter.call(Executors.java:539) ~[na:na]
	at java.base/java.util.concurrent.FutureTask.run(FutureTask.java:264) ~[na:na]
	at org.apache.tomcat.util.threads.InlineExecutorService.execute(InlineExecutorService.java:75) ~[tomcat-util.jar:11.0.1]
	at java.base/java.util.concurrent.AbstractExecutorService.submit(AbstractExecutorService.java:123) ~[na:na]
	at org.apache.catalina.startup.HostConfig.deployWARs(HostConfig.java:735) ~[catalina.jar:11.0.1]
	at org.apache.catalina.startup.HostConfig.deployApps(HostConfig.java:387) ~[catalina.jar:11.0.1]
	at org.apache.catalina.startup.HostConfig.start(HostConfig.java:1593) ~[catalina.jar:11.0.1]
	at org.apache.catalina.startup.HostConfig.lifecycleEvent(HostConfig.java:267) ~[catalina.jar:11.0.1]
	at org.apache.catalina.util.LifecycleBase.fireLifecycleEvent(LifecycleBase.java:109) ~[catalina.jar:11.0.1]
	at org.apache.catalina.util.LifecycleBase.setStateInternal(LifecycleBase.java:389) ~[catalina.jar:11.0.1]
	at org.apache.catalina.util.LifecycleBase.setState(LifecycleBase.java:336) ~[catalina.jar:11.0.1]
	at org.apache.catalina.core.ContainerBase.startInternal(ContainerBase.java:743) ~[catalina.jar:11.0.1]
	at org.apache.catalina.core.StandardHost.startInternal(StandardHost.java:771) ~[catalina.jar:11.0.1]
	at org.apache.catalina.util.LifecycleBase.start(LifecycleBase.java:164) ~[catalina.jar:11.0.1]
	at org.apache.catalina.core.ContainerBase$StartChild.call(ContainerBase.java:1170) ~[catalina.jar:11.0.1]
	at org.apache.catalina.core.ContainerBase$StartChild.call(ContainerBase.java:1160) ~[catalina.jar:11.0.1]
	at java.base/java.util.concurrent.FutureTask.run(FutureTask.java:264) ~[na:na]
	at org.apache.tomcat.util.threads.InlineExecutorService.execute(InlineExecutorService.java:75) ~[tomcat-util.jar:11.0.1]
	at java.base/java.util.concurrent.AbstractExecutorService.submit(AbstractExecutorService.java:145) ~[na:na]
	at org.apache.catalina.core.ContainerBase.startInternal(ContainerBase.java:716) ~[catalina.jar:11.0.1]
	at org.apache.catalina.core.StandardEngine.startInternal(StandardEngine.java:203) ~[catalina.jar:11.0.1]
	at org.apache.catalina.util.LifecycleBase.start(LifecycleBase.java:164) ~[catalina.jar:11.0.1]
	at org.apache.catalina.core.StandardService.startInternal(StandardService.java:415) ~[catalina.jar:11.0.1]
	at org.apache.catalina.util.LifecycleBase.start(LifecycleBase.java:164) ~[catalina.jar:11.0.1]
	at org.apache.catalina.core.StandardServer.startInternal(StandardServer.java:866) ~[catalina.jar:11.0.1]
	at org.apache.catalina.util.LifecycleBase.start(LifecycleBase.java:164) ~[catalina.jar:11.0.1]
	at org.apache.catalina.startup.Catalina.start(Catalina.java:755) ~[catalina.jar:11.0.1]
	at java.base/jdk.internal.reflect.NativeMethodAccessorImpl.invoke0(Native Method) ~[na:na]
	at java.base/jdk.internal.reflect.NativeMethodAccessorImpl.invoke(NativeMethodAccessorImpl.java:77) ~[na:na]
	at java.base/jdk.internal.reflect.DelegatingMethodAccessorImpl.invoke(DelegatingMethodAccessorImpl.java:43) ~[na:na]
	at java.base/java.lang.reflect.Method.invoke(Method.java:569) ~[na:na]
	at org.apache.catalina.startup.Bootstrap.start(Bootstrap.java:342) ~[bootstrap.jar:11.0.1]
	at org.apache.catalina.startup.Bootstrap.main(Bootstrap.java:470) ~[bootstrap.jar:11.0.1]
Caused by: java.sql.SQLTransientConnectionException: java.net.ConnectException: Connection refused
	at org.hsqldb.jdbc.JDBCUtil.sqlException(Unknown Source) ~[hsqldb-2.7.3.jar:2.7.3]
	at org.hsqldb.jdbc.JDBCUtil.sqlException(Unknown Source) ~[hsqldb-2.7.3.jar:2.7.3]
	at org.hsqldb.jdbc.JDBCConnection.<init>(Unknown Source) ~[hsqldb-2.7.3.jar:2.7.3]
	at org.hsqldb.jdbc.JDBCDriver$1.run(Unknown Source) ~[hsqldb-2.7.3.jar:2.7.3]
Caused by: org.hsqldb.HsqlException: java.net.ConnectException: Connection refused
	at org.hsqldb.ClientConnection.openConnection(Unknown Source) ~[hsqldb-2.7.3.jar:2.7.3]
	at org.hsqldb.ClientConnection.initConnection(Unknown Source) ~[hsqldb-2.7.3.jar:2.7.3]
	at org.hsqldb.ClientConnection.<init>(Unknown Source) ~[hsqldb-2.7.3.jar:2.7.3]
	... 2 common frames omitted
Caused by: java.net.ConnectException: Connection refused
	at java.base/sun.nio.ch.Net.connect0(Native Method) ~[na:na]
	at java.base/sun.nio.ch.Net.connect(Net.java:591) ~[na:na]
	at java.base/sun.nio.ch.Net.connect(Net.java:580) ~[na:na]
	at java.base/sun.nio.ch.NioSocketImpl.connect(NioSocketImpl.java:593) ~[na:na]
	at java.base/java.net.SocksSocketImpl.connect(SocksSocketImpl.java:327) ~[na:na]
	at java.base/java.net.Socket.connect(Socket.java:633) ~[na:na]
	at java.base/java.net.Socket.connect(Socket.java:583) ~[na:na]
	at java.base/java.net.Socket.<init>(Socket.java:507) ~[na:na]
	at java.base/java.net.Socket.<init>(Socket.java:287) ~[na:na]
	at org.hsqldb.server.HsqlSocketFactory.createSocket(Unknown Source) ~[hsqldb-2.7.3.jar:2.7.3]
	... 5 common frames omitted

2026-02-25T00:18:32.065Z  WARN 40636 --- [facade] [           main] org.hibernate.orm.deprecation            : HHH90000025: HSQLDialect does not need to be specified explicitly using 'hibernate.dialect' (remove the property setting and it will be selected by default)
2026-02-25T00:18:32.811Z  INFO 40636 --- [facade] [           main] org.hibernate.orm.connections.pooling    : HHH10001005: Database info:
	Database JDBC URL [Connecting through datasource 'HikariDataSource (null)']
	Database driver: undefined/unknown
	Database version: 2.6.1
	Autocommit mode: undefined/unknown
	Isolation level: undefined/unknown
	Minimum pool size: undefined/unknown
	Maximum pool size: undefined/unknown
2026-02-25T00:18:47.573Z  INFO 40636 --- [facade] [           main] o.h.e.t.j.p.i.JtaPlatformInitiator       : HHH000489: No JTA platform available (set 'hibernate.transaction.jta.platform' to enable JTA platform integration)
2026-02-25T00:18:47.833Z  INFO 40636 --- [facade] [           main] j.LocalContainerEntityManagerFactoryBean : Initialized JPA EntityManagerFactory for persistence unit 'default'
2026-02-25T00:18:49.236Z  WARN 40636 --- [facade] [           main] JpaBaseConfiguration$JpaWebConfiguration : spring.jpa.open-in-view is enabled by default. Therefore, database queries may be performed during view rendering. Explicitly configure spring.jpa.open-in-view to disable this warning
2026-02-25T00:18:58.323Z  INFO 40636 --- [facade] [           main] war.ServletInitializer                   : Started ServletInitializer in 100.99 seconds (process running for 299.326)
25-Feb-2026 00:18:58.525 INFO [main] org.apache.catalina.startup.HostConfig.deployWAR Deployment of web application archive [/mnt/c/Users/abdel/Documents/Code/AW/TP3/TP3/apache-tomcat-11.0.1/webapps/facade.war] has finished in [209,402] ms
25-Feb-2026 00:18:58.535 INFO [main] org.apache.catalina.startup.HostConfig.deployDirectory Deploying web application directory [/mnt/c/Users/abdel/Documents/Code/AW/TP3/TP3/apache-tomcat-11.0.1/webapps/docs]
25-Feb-2026 00:18:59.362 INFO [main] org.apache.catalina.startup.HostConfig.deployDirectory Deployment of web application directory [/mnt/c/Users/abdel/Documents/Code/AW/TP3/TP3/apache-tomcat-11.0.1/webapps/docs] has finished in [827] ms
25-Feb-2026 00:18:59.365 INFO [main] org.apache.catalina.startup.HostConfig.deployDirectory Deploying web application directory [/mnt/c/Users/abdel/Documents/Code/AW/TP3/TP3/apache-tomcat-11.0.1/webapps/examples]
25-Feb-2026 00:19:08.981 INFO [main] org.apache.catalina.startup.HostConfig.deployDirectory Deployment of web application directory [/mnt/c/Users/abdel/Documents/Code/AW/TP3/TP3/apache-tomcat-11.0.1/webapps/examples] has finished in [9,616] ms
25-Feb-2026 00:19:08.989 INFO [main] org.apache.catalina.startup.HostConfig.deployDirectory Deploying web application directory [/mnt/c/Users/abdel/Documents/Code/AW/TP3/TP3/apache-tomcat-11.0.1/webapps/host-manager]
25-Feb-2026 00:19:09.793 INFO [main] org.apache.catalina.startup.HostConfig.deployDirectory Deployment of web application directory [/mnt/c/Users/abdel/Documents/Code/AW/TP3/TP3/apache-tomcat-11.0.1/webapps/host-manager] has finished in [803] ms
25-Feb-2026 00:19:09.796 INFO [main] org.apache.catalina.startup.HostConfig.deployDirectory Deploying web application directory [/mnt/c/Users/abdel/Documents/Code/AW/TP3/TP3/apache-tomcat-11.0.1/webapps/manager]
25-Feb-2026 00:19:10.726 INFO [main] org.apache.catalina.startup.HostConfig.deployDirectory Deployment of web application directory [/mnt/c/Users/abdel/Documents/Code/AW/TP3/TP3/apache-tomcat-11.0.1/webapps/manager] has finished in [929] ms
25-Feb-2026 00:19:10.729 INFO [main] org.apache.catalina.startup.HostConfig.deployDirectory Deploying web application directory [/mnt/c/Users/abdel/Documents/Code/AW/TP3/TP3/apache-tomcat-11.0.1/webapps/ROOT]
25-Feb-2026 00:19:11.317 INFO [main] org.apache.catalina.startup.HostConfig.deployDirectory Deployment of web application directory [/mnt/c/Users/abdel/Documents/Code/AW/TP3/TP3/apache-tomcat-11.0.1/webapps/ROOT] has finished in [587] ms
25-Feb-2026 00:19:11.331 INFO [main] org.apache.catalina.startup.Catalina.start Server startup in [310401] milliseconds
25-Feb-2026 00:19:11.333 SEVERE [main] org.apache.catalina.core.StandardServer.await Failed to create server shutdown socket on address [localhost] and port [8005] (base port [8005] and offset [0])
	java.net.BindException: Address already in use
		at java.base/sun.nio.ch.Net.bind0(Native Method)
		at java.base/sun.nio.ch.Net.bind(Net.java:567)
		at java.base/sun.nio.ch.Net.bind(Net.java:556)
		at java.base/sun.nio.ch.NioSocketImpl.bind(NioSocketImpl.java:648)
		at java.base/java.net.ServerSocket.bind(ServerSocket.java:388)
		at java.base/java.net.ServerSocket.<init>(ServerSocket.java:274)
		at org.apache.catalina.core.StandardServer.await(StandardServer.java:532)
		at org.apache.catalina.startup.Catalina.await(Catalina.java:845)
		at org.apache.catalina.startup.Catalina.start(Catalina.java:793)
		at java.base/jdk.internal.reflect.NativeMethodAccessorImpl.invoke0(Native Method)
		at java.base/jdk.internal.reflect.NativeMethodAccessorImpl.invoke(NativeMethodAccessorImpl.java:77)
		at java.base/jdk.internal.reflect.DelegatingMethodAccessorImpl.invoke(DelegatingMethodAccessorImpl.java:43)
		at java.base/java.lang.reflect.Method.invoke(Method.java:569)
		at org.apache.catalina.startup.Bootstrap.start(Bootstrap.java:342)
		at org.apache.catalina.startup.Bootstrap.main(Bootstrap.java:470)
25-Feb-2026 00:19:11.334 INFO [main] org.apache.coyote.AbstractProtocol.pause Pausing ProtocolHandler ["http-nio-8080"]
25-Feb-2026 00:19:11.335 INFO [main] org.apache.catalina.core.StandardService.stopInternal Stopping service [Catalina]
2026-02-25T00:19:11.954Z  INFO 40636 --- [facade] [           main] j.LocalContainerEntityManagerFactoryBean : Closing JPA EntityManagerFactory for persistence unit 'default'
25-Feb-2026 00:19:12.127 INFO [main] org.apache.coyote.AbstractProtocol.stop Stopping ProtocolHandler ["http-nio-8080"]
25-Feb-2026 00:19:12.132 INFO [main] org.apache.coyote.AbstractProtocol.destroy Destroying ProtocolHandler ["http-nio-8080"]
25-Feb-2026 00:21:09.137 INFO [Catalina-utility-1] org.apache.catalina.startup.HostConfig.undeploy Undeploying context [/Annuaire]
25-Feb-2026 00:21:11.746 INFO [Catalina-utility-1] org.apache.catalina.startup.HostConfig.deployWAR Deploying web application archive [/mnt/c/Users/abdel/Documents/Code/AW/TP3/TP3/apache-tomcat-11.0.1/webapps/Annuaire.war]
25-Feb-2026 00:22:32.110 INFO [Catalina-utility-1] org.apache.jasper.servlet.TldScanner.scanJars At least one JAR was scanned for TLDs yet contained no TLDs. Enable debug logging for this logger for a complete list of JARs that were scanned but no TLDs were found in them. Skipping unneeded JARs during scanning can improve startup time and JSP compilation time.
25-Feb-2026 00:22:32.265 INFO [Catalina-utility-1] org.apache.catalina.startup.HostConfig.deployWAR Deployment of web application archive [/mnt/c/Users/abdel/Documents/Code/AW/TP3/TP3/apache-tomcat-11.0.1/webapps/Annuaire.war] has finished in [80,518] ms
25-Feb-2026 00:22:42.365 INFO [Catalina-utility-2] org.apache.catalina.startup.HostConfig.undeploy Undeploying context [/facade]
2026-02-25T00:22:42.875Z  INFO 22307 --- [facade] [alina-utility-2] j.LocalContainerEntityManagerFactoryBean : Closing JPA EntityManagerFactory for persistence unit 'default'
2026-02-25T00:22:42.946Z  INFO 22307 --- [facade] [alina-utility-2] com.zaxxer.hikari.HikariDataSource       : HikariPool-4 - Shutdown initiated...
2026-02-25T00:22:42.950Z  INFO 22307 --- [facade] [alina-utility-2] com.zaxxer.hikari.HikariDataSource       : HikariPool-4 - Shutdown completed.
25-Feb-2026 00:22:46.898 INFO [Catalina-utility-2] org.apache.catalina.startup.HostConfig.deployWAR Deploying web application archive [/mnt/c/Users/abdel/Documents/Code/AW/TP3/TP3/apache-tomcat-11.0.1/webapps/facade.war]
25-Feb-2026 00:24:26.112 INFO [Catalina-utility-2] org.apache.jasper.servlet.TldScanner.scanJars At least one JAR was scanned for TLDs yet contained no TLDs. Enable debug logging for this logger for a complete list of JARs that were scanned but no TLDs were found in them. Skipping unneeded JARs during scanning can improve startup time and JSP compilation time.

  .   ____          _            __ _ _
 /\\ / ___'_ __ _ _(_)_ __  __ _ \ \ \ \
( ( )\___ | '_ | '_| | '_ \/ _` | \ \ \ \
 \\/  ___)| |_)| | | | | || (_| |  ) ) ) )
  '  |____| .__|_| |_|_| |_\__, | / / / /
 =========|_|==============|___/=/_/_/_/

 :: Spring Boot ::               (v3.5.11)

2026-02-25T00:24:46.418Z  INFO 22307 --- [facade] [alina-utility-2] war.ServletInitializer                   : Starting ServletInitializer v0.0.1-SNAPSHOT using Java 17.0.18 with PID 22307 (/mnt/c/Users/abdel/Documents/Code/AW/TP3/TP3/apache-tomcat-11.0.1/webapps/facade/WEB-INF/classes started by toad in /mnt/c/Users/abdel/Documents/Code/AW/TP3/TP3/apache-tomcat-11.0.1/bin)
2026-02-25T00:24:46.456Z  INFO 22307 --- [facade] [alina-utility-2] war.ServletInitializer                   : No active profile set, falling back to 1 default profile: "default"
2026-02-25T00:25:06.397Z  INFO 22307 --- [facade] [alina-utility-2] .s.d.r.c.RepositoryConfigurationDelegate : Bootstrapping Spring Data JPA repositories in DEFAULT mode.
2026-02-25T00:25:07.274Z  INFO 22307 --- [facade] [alina-utility-2] .s.d.r.c.RepositoryConfigurationDelegate : Finished Spring Data repository scanning in 476 ms. Found 0 JPA repository interfaces.
2026-02-25T00:25:14.904Z  INFO 22307 --- [facade] [alina-utility-2] w.s.c.ServletWebServerApplicationContext : Root WebApplicationContext: initialization completed in 27766 ms
2026-02-25T00:25:19.930Z  INFO 22307 --- [facade] [alina-utility-2] com.zaxxer.hikari.HikariDataSource       : HikariPool-5 - Starting...
2026-02-25T00:25:25.096Z  INFO 22307 --- [facade] [alina-utility-2] com.zaxxer.hikari.pool.PoolBase          : HikariPool-5 - Driver does not support get/set network timeout for connections. (feature not supported)
2026-02-25T00:25:25.148Z  INFO 22307 --- [facade] [alina-utility-2] com.zaxxer.hikari.pool.HikariPool        : HikariPool-5 - Added connection org.hsqldb.jdbc.JDBCConnection@7db08744
2026-02-25T00:25:25.245Z  INFO 22307 --- [facade] [alina-utility-2] com.zaxxer.hikari.HikariDataSource       : HikariPool-5 - Start completed.
2026-02-25T00:25:26.852Z  INFO 22307 --- [facade] [alina-utility-2] o.hibernate.jpa.internal.util.LogHelper  : HHH000204: Processing PersistenceUnitInfo [name: default]
2026-02-25T00:25:31.984Z  INFO 22307 --- [facade] [alina-utility-2] org.hibernate.Version                    : HHH000412: Hibernate ORM core version 6.6.42.Final
2026-02-25T00:25:34.309Z  INFO 22307 --- [facade] [alina-utility-2] o.h.c.internal.RegionFactoryInitiator    : HHH000026: Second-level cache disabled
2026-02-25T00:25:55.033Z  INFO 22307 --- [facade] [alina-utility-2] o.s.o.j.p.SpringPersistenceUnitInfo      : No LoadTimeWeaver setup: ignoring JPA class transformer
2026-02-25T00:25:59.958Z  INFO 22307 --- [facade] [alina-utility-2] org.hibernate.orm.connections.pooling    : HHH10001005: Database info:
	Database JDBC URL [Connecting through datasource 'HikariDataSource (HikariPool-5)']
	Database driver: undefined/unknown
	Database version: 2.7.3
	Autocommit mode: undefined/unknown
	Isolation level: undefined/unknown
	Minimum pool size: undefined/unknown
	Maximum pool size: undefined/unknown
2026-02-25T00:26:15.728Z  INFO 22307 --- [facade] [alina-utility-2] o.h.e.t.j.p.i.JtaPlatformInitiator       : HHH000489: No JTA platform available (set 'hibernate.transaction.jta.platform' to enable JTA platform integration)
2026-02-25T00:26:16.006Z  INFO 22307 --- [facade] [alina-utility-2] j.LocalContainerEntityManagerFactoryBean : Initialized JPA EntityManagerFactory for persistence unit 'default'
2026-02-25T00:26:17.531Z  WARN 22307 --- [facade] [alina-utility-2] JpaBaseConfiguration$JpaWebConfiguration : spring.jpa.open-in-view is enabled by default. Therefore, database queries may be performed during view rendering. Explicitly configure spring.jpa.open-in-view to disable this warning
2026-02-25T00:26:26.867Z  INFO 22307 --- [facade] [alina-utility-2] war.ServletInitializer                   : Started ServletInitializer in 115.14 seconds (process running for 6159.02)
25-Feb-2026 00:26:27.091 INFO [Catalina-utility-2] org.apache.catalina.startup.HostConfig.deployWAR Deployment of web application archive [/mnt/c/Users/abdel/Documents/Code/AW/TP3/TP3/apache-tomcat-11.0.1/webapps/facade.war] has finished in [220,192] ms
25-Feb-2026 00:26:37.179 INFO [Catalina-utility-1] org.apache.catalina.startup.HostConfig.undeploy Undeploying context [/facade]
2026-02-25T00:26:37.763Z  INFO 22307 --- [facade] [alina-utility-1] j.LocalContainerEntityManagerFactoryBean : Closing JPA EntityManagerFactory for persistence unit 'default'
2026-02-25T00:26:37.836Z  INFO 22307 --- [facade] [alina-utility-1] com.zaxxer.hikari.HikariDataSource       : HikariPool-5 - Shutdown initiated...
2026-02-25T00:26:37.839Z  INFO 22307 --- [facade] [alina-utility-1] com.zaxxer.hikari.HikariDataSource       : HikariPool-5 - Shutdown completed.
25-Feb-2026 00:26:41.791 INFO [Catalina-utility-1] org.apache.catalina.startup.HostConfig.undeploy Undeploying context [/Annuaire]
25-Feb-2026 00:26:44.042 INFO [Catalina-utility-1] org.apache.catalina.startup.HostConfig.deployWAR Deploying web application archive [/mnt/c/Users/abdel/Documents/Code/AW/TP3/TP3/apache-tomcat-11.0.1/webapps/Annuaire.war]
25-Feb-2026 00:28:04.731 INFO [Catalina-utility-1] org.apache.jasper.servlet.TldScanner.scanJars At least one JAR was scanned for TLDs yet contained no TLDs. Enable debug logging for this logger for a complete list of JARs that were scanned but no TLDs were found in them. Skipping unneeded JARs during scanning can improve startup time and JSP compilation time.
25-Feb-2026 00:28:04.876 INFO [Catalina-utility-1] org.apache.catalina.startup.HostConfig.deployWAR Deployment of web application archive [/mnt/c/Users/abdel/Documents/Code/AW/TP3/TP3/apache-tomcat-11.0.1/webapps/Annuaire.war] has finished in [80,835] ms
25-Feb-2026 00:28:04.896 INFO [Catalina-utility-1] org.apache.catalina.startup.HostConfig.deployWAR Deploying web application archive [/mnt/c/Users/abdel/Documents/Code/AW/TP3/TP3/apache-tomcat-11.0.1/webapps/facade.war]
25-Feb-2026 00:29:45.634 INFO [Catalina-utility-1] org.apache.jasper.servlet.TldScanner.scanJars At least one JAR was scanned for TLDs yet contained no TLDs. Enable debug logging for this logger for a complete list of JARs that were scanned but no TLDs were found in them. Skipping unneeded JARs during scanning can improve startup time and JSP compilation time.

  .   ____          _            __ _ _
 /\\ / ___'_ __ _ _(_)_ __  __ _ \ \ \ \
( ( )\___ | '_ | '_| | '_ \/ _` | \ \ \ \
 \\/  ___)| |_)| | | | | || (_| |  ) ) ) )
  '  |____| .__|_| |_|_| |_\__, | / / / /
 =========|_|==============|___/=/_/_/_/

 :: Spring Boot ::               (v3.5.11)

2026-02-25T00:30:04.964Z  INFO 22307 --- [facade] [alina-utility-1] war.ServletInitializer                   : Starting ServletInitializer v0.0.1-SNAPSHOT using Java 17.0.18 with PID 22307 (/mnt/c/Users/abdel/Documents/Code/AW/TP3/TP3/apache-tomcat-11.0.1/webapps/facade/WEB-INF/classes started by toad in /mnt/c/Users/abdel/Documents/Code/AW/TP3/TP3/apache-tomcat-11.0.1/bin)
2026-02-25T00:30:05.004Z  INFO 22307 --- [facade] [alina-utility-1] war.ServletInitializer                   : No active profile set, falling back to 1 default profile: "default"
2026-02-25T00:30:23.990Z  INFO 22307 --- [facade] [alina-utility-1] .s.d.r.c.RepositoryConfigurationDelegate : Bootstrapping Spring Data JPA repositories in DEFAULT mode.
2026-02-25T00:30:24.698Z  INFO 22307 --- [facade] [alina-utility-1] .s.d.r.c.RepositoryConfigurationDelegate : Finished Spring Data repository scanning in 388 ms. Found 0 JPA repository interfaces.
2026-02-25T00:30:31.202Z  INFO 22307 --- [facade] [alina-utility-1] w.s.c.ServletWebServerApplicationContext : Root WebApplicationContext: initialization completed in 25527 ms
2026-02-25T00:30:35.250Z  INFO 22307 --- [facade] [alina-utility-1] com.zaxxer.hikari.HikariDataSource       : HikariPool-6 - Starting...
2026-02-25T00:30:39.204Z  INFO 22307 --- [facade] [alina-utility-1] com.zaxxer.hikari.pool.PoolBase          : HikariPool-6 - Driver does not support get/set network timeout for connections. (feature not supported)
2026-02-25T00:30:39.234Z  INFO 22307 --- [facade] [alina-utility-1] com.zaxxer.hikari.pool.HikariPool        : HikariPool-6 - Added connection org.hsqldb.jdbc.JDBCConnection@1e204bea
2026-02-25T00:30:39.297Z  INFO 22307 --- [facade] [alina-utility-1] com.zaxxer.hikari.HikariDataSource       : HikariPool-6 - Start completed.
2026-02-25T00:30:40.463Z  INFO 22307 --- [facade] [alina-utility-1] o.hibernate.jpa.internal.util.LogHelper  : HHH000204: Processing PersistenceUnitInfo [name: default]
2026-02-25T00:30:44.651Z  INFO 22307 --- [facade] [alina-utility-1] org.hibernate.Version                    : HHH000412: Hibernate ORM core version 6.6.42.Final
2026-02-25T00:30:46.521Z  INFO 22307 --- [facade] [alina-utility-1] o.h.c.internal.RegionFactoryInitiator    : HHH000026: Second-level cache disabled
2026-02-25T00:31:03.720Z  INFO 22307 --- [facade] [alina-utility-1] o.s.o.j.p.SpringPersistenceUnitInfo      : No LoadTimeWeaver setup: ignoring JPA class transformer
2026-02-25T00:31:07.792Z  INFO 22307 --- [facade] [alina-utility-1] org.hibernate.orm.connections.pooling    : HHH10001005: Database info:
	Database JDBC URL [Connecting through datasource 'HikariDataSource (HikariPool-6)']
	Database driver: undefined/unknown
	Database version: 2.7.3
	Autocommit mode: undefined/unknown
	Isolation level: undefined/unknown
	Minimum pool size: undefined/unknown
	Maximum pool size: undefined/unknown
25-Feb-2026 00:35:26.536 INFO [main] org.apache.catalina.startup.VersionLoggerListener.log Server version name:   Apache Tomcat/11.0.1
25-Feb-2026 00:35:26.543 INFO [main] org.apache.catalina.startup.VersionLoggerListener.log Server built:          Nov 6 2024 19:08:24 UTC
25-Feb-2026 00:35:26.544 INFO [main] org.apache.catalina.startup.VersionLoggerListener.log Server version number: 11.0.1.0
25-Feb-2026 00:35:26.545 INFO [main] org.apache.catalina.startup.VersionLoggerListener.log OS Name:               Linux
25-Feb-2026 00:35:26.545 INFO [main] org.apache.catalina.startup.VersionLoggerListener.log OS Version:            6.6.87.2-microsoft-standard-WSL2
25-Feb-2026 00:35:26.546 INFO [main] org.apache.catalina.startup.VersionLoggerListener.log Architecture:          amd64
25-Feb-2026 00:35:26.547 INFO [main] org.apache.catalina.startup.VersionLoggerListener.log Java Home:             /usr/lib/jvm/java-17-openjdk-amd64
25-Feb-2026 00:35:26.547 INFO [main] org.apache.catalina.startup.VersionLoggerListener.log JVM Version:           17.0.18+8-Ubuntu-124.04.1
25-Feb-2026 00:35:26.548 INFO [main] org.apache.catalina.startup.VersionLoggerListener.log JVM Vendor:            Ubuntu
25-Feb-2026 00:35:26.549 INFO [main] org.apache.catalina.startup.VersionLoggerListener.log CATALINA_BASE:         /mnt/c/Users/abdel/Documents/Code/AW/TP3/TP3/apache-tomcat-11.0.1
25-Feb-2026 00:35:26.549 INFO [main] org.apache.catalina.startup.VersionLoggerListener.log CATALINA_HOME:         /mnt/c/Users/abdel/Documents/Code/AW/TP3/TP3/apache-tomcat-11.0.1
25-Feb-2026 00:35:26.558 INFO [main] org.apache.catalina.startup.VersionLoggerListener.log Command line argument: -Djava.util.logging.config.file=/mnt/c/Users/abdel/Documents/Code/AW/TP3/TP3/apache-tomcat-11.0.1/conf/logging.properties
25-Feb-2026 00:35:26.559 INFO [main] org.apache.catalina.startup.VersionLoggerListener.log Command line argument: -Djava.util.logging.manager=org.apache.juli.ClassLoaderLogManager
25-Feb-2026 00:35:26.560 INFO [main] org.apache.catalina.startup.VersionLoggerListener.log Command line argument: -Djdk.tls.ephemeralDHKeySize=2048
25-Feb-2026 00:35:26.560 INFO [main] org.apache.catalina.startup.VersionLoggerListener.log Command line argument: -Dorg.apache.catalina.security.SecurityListener.UMASK=0027
25-Feb-2026 00:35:26.561 INFO [main] org.apache.catalina.startup.VersionLoggerListener.log Command line argument: --add-opens=java.base/java.lang=ALL-UNNAMED
25-Feb-2026 00:35:26.562 INFO [main] org.apache.catalina.startup.VersionLoggerListener.log Command line argument: --add-opens=java.base/java.io=ALL-UNNAMED
25-Feb-2026 00:35:26.563 INFO [main] org.apache.catalina.startup.VersionLoggerListener.log Command line argument: --add-opens=java.base/java.util=ALL-UNNAMED
25-Feb-2026 00:35:26.563 INFO [main] org.apache.catalina.startup.VersionLoggerListener.log Command line argument: --add-opens=java.base/java.util.concurrent=ALL-UNNAMED
25-Feb-2026 00:35:26.564 INFO [main] org.apache.catalina.startup.VersionLoggerListener.log Command line argument: --add-opens=java.rmi/sun.rmi.transport=ALL-UNNAMED
25-Feb-2026 00:35:26.564 INFO [main] org.apache.catalina.startup.VersionLoggerListener.log Command line argument: --enable-native-access=ALL-UNNAMED
25-Feb-2026 00:35:26.565 INFO [main] org.apache.catalina.startup.VersionLoggerListener.log Command line argument: -Dcatalina.base=/mnt/c/Users/abdel/Documents/Code/AW/TP3/TP3/apache-tomcat-11.0.1
25-Feb-2026 00:35:26.565 INFO [main] org.apache.catalina.startup.VersionLoggerListener.log Command line argument: -Dcatalina.home=/mnt/c/Users/abdel/Documents/Code/AW/TP3/TP3/apache-tomcat-11.0.1
25-Feb-2026 00:35:26.566 INFO [main] org.apache.catalina.startup.VersionLoggerListener.log Command line argument: -Djava.io.tmpdir=/mnt/c/Users/abdel/Documents/Code/AW/TP3/TP3/apache-tomcat-11.0.1/temp
25-Feb-2026 00:35:26.574 INFO [main] org.apache.catalina.core.AprLifecycleListener.lifecycleEvent The Apache Tomcat Native library which allows using OpenSSL was not found on the java.library.path: [/usr/java/packages/lib:/usr/lib/x86_64-linux-gnu/jni:/lib/x86_64-linux-gnu:/usr/lib/x86_64-linux-gnu:/usr/lib/jni:/lib:/usr/lib]
25-Feb-2026 00:35:27.178 INFO [main] org.apache.coyote.AbstractProtocol.init Initializing ProtocolHandler ["http-nio-8080"]
25-Feb-2026 00:35:27.259 INFO [main] org.apache.catalina.startup.Catalina.load Server initialization in [1300] milliseconds
25-Feb-2026 00:35:27.417 INFO [main] org.apache.catalina.core.StandardService.startInternal Starting service [Catalina]
25-Feb-2026 00:35:27.418 INFO [main] org.apache.catalina.core.StandardEngine.startInternal Starting Servlet engine: [Apache Tomcat/11.0.1]
25-Feb-2026 00:35:27.528 INFO [main] org.apache.catalina.startup.HostConfig.deployWAR Deploying web application archive [/mnt/c/Users/abdel/Documents/Code/AW/TP3/TP3/apache-tomcat-11.0.1/webapps/Annuaire.war]
25-Feb-2026 00:35:27.649 INFO [main] org.apache.catalina.startup.ExpandWar.expand An expanded directory [/mnt/c/Users/abdel/Documents/Code/AW/TP3/TP3/apache-tomcat-11.0.1/webapps/Annuaire] was found with a last modified time that did not match the associated WAR. It will be deleted.
25-Feb-2026 00:37:05.587 INFO [main] org.apache.jasper.servlet.TldScanner.scanJars At least one JAR was scanned for TLDs yet contained no TLDs. Enable debug logging for this logger for a complete list of JARs that were scanned but no TLDs were found in them. Skipping unneeded JARs during scanning can improve startup time and JSP compilation time.
25-Feb-2026 00:37:05.872 INFO [main] org.apache.catalina.startup.HostConfig.deployWAR Deployment of web application archive [/mnt/c/Users/abdel/Documents/Code/AW/TP3/TP3/apache-tomcat-11.0.1/webapps/Annuaire.war] has finished in [98,343] ms
25-Feb-2026 00:37:05.891 INFO [main] org.apache.catalina.startup.HostConfig.deployWAR Deploying web application archive [/mnt/c/Users/abdel/Documents/Code/AW/TP3/TP3/apache-tomcat-11.0.1/webapps/facade.war]
25-Feb-2026 00:37:05.947 INFO [main] org.apache.catalina.startup.ExpandWar.expand An expanded directory [/mnt/c/Users/abdel/Documents/Code/AW/TP3/TP3/apache-tomcat-11.0.1/webapps/facade] was found with a last modified time that did not match the associated WAR. It will be deleted.
25-Feb-2026 00:38:32.911 INFO [main] org.apache.jasper.servlet.TldScanner.scanJars At least one JAR was scanned for TLDs yet contained no TLDs. Enable debug logging for this logger for a complete list of JARs that were scanned but no TLDs were found in them. Skipping unneeded JARs during scanning can improve startup time and JSP compilation time.

  .   ____          _            __ _ _
 /\\ / ___'_ __ _ _(_)_ __  __ _ \ \ \ \
( ( )\___ | '_ | '_| | '_ \/ _` | \ \ \ \
 \\/  ___)| |_)| | | | | || (_| |  ) ) ) )
  '  |____| .__|_| |_|_| |_\__, | / / / /
 =========|_|==============|___/=/_/_/_/

 :: Spring Boot ::               (v3.5.11)

2026-02-25T00:38:50.770Z  INFO 46209 --- [facade] [           main] war.ServletInitializer                   : Starting ServletInitializer v0.0.1-SNAPSHOT using Java 17.0.18 with PID 46209 (/mnt/c/Users/abdel/Documents/Code/AW/TP3/TP3/apache-tomcat-11.0.1/webapps/facade/WEB-INF/classes started by toad in /mnt/c/Users/abdel/Documents/Code/AW/TP3/TP3)
2026-02-25T00:38:50.807Z  INFO 46209 --- [facade] [           main] war.ServletInitializer                   : No active profile set, falling back to 1 default profile: "default"
2026-02-25T00:39:08.217Z  INFO 46209 --- [facade] [           main] .s.d.r.c.RepositoryConfigurationDelegate : Bootstrapping Spring Data JPA repositories in DEFAULT mode.
2026-02-25T00:39:08.913Z  INFO 46209 --- [facade] [           main] .s.d.r.c.RepositoryConfigurationDelegate : Finished Spring Data repository scanning in 379 ms. Found 0 JPA repository interfaces.
2026-02-25T00:39:15.110Z  INFO 46209 --- [facade] [           main] w.s.c.ServletWebServerApplicationContext : Root WebApplicationContext: initialization completed in 23558 ms
2026-02-25T00:39:20.910Z  INFO 46209 --- [facade] [           main] o.hibernate.jpa.internal.util.LogHelper  : HHH000204: Processing PersistenceUnitInfo [name: default]
2026-02-25T00:39:25.328Z  INFO 46209 --- [facade] [           main] org.hibernate.Version                    : HHH000412: Hibernate ORM core version 6.6.42.Final
2026-02-25T00:39:27.358Z  INFO 46209 --- [facade] [           main] o.h.c.internal.RegionFactoryInitiator    : HHH000026: Second-level cache disabled
2026-02-25T00:39:44.121Z  INFO 46209 --- [facade] [           main] o.s.o.j.p.SpringPersistenceUnitInfo      : No LoadTimeWeaver setup: ignoring JPA class transformer
2026-02-25T00:39:46.230Z  INFO 46209 --- [facade] [           main] com.zaxxer.hikari.HikariDataSource       : HikariPool-1 - Starting...
2026-02-25T00:39:48.828Z  WARN 46209 --- [facade] [           main] o.h.engine.jdbc.spi.SqlExceptionHelper   : SQL Error: -1301, SQLState: 08001
2026-02-25T00:39:48.830Z ERROR 46209 --- [facade] [           main] o.h.engine.jdbc.spi.SqlExceptionHelper   : java.net.ConnectException: Connection refused
2026-02-25T00:39:48.851Z  WARN 46209 --- [facade] [           main] o.h.e.j.e.i.JdbcEnvironmentInitiator     : HHH000342: Could not obtain connection to query metadata

org.hibernate.exception.JDBCConnectionException: unable to obtain isolated JDBC connection [java.net.ConnectException: Connection refused] [n/a]
	at org.hibernate.exception.internal.SQLStateConversionDelegate.convert(SQLStateConversionDelegate.java:100) ~[hibernate-core-6.6.42.Final.jar:6.6.42.Final]
	at org.hibernate.exception.internal.StandardSQLExceptionConverter.convert(StandardSQLExceptionConverter.java:58) ~[hibernate-core-6.6.42.Final.jar:6.6.42.Final]
	at org.hibernate.engine.jdbc.spi.SqlExceptionHelper.convert(SqlExceptionHelper.java:108) ~[hibernate-core-6.6.42.Final.jar:6.6.42.Final]
	at org.hibernate.engine.jdbc.spi.SqlExceptionHelper.convert(SqlExceptionHelper.java:94) ~[hibernate-core-6.6.42.Final.jar:6.6.42.Final]
	at org.hibernate.resource.transaction.backend.jdbc.internal.JdbcIsolationDelegate.delegateWork(JdbcIsolationDelegate.java:116) ~[hibernate-core-6.6.42.Final.jar:6.6.42.Final]
	at org.hibernate.engine.jdbc.env.internal.JdbcEnvironmentInitiator.getJdbcEnvironmentUsingJdbcMetadata(JdbcEnvironmentInitiator.java:334) ~[hibernate-core-6.6.42.Final.jar:6.6.42.Final]
	at org.hibernate.engine.jdbc.env.internal.JdbcEnvironmentInitiator.initiateService(JdbcEnvironmentInitiator.java:129) ~[hibernate-core-6.6.42.Final.jar:6.6.42.Final]
	at org.hibernate.engine.jdbc.env.internal.JdbcEnvironmentInitiator.initiateService(JdbcEnvironmentInitiator.java:81) ~[hibernate-core-6.6.42.Final.jar:6.6.42.Final]
	at org.hibernate.boot.registry.internal.StandardServiceRegistryImpl.initiateService(StandardServiceRegistryImpl.java:130) ~[hibernate-core-6.6.42.Final.jar:6.6.42.Final]
	at org.hibernate.service.internal.AbstractServiceRegistryImpl.createService(AbstractServiceRegistryImpl.java:263) ~[hibernate-core-6.6.42.Final.jar:6.6.42.Final]
	at org.hibernate.service.internal.AbstractServiceRegistryImpl.initializeService(AbstractServiceRegistryImpl.java:238) ~[hibernate-core-6.6.42.Final.jar:6.6.42.Final]
	at org.hibernate.service.internal.AbstractServiceRegistryImpl.getService(AbstractServiceRegistryImpl.java:215) ~[hibernate-core-6.6.42.Final.jar:6.6.42.Final]
	at org.hibernate.boot.model.relational.Database.<init>(Database.java:45) ~[hibernate-core-6.6.42.Final.jar:6.6.42.Final]
	at org.hibernate.boot.internal.InFlightMetadataCollectorImpl.getDatabase(InFlightMetadataCollectorImpl.java:226) ~[hibernate-core-6.6.42.Final.jar:6.6.42.Final]
	at org.hibernate.boot.internal.InFlightMetadataCollectorImpl.<init>(InFlightMetadataCollectorImpl.java:194) ~[hibernate-core-6.6.42.Final.jar:6.6.42.Final]
	at org.hibernate.boot.model.process.spi.MetadataBuildingProcess.complete(MetadataBuildingProcess.java:171) ~[hibernate-core-6.6.42.Final.jar:6.6.42.Final]
	at org.hibernate.jpa.boot.internal.EntityManagerFactoryBuilderImpl.metadata(EntityManagerFactoryBuilderImpl.java:1442) ~[hibernate-core-6.6.42.Final.jar:6.6.42.Final]
	at org.hibernate.jpa.boot.internal.EntityManagerFactoryBuilderImpl.build(EntityManagerFactoryBuilderImpl.java:1513) ~[hibernate-core-6.6.42.Final.jar:6.6.42.Final]
	at org.springframework.orm.jpa.vendor.SpringHibernateJpaPersistenceProvider.createContainerEntityManagerFactory(SpringHibernateJpaPersistenceProvider.java:66) ~[spring-orm-6.2.16.jar:6.2.16]
	at org.springframework.orm.jpa.LocalContainerEntityManagerFactoryBean.createNativeEntityManagerFactory(LocalContainerEntityManagerFactoryBean.java:388) ~[spring-orm-6.2.16.jar:6.2.16]
	at org.springframework.orm.jpa.AbstractEntityManagerFactoryBean.buildNativeEntityManagerFactory(AbstractEntityManagerFactoryBean.java:419) ~[spring-orm-6.2.16.jar:6.2.16]
	at org.springframework.orm.jpa.AbstractEntityManagerFactoryBean.afterPropertiesSet(AbstractEntityManagerFactoryBean.java:400) ~[spring-orm-6.2.16.jar:6.2.16]
	at org.springframework.orm.jpa.LocalContainerEntityManagerFactoryBean.afterPropertiesSet(LocalContainerEntityManagerFactoryBean.java:364) ~[spring-orm-6.2.16.jar:6.2.16]
	at org.springframework.beans.factory.support.AbstractAutowireCapableBeanFactory.invokeInitMethods(AbstractAutowireCapableBeanFactory.java:1873) ~[spring-beans-6.2.16.jar:6.2.16]
	at org.springframework.beans.factory.support.AbstractAutowireCapableBeanFactory.initializeBean(AbstractAutowireCapableBeanFactory.java:1822) ~[spring-beans-6.2.16.jar:6.2.16]
	at org.springframework.beans.factory.support.AbstractAutowireCapableBeanFactory.doCreateBean(AbstractAutowireCapableBeanFactory.java:607) ~[spring-beans-6.2.16.jar:6.2.16]
	at org.springframework.beans.factory.support.AbstractAutowireCapableBeanFactory.createBean(AbstractAutowireCapableBeanFactory.java:529) ~[spring-beans-6.2.16.jar:6.2.16]
	at org.springframework.beans.factory.support.AbstractBeanFactory.lambda$doGetBean$0(AbstractBeanFactory.java:339) ~[spring-beans-6.2.16.jar:6.2.16]
	at org.springframework.beans.factory.support.DefaultSingletonBeanRegistry.getSingleton(DefaultSingletonBeanRegistry.java:373) ~[spring-beans-6.2.16.jar:6.2.16]
	at org.springframework.beans.factory.support.AbstractBeanFactory.doGetBean(AbstractBeanFactory.java:337) ~[spring-beans-6.2.16.jar:6.2.16]
	at org.springframework.beans.factory.support.AbstractBeanFactory.getBean(AbstractBeanFactory.java:207) ~[spring-beans-6.2.16.jar:6.2.16]
	at org.springframework.context.support.AbstractApplicationContext.finishBeanFactoryInitialization(AbstractApplicationContext.java:974) ~[spring-context-6.2.16.jar:6.2.16]
	at org.springframework.context.support.AbstractApplicationContext.refresh(AbstractApplicationContext.java:628) ~[spring-context-6.2.16.jar:6.2.16]
	at org.springframework.boot.web.servlet.context.ServletWebServerApplicationContext.refresh(ServletWebServerApplicationContext.java:146) ~[spring-boot-3.5.11.jar:3.5.11]
	at org.springframework.boot.SpringApplication.refresh(SpringApplication.java:752) ~[spring-boot-3.5.11.jar:3.5.11]
	at org.springframework.boot.SpringApplication.refreshContext(SpringApplication.java:439) ~[spring-boot-3.5.11.jar:3.5.11]
	at org.springframework.boot.SpringApplication.run(SpringApplication.java:318) ~[spring-boot-3.5.11.jar:3.5.11]
	at org.springframework.boot.web.servlet.support.SpringBootServletInitializer.run(SpringBootServletInitializer.java:194) ~[spring-boot-3.5.11.jar:3.5.11]
	at org.springframework.boot.web.servlet.support.SpringBootServletInitializer.createRootApplicationContext(SpringBootServletInitializer.java:174) ~[spring-boot-3.5.11.jar:3.5.11]
	at org.springframework.boot.web.servlet.support.SpringBootServletInitializer.onStartup(SpringBootServletInitializer.java:102) ~[spring-boot-3.5.11.jar:3.5.11]
	at org.springframework.web.SpringServletContainerInitializer.onStartup(SpringServletContainerInitializer.java:171) ~[spring-web-6.2.16.jar:6.2.16]
	at org.apache.catalina.core.StandardContext.startInternal(StandardContext.java:4393) ~[catalina.jar:11.0.1]
	at org.apache.catalina.util.LifecycleBase.start(LifecycleBase.java:164) ~[catalina.jar:11.0.1]
	at org.apache.catalina.core.ContainerBase.addChild(ContainerBase.java:566) ~[catalina.jar:11.0.1]
	at org.apache.catalina.core.StandardHost.addChild(StandardHost.java:653) ~[catalina.jar:11.0.1]
	at org.apache.catalina.startup.HostConfig.deployWAR(HostConfig.java:933) ~[catalina.jar:11.0.1]
	at org.apache.catalina.startup.HostConfig$DeployWar.run(HostConfig.java:1875) ~[catalina.jar:11.0.1]
	at java.base/java.util.concurrent.Executors$RunnableAdapter.call(Executors.java:539) ~[na:na]
	at java.base/java.util.concurrent.FutureTask.run(FutureTask.java:264) ~[na:na]
	at org.apache.tomcat.util.threads.InlineExecutorService.execute(InlineExecutorService.java:75) ~[tomcat-util.jar:11.0.1]
	at java.base/java.util.concurrent.AbstractExecutorService.submit(AbstractExecutorService.java:123) ~[na:na]
	at org.apache.catalina.startup.HostConfig.deployWARs(HostConfig.java:735) ~[catalina.jar:11.0.1]
	at org.apache.catalina.startup.HostConfig.deployApps(HostConfig.java:387) ~[catalina.jar:11.0.1]
	at org.apache.catalina.startup.HostConfig.start(HostConfig.java:1593) ~[catalina.jar:11.0.1]
	at org.apache.catalina.startup.HostConfig.lifecycleEvent(HostConfig.java:267) ~[catalina.jar:11.0.1]
	at org.apache.catalina.util.LifecycleBase.fireLifecycleEvent(LifecycleBase.java:109) ~[catalina.jar:11.0.1]
	at org.apache.catalina.util.LifecycleBase.setStateInternal(LifecycleBase.java:389) ~[catalina.jar:11.0.1]
	at org.apache.catalina.util.LifecycleBase.setState(LifecycleBase.java:336) ~[catalina.jar:11.0.1]
	at org.apache.catalina.core.ContainerBase.startInternal(ContainerBase.java:743) ~[catalina.jar:11.0.1]
	at org.apache.catalina.core.StandardHost.startInternal(StandardHost.java:771) ~[catalina.jar:11.0.1]
	at org.apache.catalina.util.LifecycleBase.start(LifecycleBase.java:164) ~[catalina.jar:11.0.1]
	at org.apache.catalina.core.ContainerBase$StartChild.call(ContainerBase.java:1170) ~[catalina.jar:11.0.1]
	at org.apache.catalina.core.ContainerBase$StartChild.call(ContainerBase.java:1160) ~[catalina.jar:11.0.1]
	at java.base/java.util.concurrent.FutureTask.run(FutureTask.java:264) ~[na:na]
	at org.apache.tomcat.util.threads.InlineExecutorService.execute(InlineExecutorService.java:75) ~[tomcat-util.jar:11.0.1]
	at java.base/java.util.concurrent.AbstractExecutorService.submit(AbstractExecutorService.java:145) ~[na:na]
	at org.apache.catalina.core.ContainerBase.startInternal(ContainerBase.java:716) ~[catalina.jar:11.0.1]
	at org.apache.catalina.core.StandardEngine.startInternal(StandardEngine.java:203) ~[catalina.jar:11.0.1]
	at org.apache.catalina.util.LifecycleBase.start(LifecycleBase.java:164) ~[catalina.jar:11.0.1]
	at org.apache.catalina.core.StandardService.startInternal(StandardService.java:415) ~[catalina.jar:11.0.1]
	at org.apache.catalina.util.LifecycleBase.start(LifecycleBase.java:164) ~[catalina.jar:11.0.1]
	at org.apache.catalina.core.StandardServer.startInternal(StandardServer.java:866) ~[catalina.jar:11.0.1]
	at org.apache.catalina.util.LifecycleBase.start(LifecycleBase.java:164) ~[catalina.jar:11.0.1]
	at org.apache.catalina.startup.Catalina.start(Catalina.java:755) ~[catalina.jar:11.0.1]
	at java.base/jdk.internal.reflect.NativeMethodAccessorImpl.invoke0(Native Method) ~[na:na]
	at java.base/jdk.internal.reflect.NativeMethodAccessorImpl.invoke(NativeMethodAccessorImpl.java:77) ~[na:na]
	at java.base/jdk.internal.reflect.DelegatingMethodAccessorImpl.invoke(DelegatingMethodAccessorImpl.java:43) ~[na:na]
	at java.base/java.lang.reflect.Method.invoke(Method.java:569) ~[na:na]
	at org.apache.catalina.startup.Bootstrap.start(Bootstrap.java:342) ~[bootstrap.jar:11.0.1]
	at org.apache.catalina.startup.Bootstrap.main(Bootstrap.java:470) ~[bootstrap.jar:11.0.1]
Caused by: java.sql.SQLTransientConnectionException: java.net.ConnectException: Connection refused
	at org.hsqldb.jdbc.JDBCUtil.sqlException(Unknown Source) ~[hsqldb-2.7.3.jar:2.7.3]
	at org.hsqldb.jdbc.JDBCUtil.sqlException(Unknown Source) ~[hsqldb-2.7.3.jar:2.7.3]
	at org.hsqldb.jdbc.JDBCConnection.<init>(Unknown Source) ~[hsqldb-2.7.3.jar:2.7.3]
	at org.hsqldb.jdbc.JDBCDriver$1.run(Unknown Source) ~[hsqldb-2.7.3.jar:2.7.3]
Caused by: org.hsqldb.HsqlException: java.net.ConnectException: Connection refused
	at org.hsqldb.ClientConnection.openConnection(Unknown Source) ~[hsqldb-2.7.3.jar:2.7.3]
	at org.hsqldb.ClientConnection.initConnection(Unknown Source) ~[hsqldb-2.7.3.jar:2.7.3]
	at org.hsqldb.ClientConnection.<init>(Unknown Source) ~[hsqldb-2.7.3.jar:2.7.3]
	... 2 common frames omitted
Caused by: java.net.ConnectException: Connection refused
	at java.base/sun.nio.ch.Net.connect0(Native Method) ~[na:na]
	at java.base/sun.nio.ch.Net.connect(Net.java:591) ~[na:na]
	at java.base/sun.nio.ch.Net.connect(Net.java:580) ~[na:na]
	at java.base/sun.nio.ch.NioSocketImpl.connect(NioSocketImpl.java:593) ~[na:na]
	at java.base/java.net.SocksSocketImpl.connect(SocksSocketImpl.java:327) ~[na:na]
	at java.base/java.net.Socket.connect(Socket.java:633) ~[na:na]
	at java.base/java.net.Socket.connect(Socket.java:583) ~[na:na]
	at java.base/java.net.Socket.<init>(Socket.java:507) ~[na:na]
	at java.base/java.net.Socket.<init>(Socket.java:287) ~[na:na]
	at org.hsqldb.server.HsqlSocketFactory.createSocket(Unknown Source) ~[hsqldb-2.7.3.jar:2.7.3]
	... 5 common frames omitted

2026-02-25T00:39:50.146Z  WARN 46209 --- [facade] [           main] org.hibernate.orm.deprecation            : HHH90000025: HSQLDialect does not need to be specified explicitly using 'hibernate.dialect' (remove the property setting and it will be selected by default)
2026-02-25T00:39:50.850Z  INFO 46209 --- [facade] [           main] org.hibernate.orm.connections.pooling    : HHH10001005: Database info:
	Database JDBC URL [Connecting through datasource 'HikariDataSource (null)']
	Database driver: undefined/unknown
	Database version: 2.6.1
	Autocommit mode: undefined/unknown
	Isolation level: undefined/unknown
	Minimum pool size: undefined/unknown
	Maximum pool size: undefined/unknown
2026-02-25T00:40:04.613Z  INFO 46209 --- [facade] [           main] o.h.e.t.j.p.i.JtaPlatformInitiator       : HHH000489: No JTA platform available (set 'hibernate.transaction.jta.platform' to enable JTA platform integration)
2026-02-25T00:40:04.849Z  INFO 46209 --- [facade] [           main] j.LocalContainerEntityManagerFactoryBean : Initialized JPA EntityManagerFactory for persistence unit 'default'
2026-02-25T00:40:06.185Z  WARN 46209 --- [facade] [           main] JpaBaseConfiguration$JpaWebConfiguration : spring.jpa.open-in-view is enabled by default. Therefore, database queries may be performed during view rendering. Explicitly configure spring.jpa.open-in-view to disable this warning
2026-02-25T00:40:14.627Z  INFO 46209 --- [facade] [           main] war.ServletInitializer                   : Started ServletInitializer in 96.432 seconds (process running for 290.064)
25-Feb-2026 00:40:14.819 INFO [main] org.apache.catalina.startup.HostConfig.deployWAR Deployment of web application archive [/mnt/c/Users/abdel/Documents/Code/AW/TP3/TP3/apache-tomcat-11.0.1/webapps/facade.war] has finished in [188,928] ms
25-Feb-2026 00:40:14.828 INFO [main] org.apache.catalina.startup.HostConfig.deployDirectory Deploying web application directory [/mnt/c/Users/abdel/Documents/Code/AW/TP3/TP3/apache-tomcat-11.0.1/webapps/docs]
25-Feb-2026 00:40:15.544 INFO [main] org.apache.catalina.startup.HostConfig.deployDirectory Deployment of web application directory [/mnt/c/Users/abdel/Documents/Code/AW/TP3/TP3/apache-tomcat-11.0.1/webapps/docs] has finished in [716] ms
25-Feb-2026 00:40:15.548 INFO [main] org.apache.catalina.startup.HostConfig.deployDirectory Deploying web application directory [/mnt/c/Users/abdel/Documents/Code/AW/TP3/TP3/apache-tomcat-11.0.1/webapps/examples]
25-Feb-2026 00:40:25.011 INFO [main] org.apache.catalina.startup.HostConfig.deployDirectory Deployment of web application directory [/mnt/c/Users/abdel/Documents/Code/AW/TP3/TP3/apache-tomcat-11.0.1/webapps/examples] has finished in [9,464] ms
25-Feb-2026 00:40:25.020 INFO [main] org.apache.catalina.startup.HostConfig.deployDirectory Deploying web application directory [/mnt/c/Users/abdel/Documents/Code/AW/TP3/TP3/apache-tomcat-11.0.1/webapps/host-manager]
25-Feb-2026 00:40:25.860 INFO [main] org.apache.catalina.startup.HostConfig.deployDirectory Deployment of web application directory [/mnt/c/Users/abdel/Documents/Code/AW/TP3/TP3/apache-tomcat-11.0.1/webapps/host-manager] has finished in [840] ms
25-Feb-2026 00:40:25.864 INFO [main] org.apache.catalina.startup.HostConfig.deployDirectory Deploying web application directory [/mnt/c/Users/abdel/Documents/Code/AW/TP3/TP3/apache-tomcat-11.0.1/webapps/manager]
25-Feb-2026 00:40:26.804 INFO [main] org.apache.catalina.startup.HostConfig.deployDirectory Deployment of web application directory [/mnt/c/Users/abdel/Documents/Code/AW/TP3/TP3/apache-tomcat-11.0.1/webapps/manager] has finished in [941] ms
25-Feb-2026 00:40:26.808 INFO [main] org.apache.catalina.startup.HostConfig.deployDirectory Deploying web application directory [/mnt/c/Users/abdel/Documents/Code/AW/TP3/TP3/apache-tomcat-11.0.1/webapps/ROOT]
25-Feb-2026 00:40:27.442 INFO [main] org.apache.catalina.startup.HostConfig.deployDirectory Deployment of web application directory [/mnt/c/Users/abdel/Documents/Code/AW/TP3/TP3/apache-tomcat-11.0.1/webapps/ROOT] has finished in [633] ms
25-Feb-2026 00:40:27.461 INFO [main] org.apache.coyote.AbstractProtocol.start Starting ProtocolHandler ["http-nio-8080"]
25-Feb-2026 00:40:27.497 INFO [main] org.apache.catalina.startup.Catalina.start Server startup in [300237] milliseconds
2026-02-25T00:40:28.273Z  INFO 46209 --- [facade] [nio-8080-exec-4] o.s.web.servlet.DispatcherServlet        : Initializing Servlet 'dispatcherServlet'
2026-02-25T00:40:28.275Z  INFO 46209 --- [facade] [nio-8080-exec-4] o.s.web.servlet.DispatcherServlet        : Completed initialization in 1 ms
25-Feb-2026 00:40:47.671 INFO [main] org.apache.catalina.startup.VersionLoggerListener.log Server version name:   Apache Tomcat/11.0.1
25-Feb-2026 00:40:47.679 INFO [main] org.apache.catalina.startup.VersionLoggerListener.log Server built:          Nov 6 2024 19:08:24 UTC
25-Feb-2026 00:40:47.680 INFO [main] org.apache.catalina.startup.VersionLoggerListener.log Server version number: 11.0.1.0
25-Feb-2026 00:40:47.681 INFO [main] org.apache.catalina.startup.VersionLoggerListener.log OS Name:               Linux
25-Feb-2026 00:40:47.682 INFO [main] org.apache.catalina.startup.VersionLoggerListener.log OS Version:            6.6.87.2-microsoft-standard-WSL2
25-Feb-2026 00:40:47.682 INFO [main] org.apache.catalina.startup.VersionLoggerListener.log Architecture:          amd64
25-Feb-2026 00:40:47.683 INFO [main] org.apache.catalina.startup.VersionLoggerListener.log Java Home:             /usr/lib/jvm/java-17-openjdk-amd64
25-Feb-2026 00:40:47.684 INFO [main] org.apache.catalina.startup.VersionLoggerListener.log JVM Version:           17.0.18+8-Ubuntu-124.04.1
25-Feb-2026 00:40:47.684 INFO [main] org.apache.catalina.startup.VersionLoggerListener.log JVM Vendor:            Ubuntu
25-Feb-2026 00:40:47.685 INFO [main] org.apache.catalina.startup.VersionLoggerListener.log CATALINA_BASE:         /mnt/c/Users/abdel/Documents/Code/AW/TP3/TP3/apache-tomcat-11.0.1
25-Feb-2026 00:40:47.685 INFO [main] org.apache.catalina.startup.VersionLoggerListener.log CATALINA_HOME:         /mnt/c/Users/abdel/Documents/Code/AW/TP3/TP3/apache-tomcat-11.0.1
25-Feb-2026 00:40:47.696 INFO [main] org.apache.catalina.startup.VersionLoggerListener.log Command line argument: -Djava.util.logging.config.file=/mnt/c/Users/abdel/Documents/Code/AW/TP3/TP3/apache-tomcat-11.0.1/conf/logging.properties
25-Feb-2026 00:40:47.697 INFO [main] org.apache.catalina.startup.VersionLoggerListener.log Command line argument: -Djava.util.logging.manager=org.apache.juli.ClassLoaderLogManager
25-Feb-2026 00:40:47.698 INFO [main] org.apache.catalina.startup.VersionLoggerListener.log Command line argument: -Djdk.tls.ephemeralDHKeySize=2048
25-Feb-2026 00:40:47.699 INFO [main] org.apache.catalina.startup.VersionLoggerListener.log Command line argument: -Dorg.apache.catalina.security.SecurityListener.UMASK=0027
25-Feb-2026 00:40:47.700 INFO [main] org.apache.catalina.startup.VersionLoggerListener.log Command line argument: --add-opens=java.base/java.lang=ALL-UNNAMED
25-Feb-2026 00:40:47.700 INFO [main] org.apache.catalina.startup.VersionLoggerListener.log Command line argument: --add-opens=java.base/java.io=ALL-UNNAMED
25-Feb-2026 00:40:47.701 INFO [main] org.apache.catalina.startup.VersionLoggerListener.log Command line argument: --add-opens=java.base/java.util=ALL-UNNAMED
25-Feb-2026 00:40:47.702 INFO [main] org.apache.catalina.startup.VersionLoggerListener.log Command line argument: --add-opens=java.base/java.util.concurrent=ALL-UNNAMED
25-Feb-2026 00:40:47.702 INFO [main] org.apache.catalina.startup.VersionLoggerListener.log Command line argument: --add-opens=java.rmi/sun.rmi.transport=ALL-UNNAMED
25-Feb-2026 00:40:47.703 INFO [main] org.apache.catalina.startup.VersionLoggerListener.log Command line argument: --enable-native-access=ALL-UNNAMED
25-Feb-2026 00:40:47.703 INFO [main] org.apache.catalina.startup.VersionLoggerListener.log Command line argument: -Dcatalina.base=/mnt/c/Users/abdel/Documents/Code/AW/TP3/TP3/apache-tomcat-11.0.1
25-Feb-2026 00:40:47.704 INFO [main] org.apache.catalina.startup.VersionLoggerListener.log Command line argument: -Dcatalina.home=/mnt/c/Users/abdel/Documents/Code/AW/TP3/TP3/apache-tomcat-11.0.1
25-Feb-2026 00:40:47.706 INFO [main] org.apache.catalina.startup.VersionLoggerListener.log Command line argument: -Djava.io.tmpdir=/mnt/c/Users/abdel/Documents/Code/AW/TP3/TP3/apache-tomcat-11.0.1/temp
25-Feb-2026 00:40:47.713 INFO [main] org.apache.catalina.core.AprLifecycleListener.lifecycleEvent The Apache Tomcat Native library which allows using OpenSSL was not found on the java.library.path: [/usr/java/packages/lib:/usr/lib/x86_64-linux-gnu/jni:/lib/x86_64-linux-gnu:/usr/lib/x86_64-linux-gnu:/usr/lib/jni:/lib:/usr/lib]
25-Feb-2026 00:40:48.244 INFO [main] org.apache.coyote.AbstractProtocol.init Initializing ProtocolHandler ["http-nio-8080"]
25-Feb-2026 00:40:48.305 INFO [main] org.apache.catalina.startup.Catalina.load Server initialization in [1180] milliseconds
25-Feb-2026 00:40:48.429 INFO [main] org.apache.catalina.core.StandardService.startInternal Starting service [Catalina]
25-Feb-2026 00:40:48.430 INFO [main] org.apache.catalina.core.StandardEngine.startInternal Starting Servlet engine: [Apache Tomcat/11.0.1]
25-Feb-2026 00:40:48.548 INFO [main] org.apache.catalina.startup.HostConfig.deployWAR Deploying web application archive [/mnt/c/Users/abdel/Documents/Code/AW/TP3/TP3/apache-tomcat-11.0.1/webapps/facade.war]
25-Feb-2026 00:40:48.659 INFO [main] org.apache.catalina.startup.ExpandWar.expand An expanded directory [/mnt/c/Users/abdel/Documents/Code/AW/TP3/TP3/apache-tomcat-11.0.1/webapps/facade] was found with a last modified time that did not match the associated WAR. It will be deleted.
25-Feb-2026 00:42:15.736 INFO [main] org.apache.jasper.servlet.TldScanner.scanJars At least one JAR was scanned for TLDs yet contained no TLDs. Enable debug logging for this logger for a complete list of JARs that were scanned but no TLDs were found in them. Skipping unneeded JARs during scanning can improve startup time and JSP compilation time.

  .   ____          _            __ _ _
 /\\ / ___'_ __ _ _(_)_ __  __ _ \ \ \ \
( ( )\___ | '_ | '_| | '_ \/ _` | \ \ \ \
 \\/  ___)| |_)| | | | | || (_| |  ) ) ) )
  '  |____| .__|_| |_|_| |_\__, | / / / /
 =========|_|==============|___/=/_/_/_/

 :: Spring Boot ::               (v3.5.11)

2026-02-25T00:42:32.109Z  INFO 47236 --- [facade] [           main] war.ServletInitializer                   : Starting ServletInitializer v0.0.1-SNAPSHOT using Java 17.0.18 with PID 47236 (/mnt/c/Users/abdel/Documents/Code/AW/TP3/TP3/apache-tomcat-11.0.1/webapps/facade/WEB-INF/classes started by toad in /mnt/c/Users/abdel/Documents/Code/AW/TP3/TP3)
2026-02-25T00:42:32.149Z  INFO 47236 --- [facade] [           main] war.ServletInitializer                   : No active profile set, falling back to 1 default profile: "default"
2026-02-25T00:42:48.802Z  INFO 47236 --- [facade] [           main] .s.d.r.c.RepositoryConfigurationDelegate : Bootstrapping Spring Data JPA repositories in DEFAULT mode.
2026-02-25T00:42:49.553Z  INFO 47236 --- [facade] [           main] .s.d.r.c.RepositoryConfigurationDelegate : Finished Spring Data repository scanning in 398 ms. Found 0 JPA repository interfaces.
2026-02-25T00:42:55.666Z  INFO 47236 --- [facade] [           main] w.s.c.ServletWebServerApplicationContext : Root WebApplicationContext: initialization completed in 22786 ms
2026-02-25T00:43:00.845Z  INFO 47236 --- [facade] [           main] o.hibernate.jpa.internal.util.LogHelper  : HHH000204: Processing PersistenceUnitInfo [name: default]
2026-02-25T00:43:04.035Z  INFO 47236 --- [facade] [           main] org.hibernate.Version                    : HHH000412: Hibernate ORM core version 6.6.42.Final
2026-02-25T00:43:05.544Z  INFO 47236 --- [facade] [           main] o.h.c.internal.RegionFactoryInitiator    : HHH000026: Second-level cache disabled
2026-02-25T00:43:19.613Z  INFO 47236 --- [facade] [           main] o.s.o.j.p.SpringPersistenceUnitInfo      : No LoadTimeWeaver setup: ignoring JPA class transformer
2026-02-25T00:43:21.024Z  INFO 47236 --- [facade] [           main] com.zaxxer.hikari.HikariDataSource       : HikariPool-1 - Starting...
2026-02-25T00:43:23.306Z  WARN 47236 --- [facade] [           main] o.h.engine.jdbc.spi.SqlExceptionHelper   : SQL Error: -1301, SQLState: 08001
2026-02-25T00:43:23.307Z ERROR 47236 --- [facade] [           main] o.h.engine.jdbc.spi.SqlExceptionHelper   : java.net.ConnectException: Connection refused
2026-02-25T00:43:23.325Z  WARN 47236 --- [facade] [           main] o.h.e.j.e.i.JdbcEnvironmentInitiator     : HHH000342: Could not obtain connection to query metadata

org.hibernate.exception.JDBCConnectionException: unable to obtain isolated JDBC connection [java.net.ConnectException: Connection refused] [n/a]
	at org.hibernate.exception.internal.SQLStateConversionDelegate.convert(SQLStateConversionDelegate.java:100) ~[hibernate-core-6.6.42.Final.jar:6.6.42.Final]
	at org.hibernate.exception.internal.StandardSQLExceptionConverter.convert(StandardSQLExceptionConverter.java:58) ~[hibernate-core-6.6.42.Final.jar:6.6.42.Final]
	at org.hibernate.engine.jdbc.spi.SqlExceptionHelper.convert(SqlExceptionHelper.java:108) ~[hibernate-core-6.6.42.Final.jar:6.6.42.Final]
	at org.hibernate.engine.jdbc.spi.SqlExceptionHelper.convert(SqlExceptionHelper.java:94) ~[hibernate-core-6.6.42.Final.jar:6.6.42.Final]
	at org.hibernate.resource.transaction.backend.jdbc.internal.JdbcIsolationDelegate.delegateWork(JdbcIsolationDelegate.java:116) ~[hibernate-core-6.6.42.Final.jar:6.6.42.Final]
	at org.hibernate.engine.jdbc.env.internal.JdbcEnvironmentInitiator.getJdbcEnvironmentUsingJdbcMetadata(JdbcEnvironmentInitiator.java:334) ~[hibernate-core-6.6.42.Final.jar:6.6.42.Final]
	at org.hibernate.engine.jdbc.env.internal.JdbcEnvironmentInitiator.initiateService(JdbcEnvironmentInitiator.java:129) ~[hibernate-core-6.6.42.Final.jar:6.6.42.Final]
	at org.hibernate.engine.jdbc.env.internal.JdbcEnvironmentInitiator.initiateService(JdbcEnvironmentInitiator.java:81) ~[hibernate-core-6.6.42.Final.jar:6.6.42.Final]
	at org.hibernate.boot.registry.internal.StandardServiceRegistryImpl.initiateService(StandardServiceRegistryImpl.java:130) ~[hibernate-core-6.6.42.Final.jar:6.6.42.Final]
	at org.hibernate.service.internal.AbstractServiceRegistryImpl.createService(AbstractServiceRegistryImpl.java:263) ~[hibernate-core-6.6.42.Final.jar:6.6.42.Final]
	at org.hibernate.service.internal.AbstractServiceRegistryImpl.initializeService(AbstractServiceRegistryImpl.java:238) ~[hibernate-core-6.6.42.Final.jar:6.6.42.Final]
	at org.hibernate.service.internal.AbstractServiceRegistryImpl.getService(AbstractServiceRegistryImpl.java:215) ~[hibernate-core-6.6.42.Final.jar:6.6.42.Final]
	at org.hibernate.boot.model.relational.Database.<init>(Database.java:45) ~[hibernate-core-6.6.42.Final.jar:6.6.42.Final]
	at org.hibernate.boot.internal.InFlightMetadataCollectorImpl.getDatabase(InFlightMetadataCollectorImpl.java:226) ~[hibernate-core-6.6.42.Final.jar:6.6.42.Final]
	at org.hibernate.boot.internal.InFlightMetadataCollectorImpl.<init>(InFlightMetadataCollectorImpl.java:194) ~[hibernate-core-6.6.42.Final.jar:6.6.42.Final]
	at org.hibernate.boot.model.process.spi.MetadataBuildingProcess.complete(MetadataBuildingProcess.java:171) ~[hibernate-core-6.6.42.Final.jar:6.6.42.Final]
	at org.hibernate.jpa.boot.internal.EntityManagerFactoryBuilderImpl.metadata(EntityManagerFactoryBuilderImpl.java:1442) ~[hibernate-core-6.6.42.Final.jar:6.6.42.Final]
	at org.hibernate.jpa.boot.internal.EntityManagerFactoryBuilderImpl.build(EntityManagerFactoryBuilderImpl.java:1513) ~[hibernate-core-6.6.42.Final.jar:6.6.42.Final]
	at org.springframework.orm.jpa.vendor.SpringHibernateJpaPersistenceProvider.createContainerEntityManagerFactory(SpringHibernateJpaPersistenceProvider.java:66) ~[spring-orm-6.2.16.jar:6.2.16]
	at org.springframework.orm.jpa.LocalContainerEntityManagerFactoryBean.createNativeEntityManagerFactory(LocalContainerEntityManagerFactoryBean.java:388) ~[spring-orm-6.2.16.jar:6.2.16]
	at org.springframework.orm.jpa.AbstractEntityManagerFactoryBean.buildNativeEntityManagerFactory(AbstractEntityManagerFactoryBean.java:419) ~[spring-orm-6.2.16.jar:6.2.16]
	at org.springframework.orm.jpa.AbstractEntityManagerFactoryBean.afterPropertiesSet(AbstractEntityManagerFactoryBean.java:400) ~[spring-orm-6.2.16.jar:6.2.16]
	at org.springframework.orm.jpa.LocalContainerEntityManagerFactoryBean.afterPropertiesSet(LocalContainerEntityManagerFactoryBean.java:364) ~[spring-orm-6.2.16.jar:6.2.16]
	at org.springframework.beans.factory.support.AbstractAutowireCapableBeanFactory.invokeInitMethods(AbstractAutowireCapableBeanFactory.java:1873) ~[spring-beans-6.2.16.jar:6.2.16]
	at org.springframework.beans.factory.support.AbstractAutowireCapableBeanFactory.initializeBean(AbstractAutowireCapableBeanFactory.java:1822) ~[spring-beans-6.2.16.jar:6.2.16]
	at org.springframework.beans.factory.support.AbstractAutowireCapableBeanFactory.doCreateBean(AbstractAutowireCapableBeanFactory.java:607) ~[spring-beans-6.2.16.jar:6.2.16]
	at org.springframework.beans.factory.support.AbstractAutowireCapableBeanFactory.createBean(AbstractAutowireCapableBeanFactory.java:529) ~[spring-beans-6.2.16.jar:6.2.16]
	at org.springframework.beans.factory.support.AbstractBeanFactory.lambda$doGetBean$0(AbstractBeanFactory.java:339) ~[spring-beans-6.2.16.jar:6.2.16]
	at org.springframework.beans.factory.support.DefaultSingletonBeanRegistry.getSingleton(DefaultSingletonBeanRegistry.java:373) ~[spring-beans-6.2.16.jar:6.2.16]
	at org.springframework.beans.factory.support.AbstractBeanFactory.doGetBean(AbstractBeanFactory.java:337) ~[spring-beans-6.2.16.jar:6.2.16]
	at org.springframework.beans.factory.support.AbstractBeanFactory.getBean(AbstractBeanFactory.java:207) ~[spring-beans-6.2.16.jar:6.2.16]
	at org.springframework.context.support.AbstractApplicationContext.finishBeanFactoryInitialization(AbstractApplicationContext.java:974) ~[spring-context-6.2.16.jar:6.2.16]
	at org.springframework.context.support.AbstractApplicationContext.refresh(AbstractApplicationContext.java:628) ~[spring-context-6.2.16.jar:6.2.16]
	at org.springframework.boot.web.servlet.context.ServletWebServerApplicationContext.refresh(ServletWebServerApplicationContext.java:146) ~[spring-boot-3.5.11.jar:3.5.11]
	at org.springframework.boot.SpringApplication.refresh(SpringApplication.java:752) ~[spring-boot-3.5.11.jar:3.5.11]
	at org.springframework.boot.SpringApplication.refreshContext(SpringApplication.java:439) ~[spring-boot-3.5.11.jar:3.5.11]
	at org.springframework.boot.SpringApplication.run(SpringApplication.java:318) ~[spring-boot-3.5.11.jar:3.5.11]
	at org.springframework.boot.web.servlet.support.SpringBootServletInitializer.run(SpringBootServletInitializer.java:194) ~[spring-boot-3.5.11.jar:3.5.11]
	at org.springframework.boot.web.servlet.support.SpringBootServletInitializer.createRootApplicationContext(SpringBootServletInitializer.java:174) ~[spring-boot-3.5.11.jar:3.5.11]
	at org.springframework.boot.web.servlet.support.SpringBootServletInitializer.onStartup(SpringBootServletInitializer.java:102) ~[spring-boot-3.5.11.jar:3.5.11]
	at org.springframework.web.SpringServletContainerInitializer.onStartup(SpringServletContainerInitializer.java:171) ~[spring-web-6.2.16.jar:6.2.16]
	at org.apache.catalina.core.StandardContext.startInternal(StandardContext.java:4393) ~[catalina.jar:11.0.1]
	at org.apache.catalina.util.LifecycleBase.start(LifecycleBase.java:164) ~[catalina.jar:11.0.1]
	at org.apache.catalina.core.ContainerBase.addChild(ContainerBase.java:566) ~[catalina.jar:11.0.1]
	at org.apache.catalina.core.StandardHost.addChild(StandardHost.java:653) ~[catalina.jar:11.0.1]
	at org.apache.catalina.startup.HostConfig.deployWAR(HostConfig.java:933) ~[catalina.jar:11.0.1]
	at org.apache.catalina.startup.HostConfig$DeployWar.run(HostConfig.java:1875) ~[catalina.jar:11.0.1]
	at java.base/java.util.concurrent.Executors$RunnableAdapter.call(Executors.java:539) ~[na:na]
	at java.base/java.util.concurrent.FutureTask.run(FutureTask.java:264) ~[na:na]
	at org.apache.tomcat.util.threads.InlineExecutorService.execute(InlineExecutorService.java:75) ~[tomcat-util.jar:11.0.1]
	at java.base/java.util.concurrent.AbstractExecutorService.submit(AbstractExecutorService.java:123) ~[na:na]
	at org.apache.catalina.startup.HostConfig.deployWARs(HostConfig.java:735) ~[catalina.jar:11.0.1]
	at org.apache.catalina.startup.HostConfig.deployApps(HostConfig.java:387) ~[catalina.jar:11.0.1]
	at org.apache.catalina.startup.HostConfig.start(HostConfig.java:1593) ~[catalina.jar:11.0.1]
	at org.apache.catalina.startup.HostConfig.lifecycleEvent(HostConfig.java:267) ~[catalina.jar:11.0.1]
	at org.apache.catalina.util.LifecycleBase.fireLifecycleEvent(LifecycleBase.java:109) ~[catalina.jar:11.0.1]
	at org.apache.catalina.util.LifecycleBase.setStateInternal(LifecycleBase.java:389) ~[catalina.jar:11.0.1]
	at org.apache.catalina.util.LifecycleBase.setState(LifecycleBase.java:336) ~[catalina.jar:11.0.1]
	at org.apache.catalina.core.ContainerBase.startInternal(ContainerBase.java:743) ~[catalina.jar:11.0.1]
	at org.apache.catalina.core.StandardHost.startInternal(StandardHost.java:771) ~[catalina.jar:11.0.1]
	at org.apache.catalina.util.LifecycleBase.start(LifecycleBase.java:164) ~[catalina.jar:11.0.1]
	at org.apache.catalina.core.ContainerBase$StartChild.call(ContainerBase.java:1170) ~[catalina.jar:11.0.1]
	at org.apache.catalina.core.ContainerBase$StartChild.call(ContainerBase.java:1160) ~[catalina.jar:11.0.1]
	at java.base/java.util.concurrent.FutureTask.run(FutureTask.java:264) ~[na:na]
	at org.apache.tomcat.util.threads.InlineExecutorService.execute(InlineExecutorService.java:75) ~[tomcat-util.jar:11.0.1]
	at java.base/java.util.concurrent.AbstractExecutorService.submit(AbstractExecutorService.java:145) ~[na:na]
	at org.apache.catalina.core.ContainerBase.startInternal(ContainerBase.java:716) ~[catalina.jar:11.0.1]
	at org.apache.catalina.core.StandardEngine.startInternal(StandardEngine.java:203) ~[catalina.jar:11.0.1]
	at org.apache.catalina.util.LifecycleBase.start(LifecycleBase.java:164) ~[catalina.jar:11.0.1]
	at org.apache.catalina.core.StandardService.startInternal(StandardService.java:415) ~[catalina.jar:11.0.1]
	at org.apache.catalina.util.LifecycleBase.start(LifecycleBase.java:164) ~[catalina.jar:11.0.1]
	at org.apache.catalina.core.StandardServer.startInternal(StandardServer.java:866) ~[catalina.jar:11.0.1]
	at org.apache.catalina.util.LifecycleBase.start(LifecycleBase.java:164) ~[catalina.jar:11.0.1]
	at org.apache.catalina.startup.Catalina.start(Catalina.java:755) ~[catalina.jar:11.0.1]
	at java.base/jdk.internal.reflect.NativeMethodAccessorImpl.invoke0(Native Method) ~[na:na]
	at java.base/jdk.internal.reflect.NativeMethodAccessorImpl.invoke(NativeMethodAccessorImpl.java:77) ~[na:na]
	at java.base/jdk.internal.reflect.DelegatingMethodAccessorImpl.invoke(DelegatingMethodAccessorImpl.java:43) ~[na:na]
	at java.base/java.lang.reflect.Method.invoke(Method.java:569) ~[na:na]
	at org.apache.catalina.startup.Bootstrap.start(Bootstrap.java:342) ~[bootstrap.jar:11.0.1]
	at org.apache.catalina.startup.Bootstrap.main(Bootstrap.java:470) ~[bootstrap.jar:11.0.1]
Caused by: java.sql.SQLTransientConnectionException: java.net.ConnectException: Connection refused
	at org.hsqldb.jdbc.JDBCUtil.sqlException(Unknown Source) ~[hsqldb-2.7.3.jar:2.7.3]
	at org.hsqldb.jdbc.JDBCUtil.sqlException(Unknown Source) ~[hsqldb-2.7.3.jar:2.7.3]
	at org.hsqldb.jdbc.JDBCConnection.<init>(Unknown Source) ~[hsqldb-2.7.3.jar:2.7.3]
	at org.hsqldb.jdbc.JDBCDriver$1.run(Unknown Source) ~[hsqldb-2.7.3.jar:2.7.3]
Caused by: org.hsqldb.HsqlException: java.net.ConnectException: Connection refused
	at org.hsqldb.ClientConnection.openConnection(Unknown Source) ~[hsqldb-2.7.3.jar:2.7.3]
	at org.hsqldb.ClientConnection.initConnection(Unknown Source) ~[hsqldb-2.7.3.jar:2.7.3]
	at org.hsqldb.ClientConnection.<init>(Unknown Source) ~[hsqldb-2.7.3.jar:2.7.3]
	... 2 common frames omitted
Caused by: java.net.ConnectException: Connection refused
	at java.base/sun.nio.ch.Net.connect0(Native Method) ~[na:na]
	at java.base/sun.nio.ch.Net.connect(Net.java:591) ~[na:na]
	at java.base/sun.nio.ch.Net.connect(Net.java:580) ~[na:na]
	at java.base/sun.nio.ch.NioSocketImpl.connect(NioSocketImpl.java:593) ~[na:na]
	at java.base/java.net.SocksSocketImpl.connect(SocksSocketImpl.java:327) ~[na:na]
	at java.base/java.net.Socket.connect(Socket.java:633) ~[na:na]
	at java.base/java.net.Socket.connect(Socket.java:583) ~[na:na]
	at java.base/java.net.Socket.<init>(Socket.java:507) ~[na:na]
	at java.base/java.net.Socket.<init>(Socket.java:287) ~[na:na]
	at org.hsqldb.server.HsqlSocketFactory.createSocket(Unknown Source) ~[hsqldb-2.7.3.jar:2.7.3]
	... 5 common frames omitted

2026-02-25T00:43:24.435Z  WARN 47236 --- [facade] [           main] org.hibernate.orm.deprecation            : HHH90000025: HSQLDialect does not need to be specified explicitly using 'hibernate.dialect' (remove the property setting and it will be selected by default)
2026-02-25T00:43:25.058Z  INFO 47236 --- [facade] [           main] org.hibernate.orm.connections.pooling    : HHH10001005: Database info:
	Database JDBC URL [Connecting through datasource 'HikariDataSource (null)']
	Database driver: undefined/unknown
	Database version: 2.6.1
	Autocommit mode: undefined/unknown
	Isolation level: undefined/unknown
	Minimum pool size: undefined/unknown
	Maximum pool size: undefined/unknown
2026-02-25T00:43:38.843Z  INFO 47236 --- [facade] [           main] o.h.e.t.j.p.i.JtaPlatformInitiator       : HHH000489: No JTA platform available (set 'hibernate.transaction.jta.platform' to enable JTA platform integration)
2026-02-25T00:43:39.103Z  INFO 47236 --- [facade] [           main] j.LocalContainerEntityManagerFactoryBean : Initialized JPA EntityManagerFactory for persistence unit 'default'
2026-02-25T00:43:40.474Z  WARN 47236 --- [facade] [           main] JpaBaseConfiguration$JpaWebConfiguration : spring.jpa.open-in-view is enabled by default. Therefore, database queries may be performed during view rendering. Explicitly configure spring.jpa.open-in-view to disable this warning
2026-02-25T00:43:48.899Z  INFO 47236 --- [facade] [           main] war.ServletInitializer                   : Started ServletInitializer in 88.242 seconds (process running for 183.04)
25-Feb-2026 00:43:49.128 INFO [main] org.apache.catalina.startup.HostConfig.deployWAR Deployment of web application archive [/mnt/c/Users/abdel/Documents/Code/AW/TP3/TP3/apache-tomcat-11.0.1/webapps/facade.war] has finished in [180,580] ms
25-Feb-2026 00:43:49.134 INFO [main] org.apache.catalina.startup.HostConfig.deployDirectory Deploying web application directory [/mnt/c/Users/abdel/Documents/Code/AW/TP3/TP3/apache-tomcat-11.0.1/webapps/Annuaire]
25-Feb-2026 00:44:48.869 INFO [main] org.apache.jasper.servlet.TldScanner.scanJars At least one JAR was scanned for TLDs yet contained no TLDs. Enable debug logging for this logger for a complete list of JARs that were scanned but no TLDs were found in them. Skipping unneeded JARs during scanning can improve startup time and JSP compilation time.
25-Feb-2026 00:44:48.997 INFO [main] org.apache.catalina.startup.HostConfig.deployDirectory Deployment of web application directory [/mnt/c/Users/abdel/Documents/Code/AW/TP3/TP3/apache-tomcat-11.0.1/webapps/Annuaire] has finished in [59,863] ms
25-Feb-2026 00:44:49.000 INFO [main] org.apache.catalina.startup.HostConfig.deployDirectory Deploying web application directory [/mnt/c/Users/abdel/Documents/Code/AW/TP3/TP3/apache-tomcat-11.0.1/webapps/docs]
25-Feb-2026 00:44:49.688 INFO [main] org.apache.catalina.startup.HostConfig.deployDirectory Deployment of web application directory [/mnt/c/Users/abdel/Documents/Code/AW/TP3/TP3/apache-tomcat-11.0.1/webapps/docs] has finished in [688] ms
25-Feb-2026 00:44:49.691 INFO [main] org.apache.catalina.startup.HostConfig.deployDirectory Deploying web application directory [/mnt/c/Users/abdel/Documents/Code/AW/TP3/TP3/apache-tomcat-11.0.1/webapps/examples]
25-Feb-2026 00:44:58.529 INFO [main] org.apache.catalina.startup.HostConfig.deployDirectory Deployment of web application directory [/mnt/c/Users/abdel/Documents/Code/AW/TP3/TP3/apache-tomcat-11.0.1/webapps/examples] has finished in [8,837] ms
25-Feb-2026 00:44:58.536 INFO [main] org.apache.catalina.startup.HostConfig.deployDirectory Deploying web application directory [/mnt/c/Users/abdel/Documents/Code/AW/TP3/TP3/apache-tomcat-11.0.1/webapps/host-manager]
25-Feb-2026 00:44:59.282 INFO [main] org.apache.catalina.startup.HostConfig.deployDirectory Deployment of web application directory [/mnt/c/Users/abdel/Documents/Code/AW/TP3/TP3/apache-tomcat-11.0.1/webapps/host-manager] has finished in [745] ms
25-Feb-2026 00:44:59.285 INFO [main] org.apache.catalina.startup.HostConfig.deployDirectory Deploying web application directory [/mnt/c/Users/abdel/Documents/Code/AW/TP3/TP3/apache-tomcat-11.0.1/webapps/manager]
25-Feb-2026 00:45:00.176 INFO [main] org.apache.catalina.startup.HostConfig.deployDirectory Deployment of web application directory [/mnt/c/Users/abdel/Documents/Code/AW/TP3/TP3/apache-tomcat-11.0.1/webapps/manager] has finished in [891] ms
25-Feb-2026 00:45:00.179 INFO [main] org.apache.catalina.startup.HostConfig.deployDirectory Deploying web application directory [/mnt/c/Users/abdel/Documents/Code/AW/TP3/TP3/apache-tomcat-11.0.1/webapps/ROOT]
25-Feb-2026 00:45:00.756 INFO [main] org.apache.catalina.startup.HostConfig.deployDirectory Deployment of web application directory [/mnt/c/Users/abdel/Documents/Code/AW/TP3/TP3/apache-tomcat-11.0.1/webapps/ROOT] has finished in [577] ms
25-Feb-2026 00:45:00.771 INFO [main] org.apache.coyote.AbstractProtocol.start Starting ProtocolHandler ["http-nio-8080"]
25-Feb-2026 00:45:00.802 INFO [main] org.apache.catalina.startup.Catalina.start Server startup in [252495] milliseconds
2026-02-25T00:45:01.500Z  INFO 47236 --- [facade] [nio-8080-exec-4] o.s.web.servlet.DispatcherServlet        : Initializing Servlet 'dispatcherServlet'
2026-02-25T00:45:01.502Z  INFO 47236 --- [facade] [nio-8080-exec-4] o.s.web.servlet.DispatcherServlet        : Completed initialization in 1 ms
25-Feb-2026 00:51:50.041 INFO [Catalina-utility-2] org.apache.catalina.startup.HostConfig.undeploy Undeploying context [/Annuaire]
25-Feb-2026 00:51:51.815 INFO [Catalina-utility-2] org.apache.catalina.startup.HostConfig.deployWAR Deploying web application archive [/mnt/c/Users/abdel/Documents/Code/AW/TP3/TP3/apache-tomcat-11.0.1/webapps/Annuaire.war]
2026-02-25T00:51:56.956Z  WARN 47236 --- [facade] [nio-8080-exec-5] .w.s.m.s.DefaultHandlerExceptionResolver : Resolved [org.springframework.web.HttpRequestMethodNotSupportedException: Request method 'GET' is not supported]
25-Feb-2026 00:52:50.418 INFO [Catalina-utility-2] org.apache.jasper.servlet.TldScanner.scanJars At least one JAR was scanned for TLDs yet contained no TLDs. Enable debug logging for this logger for a complete list of JARs that were scanned but no TLDs were found in them. Skipping unneeded JARs during scanning can improve startup time and JSP compilation time.
25-Feb-2026 00:52:50.522 INFO [Catalina-utility-2] org.apache.catalina.startup.HostConfig.deployWAR Deployment of web application archive [/mnt/c/Users/abdel/Documents/Code/AW/TP3/TP3/apache-tomcat-11.0.1/webapps/Annuaire.war] has finished in [58,707] ms
25-Feb-2026 00:54:22.751 INFO [Catalina-utility-1] org.apache.catalina.startup.HostConfig.undeploy Undeploying context [/Annuaire]
25-Feb-2026 00:54:24.974 INFO [Catalina-utility-1] org.apache.catalina.startup.HostConfig.deployWAR Deploying web application archive [/mnt/c/Users/abdel/Documents/Code/AW/TP3/TP3/apache-tomcat-11.0.1/webapps/Annuaire.war]
25-Feb-2026 00:55:32.798 INFO [Catalina-utility-1] org.apache.jasper.servlet.TldScanner.scanJars At least one JAR was scanned for TLDs yet contained no TLDs. Enable debug logging for this logger for a complete list of JARs that were scanned but no TLDs were found in them. Skipping unneeded JARs during scanning can improve startup time and JSP compilation time.
25-Feb-2026 00:55:32.898 INFO [Catalina-utility-1] org.apache.catalina.startup.HostConfig.deployWAR Deployment of web application archive [/mnt/c/Users/abdel/Documents/Code/AW/TP3/TP3/apache-tomcat-11.0.1/webapps/Annuaire.war] has finished in [67,924] ms
25-Feb-2026 00:55:42.960 INFO [Catalina-utility-2] org.apache.catalina.startup.HostConfig.undeploy Undeploying context [/facade]
2026-02-25T00:55:43.338Z  INFO 47236 --- [facade] [alina-utility-2] j.LocalContainerEntityManagerFactoryBean : Closing JPA EntityManagerFactory for persistence unit 'default'
25-Feb-2026 00:55:46.612 INFO [Catalina-utility-2] org.apache.catalina.startup.HostConfig.deployWAR Deploying web application archive [/mnt/c/Users/abdel/Documents/Code/AW/TP3/TP3/apache-tomcat-11.0.1/webapps/facade.war]
25-Feb-2026 00:57:05.054 INFO [main] org.apache.catalina.startup.VersionLoggerListener.log Server version name:   Apache Tomcat/11.0.1
25-Feb-2026 00:57:05.061 INFO [main] org.apache.catalina.startup.VersionLoggerListener.log Server built:          Nov 6 2024 19:08:24 UTC
25-Feb-2026 00:57:05.062 INFO [main] org.apache.catalina.startup.VersionLoggerListener.log Server version number: 11.0.1.0
25-Feb-2026 00:57:05.063 INFO [main] org.apache.catalina.startup.VersionLoggerListener.log OS Name:               Linux
25-Feb-2026 00:57:05.064 INFO [main] org.apache.catalina.startup.VersionLoggerListener.log OS Version:            6.6.87.2-microsoft-standard-WSL2
25-Feb-2026 00:57:05.064 INFO [main] org.apache.catalina.startup.VersionLoggerListener.log Architecture:          amd64
25-Feb-2026 00:57:05.065 INFO [main] org.apache.catalina.startup.VersionLoggerListener.log Java Home:             /usr/lib/jvm/java-17-openjdk-amd64
25-Feb-2026 00:57:05.065 INFO [main] org.apache.catalina.startup.VersionLoggerListener.log JVM Version:           17.0.18+8-Ubuntu-124.04.1
25-Feb-2026 00:57:05.066 INFO [main] org.apache.catalina.startup.VersionLoggerListener.log JVM Vendor:            Ubuntu
25-Feb-2026 00:57:05.066 INFO [main] org.apache.catalina.startup.VersionLoggerListener.log CATALINA_BASE:         /mnt/c/Users/abdel/Documents/Code/AW/TP3/TP3/apache-tomcat-11.0.1
25-Feb-2026 00:57:05.067 INFO [main] org.apache.catalina.startup.VersionLoggerListener.log CATALINA_HOME:         /mnt/c/Users/abdel/Documents/Code/AW/TP3/TP3/apache-tomcat-11.0.1
25-Feb-2026 00:57:05.077 INFO [main] org.apache.catalina.startup.VersionLoggerListener.log Command line argument: -Djava.util.logging.config.file=/mnt/c/Users/abdel/Documents/Code/AW/TP3/TP3/apache-tomcat-11.0.1/conf/logging.properties
25-Feb-2026 00:57:05.078 INFO [main] org.apache.catalina.startup.VersionLoggerListener.log Command line argument: -Djava.util.logging.manager=org.apache.juli.ClassLoaderLogManager
25-Feb-2026 00:57:05.079 INFO [main] org.apache.catalina.startup.VersionLoggerListener.log Command line argument: -Djdk.tls.ephemeralDHKeySize=2048
25-Feb-2026 00:57:05.080 INFO [main] org.apache.catalina.startup.VersionLoggerListener.log Command line argument: -Dorg.apache.catalina.security.SecurityListener.UMASK=0027
25-Feb-2026 00:57:05.080 INFO [main] org.apache.catalina.startup.VersionLoggerListener.log Command line argument: --add-opens=java.base/java.lang=ALL-UNNAMED
25-Feb-2026 00:57:05.081 INFO [main] org.apache.catalina.startup.VersionLoggerListener.log Command line argument: --add-opens=java.base/java.io=ALL-UNNAMED
25-Feb-2026 00:57:05.082 INFO [main] org.apache.catalina.startup.VersionLoggerListener.log Command line argument: --add-opens=java.base/java.util=ALL-UNNAMED
25-Feb-2026 00:57:05.083 INFO [main] org.apache.catalina.startup.VersionLoggerListener.log Command line argument: --add-opens=java.base/java.util.concurrent=ALL-UNNAMED
25-Feb-2026 00:57:05.083 INFO [main] org.apache.catalina.startup.VersionLoggerListener.log Command line argument: --add-opens=java.rmi/sun.rmi.transport=ALL-UNNAMED
25-Feb-2026 00:57:05.083 INFO [main] org.apache.catalina.startup.VersionLoggerListener.log Command line argument: --enable-native-access=ALL-UNNAMED
25-Feb-2026 00:57:05.084 INFO [main] org.apache.catalina.startup.VersionLoggerListener.log Command line argument: -Dcatalina.base=/mnt/c/Users/abdel/Documents/Code/AW/TP3/TP3/apache-tomcat-11.0.1
25-Feb-2026 00:57:05.084 INFO [main] org.apache.catalina.startup.VersionLoggerListener.log Command line argument: -Dcatalina.home=/mnt/c/Users/abdel/Documents/Code/AW/TP3/TP3/apache-tomcat-11.0.1
25-Feb-2026 00:57:05.085 INFO [main] org.apache.catalina.startup.VersionLoggerListener.log Command line argument: -Djava.io.tmpdir=/mnt/c/Users/abdel/Documents/Code/AW/TP3/TP3/apache-tomcat-11.0.1/temp
25-Feb-2026 00:57:05.092 INFO [main] org.apache.catalina.core.AprLifecycleListener.lifecycleEvent The Apache Tomcat Native library which allows using OpenSSL was not found on the java.library.path: [/usr/java/packages/lib:/usr/lib/x86_64-linux-gnu/jni:/lib/x86_64-linux-gnu:/usr/lib/x86_64-linux-gnu:/usr/lib/jni:/lib:/usr/lib]
25-Feb-2026 00:57:05.628 INFO [main] org.apache.coyote.AbstractProtocol.init Initializing ProtocolHandler ["http-nio-8080"]
25-Feb-2026 00:57:05.694 INFO [main] org.apache.catalina.startup.Catalina.load Server initialization in [1134] milliseconds
25-Feb-2026 00:57:05.809 INFO [main] org.apache.catalina.core.StandardService.startInternal Starting service [Catalina]
25-Feb-2026 00:57:05.809 INFO [main] org.apache.catalina.core.StandardEngine.startInternal Starting Servlet engine: [Apache Tomcat/11.0.1]
25-Feb-2026 00:57:05.910 INFO [main] org.apache.catalina.startup.HostConfig.deployWAR Deploying web application archive [/mnt/c/Users/abdel/Documents/Code/AW/TP3/TP3/apache-tomcat-11.0.1/webapps/Annuaire.war]
25-Feb-2026 00:57:06.007 INFO [main] org.apache.catalina.startup.ExpandWar.expand An expanded directory [/mnt/c/Users/abdel/Documents/Code/AW/TP3/TP3/apache-tomcat-11.0.1/webapps/Annuaire] was found with a last modified time that did not match the associated WAR. It will be deleted.
25-Feb-2026 00:58:16.180 INFO [main] org.apache.jasper.servlet.TldScanner.scanJars At least one JAR was scanned for TLDs yet contained no TLDs. Enable debug logging for this logger for a complete list of JARs that were scanned but no TLDs were found in them. Skipping unneeded JARs during scanning can improve startup time and JSP compilation time.
25-Feb-2026 00:58:16.466 INFO [main] org.apache.catalina.startup.HostConfig.deployWAR Deployment of web application archive [/mnt/c/Users/abdel/Documents/Code/AW/TP3/TP3/apache-tomcat-11.0.1/webapps/Annuaire.war] has finished in [70,555] ms
25-Feb-2026 00:58:16.484 INFO [main] org.apache.catalina.startup.HostConfig.deployWAR Deploying web application archive [/mnt/c/Users/abdel/Documents/Code/AW/TP3/TP3/apache-tomcat-11.0.1/webapps/facade.war]
25-Feb-2026 00:58:16.539 INFO [main] org.apache.catalina.startup.ExpandWar.expand An expanded directory [/mnt/c/Users/abdel/Documents/Code/AW/TP3/TP3/apache-tomcat-11.0.1/webapps/facade] was found with a last modified time that did not match the associated WAR. It will be deleted.
25-Feb-2026 00:59:40.950 INFO [main] org.apache.jasper.servlet.TldScanner.scanJars At least one JAR was scanned for TLDs yet contained no TLDs. Enable debug logging for this logger for a complete list of JARs that were scanned but no TLDs were found in them. Skipping unneeded JARs during scanning can improve startup time and JSP compilation time.

  .   ____          _            __ _ _
 /\\ / ___'_ __ _ _(_)_ __  __ _ \ \ \ \
( ( )\___ | '_ | '_| | '_ \/ _` | \ \ \ \
 \\/  ___)| |_)| | | | | || (_| |  ) ) ) )
  '  |____| .__|_| |_|_| |_\__, | / / / /
 =========|_|==============|___/=/_/_/_/

 :: Spring Boot ::               (v3.5.11)

2026-02-25T00:59:58.634Z  INFO 50844 --- [facade] [           main] war.ServletInitializer                   : Starting ServletInitializer v0.0.1-SNAPSHOT using Java 17.0.18 with PID 50844 (/mnt/c/Users/abdel/Documents/Code/AW/TP3/TP3/apache-tomcat-11.0.1/webapps/facade/WEB-INF/classes started by toad in /mnt/c/Users/abdel/Documents/Code/AW/TP3/TP3)
2026-02-25T00:59:58.667Z  INFO 50844 --- [facade] [           main] war.ServletInitializer                   : No active profile set, falling back to 1 default profile: "default"
2026-02-25T01:00:14.063Z  INFO 50844 --- [facade] [           main] .s.d.r.c.RepositoryConfigurationDelegate : Bootstrapping Spring Data JPA repositories in DEFAULT mode.
2026-02-25T01:00:14.705Z  INFO 50844 --- [facade] [           main] .s.d.r.c.RepositoryConfigurationDelegate : Finished Spring Data repository scanning in 351 ms. Found 0 JPA repository interfaces.
2026-02-25T01:00:19.962Z  INFO 50844 --- [facade] [           main] w.s.c.ServletWebServerApplicationContext : Root WebApplicationContext: initialization completed in 20629 ms
2026-02-25T01:00:24.503Z  INFO 50844 --- [facade] [           main] o.hibernate.jpa.internal.util.LogHelper  : HHH000204: Processing PersistenceUnitInfo [name: default]
2026-02-25T01:00:27.445Z  INFO 50844 --- [facade] [           main] org.hibernate.Version                    : HHH000412: Hibernate ORM core version 6.6.42.Final
2026-02-25T01:00:28.835Z  INFO 50844 --- [facade] [           main] o.h.c.internal.RegionFactoryInitiator    : HHH000026: Second-level cache disabled
2026-02-25T01:00:41.710Z  INFO 50844 --- [facade] [           main] o.s.o.j.p.SpringPersistenceUnitInfo      : No LoadTimeWeaver setup: ignoring JPA class transformer
2026-02-25T01:00:42.964Z  INFO 50844 --- [facade] [           main] com.zaxxer.hikari.HikariDataSource       : HikariPool-1 - Starting...
2026-02-25T01:00:45.124Z  WARN 50844 --- [facade] [           main] o.h.engine.jdbc.spi.SqlExceptionHelper   : SQL Error: -1301, SQLState: 08001
2026-02-25T01:00:45.125Z ERROR 50844 --- [facade] [           main] o.h.engine.jdbc.spi.SqlExceptionHelper   : java.net.ConnectException: Connection refused
2026-02-25T01:00:45.140Z  WARN 50844 --- [facade] [           main] o.h.e.j.e.i.JdbcEnvironmentInitiator     : HHH000342: Could not obtain connection to query metadata

org.hibernate.exception.JDBCConnectionException: unable to obtain isolated JDBC connection [java.net.ConnectException: Connection refused] [n/a]
	at org.hibernate.exception.internal.SQLStateConversionDelegate.convert(SQLStateConversionDelegate.java:100) ~[hibernate-core-6.6.42.Final.jar:6.6.42.Final]
	at org.hibernate.exception.internal.StandardSQLExceptionConverter.convert(StandardSQLExceptionConverter.java:58) ~[hibernate-core-6.6.42.Final.jar:6.6.42.Final]
	at org.hibernate.engine.jdbc.spi.SqlExceptionHelper.convert(SqlExceptionHelper.java:108) ~[hibernate-core-6.6.42.Final.jar:6.6.42.Final]
	at org.hibernate.engine.jdbc.spi.SqlExceptionHelper.convert(SqlExceptionHelper.java:94) ~[hibernate-core-6.6.42.Final.jar:6.6.42.Final]
	at org.hibernate.resource.transaction.backend.jdbc.internal.JdbcIsolationDelegate.delegateWork(JdbcIsolationDelegate.java:116) ~[hibernate-core-6.6.42.Final.jar:6.6.42.Final]
	at org.hibernate.engine.jdbc.env.internal.JdbcEnvironmentInitiator.getJdbcEnvironmentUsingJdbcMetadata(JdbcEnvironmentInitiator.java:334) ~[hibernate-core-6.6.42.Final.jar:6.6.42.Final]
	at org.hibernate.engine.jdbc.env.internal.JdbcEnvironmentInitiator.initiateService(JdbcEnvironmentInitiator.java:129) ~[hibernate-core-6.6.42.Final.jar:6.6.42.Final]
	at org.hibernate.engine.jdbc.env.internal.JdbcEnvironmentInitiator.initiateService(JdbcEnvironmentInitiator.java:81) ~[hibernate-core-6.6.42.Final.jar:6.6.42.Final]
	at org.hibernate.boot.registry.internal.StandardServiceRegistryImpl.initiateService(StandardServiceRegistryImpl.java:130) ~[hibernate-core-6.6.42.Final.jar:6.6.42.Final]
	at org.hibernate.service.internal.AbstractServiceRegistryImpl.createService(AbstractServiceRegistryImpl.java:263) ~[hibernate-core-6.6.42.Final.jar:6.6.42.Final]
	at org.hibernate.service.internal.AbstractServiceRegistryImpl.initializeService(AbstractServiceRegistryImpl.java:238) ~[hibernate-core-6.6.42.Final.jar:6.6.42.Final]
	at org.hibernate.service.internal.AbstractServiceRegistryImpl.getService(AbstractServiceRegistryImpl.java:215) ~[hibernate-core-6.6.42.Final.jar:6.6.42.Final]
	at org.hibernate.boot.model.relational.Database.<init>(Database.java:45) ~[hibernate-core-6.6.42.Final.jar:6.6.42.Final]
	at org.hibernate.boot.internal.InFlightMetadataCollectorImpl.getDatabase(InFlightMetadataCollectorImpl.java:226) ~[hibernate-core-6.6.42.Final.jar:6.6.42.Final]
	at org.hibernate.boot.internal.InFlightMetadataCollectorImpl.<init>(InFlightMetadataCollectorImpl.java:194) ~[hibernate-core-6.6.42.Final.jar:6.6.42.Final]
	at org.hibernate.boot.model.process.spi.MetadataBuildingProcess.complete(MetadataBuildingProcess.java:171) ~[hibernate-core-6.6.42.Final.jar:6.6.42.Final]
	at org.hibernate.jpa.boot.internal.EntityManagerFactoryBuilderImpl.metadata(EntityManagerFactoryBuilderImpl.java:1442) ~[hibernate-core-6.6.42.Final.jar:6.6.42.Final]
	at org.hibernate.jpa.boot.internal.EntityManagerFactoryBuilderImpl.build(EntityManagerFactoryBuilderImpl.java:1513) ~[hibernate-core-6.6.42.Final.jar:6.6.42.Final]
	at org.springframework.orm.jpa.vendor.SpringHibernateJpaPersistenceProvider.createContainerEntityManagerFactory(SpringHibernateJpaPersistenceProvider.java:66) ~[spring-orm-6.2.16.jar:6.2.16]
	at org.springframework.orm.jpa.LocalContainerEntityManagerFactoryBean.createNativeEntityManagerFactory(LocalContainerEntityManagerFactoryBean.java:388) ~[spring-orm-6.2.16.jar:6.2.16]
	at org.springframework.orm.jpa.AbstractEntityManagerFactoryBean.buildNativeEntityManagerFactory(AbstractEntityManagerFactoryBean.java:419) ~[spring-orm-6.2.16.jar:6.2.16]
	at org.springframework.orm.jpa.AbstractEntityManagerFactoryBean.afterPropertiesSet(AbstractEntityManagerFactoryBean.java:400) ~[spring-orm-6.2.16.jar:6.2.16]
	at org.springframework.orm.jpa.LocalContainerEntityManagerFactoryBean.afterPropertiesSet(LocalContainerEntityManagerFactoryBean.java:364) ~[spring-orm-6.2.16.jar:6.2.16]
	at org.springframework.beans.factory.support.AbstractAutowireCapableBeanFactory.invokeInitMethods(AbstractAutowireCapableBeanFactory.java:1873) ~[spring-beans-6.2.16.jar:6.2.16]
	at org.springframework.beans.factory.support.AbstractAutowireCapableBeanFactory.initializeBean(AbstractAutowireCapableBeanFactory.java:1822) ~[spring-beans-6.2.16.jar:6.2.16]
	at org.springframework.beans.factory.support.AbstractAutowireCapableBeanFactory.doCreateBean(AbstractAutowireCapableBeanFactory.java:607) ~[spring-beans-6.2.16.jar:6.2.16]
	at org.springframework.beans.factory.support.AbstractAutowireCapableBeanFactory.createBean(AbstractAutowireCapableBeanFactory.java:529) ~[spring-beans-6.2.16.jar:6.2.16]
	at org.springframework.beans.factory.support.AbstractBeanFactory.lambda$doGetBean$0(AbstractBeanFactory.java:339) ~[spring-beans-6.2.16.jar:6.2.16]
	at org.springframework.beans.factory.support.DefaultSingletonBeanRegistry.getSingleton(DefaultSingletonBeanRegistry.java:373) ~[spring-beans-6.2.16.jar:6.2.16]
	at org.springframework.beans.factory.support.AbstractBeanFactory.doGetBean(AbstractBeanFactory.java:337) ~[spring-beans-6.2.16.jar:6.2.16]
	at org.springframework.beans.factory.support.AbstractBeanFactory.getBean(AbstractBeanFactory.java:207) ~[spring-beans-6.2.16.jar:6.2.16]
	at org.springframework.context.support.AbstractApplicationContext.finishBeanFactoryInitialization(AbstractApplicationContext.java:974) ~[spring-context-6.2.16.jar:6.2.16]
	at org.springframework.context.support.AbstractApplicationContext.refresh(AbstractApplicationContext.java:628) ~[spring-context-6.2.16.jar:6.2.16]
	at org.springframework.boot.web.servlet.context.ServletWebServerApplicationContext.refresh(ServletWebServerApplicationContext.java:146) ~[spring-boot-3.5.11.jar:3.5.11]
	at org.springframework.boot.SpringApplication.refresh(SpringApplication.java:752) ~[spring-boot-3.5.11.jar:3.5.11]
	at org.springframework.boot.SpringApplication.refreshContext(SpringApplication.java:439) ~[spring-boot-3.5.11.jar:3.5.11]
	at org.springframework.boot.SpringApplication.run(SpringApplication.java:318) ~[spring-boot-3.5.11.jar:3.5.11]
	at org.springframework.boot.web.servlet.support.SpringBootServletInitializer.run(SpringBootServletInitializer.java:194) ~[spring-boot-3.5.11.jar:3.5.11]
	at org.springframework.boot.web.servlet.support.SpringBootServletInitializer.createRootApplicationContext(SpringBootServletInitializer.java:174) ~[spring-boot-3.5.11.jar:3.5.11]
	at org.springframework.boot.web.servlet.support.SpringBootServletInitializer.onStartup(SpringBootServletInitializer.java:102) ~[spring-boot-3.5.11.jar:3.5.11]
	at org.springframework.web.SpringServletContainerInitializer.onStartup(SpringServletContainerInitializer.java:171) ~[spring-web-6.2.16.jar:6.2.16]
	at org.apache.catalina.core.StandardContext.startInternal(StandardContext.java:4393) ~[catalina.jar:11.0.1]
	at org.apache.catalina.util.LifecycleBase.start(LifecycleBase.java:164) ~[catalina.jar:11.0.1]
	at org.apache.catalina.core.ContainerBase.addChild(ContainerBase.java:566) ~[catalina.jar:11.0.1]
	at org.apache.catalina.core.StandardHost.addChild(StandardHost.java:653) ~[catalina.jar:11.0.1]
	at org.apache.catalina.startup.HostConfig.deployWAR(HostConfig.java:933) ~[catalina.jar:11.0.1]
	at org.apache.catalina.startup.HostConfig$DeployWar.run(HostConfig.java:1875) ~[catalina.jar:11.0.1]
	at java.base/java.util.concurrent.Executors$RunnableAdapter.call(Executors.java:539) ~[na:na]
	at java.base/java.util.concurrent.FutureTask.run(FutureTask.java:264) ~[na:na]
	at org.apache.tomcat.util.threads.InlineExecutorService.execute(InlineExecutorService.java:75) ~[tomcat-util.jar:11.0.1]
	at java.base/java.util.concurrent.AbstractExecutorService.submit(AbstractExecutorService.java:123) ~[na:na]
	at org.apache.catalina.startup.HostConfig.deployWARs(HostConfig.java:735) ~[catalina.jar:11.0.1]
	at org.apache.catalina.startup.HostConfig.deployApps(HostConfig.java:387) ~[catalina.jar:11.0.1]
	at org.apache.catalina.startup.HostConfig.start(HostConfig.java:1593) ~[catalina.jar:11.0.1]
	at org.apache.catalina.startup.HostConfig.lifecycleEvent(HostConfig.java:267) ~[catalina.jar:11.0.1]
	at org.apache.catalina.util.LifecycleBase.fireLifecycleEvent(LifecycleBase.java:109) ~[catalina.jar:11.0.1]
	at org.apache.catalina.util.LifecycleBase.setStateInternal(LifecycleBase.java:389) ~[catalina.jar:11.0.1]
	at org.apache.catalina.util.LifecycleBase.setState(LifecycleBase.java:336) ~[catalina.jar:11.0.1]
	at org.apache.catalina.core.ContainerBase.startInternal(ContainerBase.java:743) ~[catalina.jar:11.0.1]
	at org.apache.catalina.core.StandardHost.startInternal(StandardHost.java:771) ~[catalina.jar:11.0.1]
	at org.apache.catalina.util.LifecycleBase.start(LifecycleBase.java:164) ~[catalina.jar:11.0.1]
	at org.apache.catalina.core.ContainerBase$StartChild.call(ContainerBase.java:1170) ~[catalina.jar:11.0.1]
	at org.apache.catalina.core.ContainerBase$StartChild.call(ContainerBase.java:1160) ~[catalina.jar:11.0.1]
	at java.base/java.util.concurrent.FutureTask.run(FutureTask.java:264) ~[na:na]
	at org.apache.tomcat.util.threads.InlineExecutorService.execute(InlineExecutorService.java:75) ~[tomcat-util.jar:11.0.1]
	at java.base/java.util.concurrent.AbstractExecutorService.submit(AbstractExecutorService.java:145) ~[na:na]
	at org.apache.catalina.core.ContainerBase.startInternal(ContainerBase.java:716) ~[catalina.jar:11.0.1]
	at org.apache.catalina.core.StandardEngine.startInternal(StandardEngine.java:203) ~[catalina.jar:11.0.1]
	at org.apache.catalina.util.LifecycleBase.start(LifecycleBase.java:164) ~[catalina.jar:11.0.1]
	at org.apache.catalina.core.StandardService.startInternal(StandardService.java:415) ~[catalina.jar:11.0.1]
	at org.apache.catalina.util.LifecycleBase.start(LifecycleBase.java:164) ~[catalina.jar:11.0.1]
	at org.apache.catalina.core.StandardServer.startInternal(StandardServer.java:866) ~[catalina.jar:11.0.1]
	at org.apache.catalina.util.LifecycleBase.start(LifecycleBase.java:164) ~[catalina.jar:11.0.1]
	at org.apache.catalina.startup.Catalina.start(Catalina.java:755) ~[catalina.jar:11.0.1]
	at java.base/jdk.internal.reflect.NativeMethodAccessorImpl.invoke0(Native Method) ~[na:na]
	at java.base/jdk.internal.reflect.NativeMethodAccessorImpl.invoke(NativeMethodAccessorImpl.java:77) ~[na:na]
	at java.base/jdk.internal.reflect.DelegatingMethodAccessorImpl.invoke(DelegatingMethodAccessorImpl.java:43) ~[na:na]
	at java.base/java.lang.reflect.Method.invoke(Method.java:569) ~[na:na]
	at org.apache.catalina.startup.Bootstrap.start(Bootstrap.java:342) ~[bootstrap.jar:11.0.1]
	at org.apache.catalina.startup.Bootstrap.main(Bootstrap.java:470) ~[bootstrap.jar:11.0.1]
Caused by: java.sql.SQLTransientConnectionException: java.net.ConnectException: Connection refused
	at org.hsqldb.jdbc.JDBCUtil.sqlException(Unknown Source) ~[hsqldb-2.7.3.jar:2.7.3]
	at org.hsqldb.jdbc.JDBCUtil.sqlException(Unknown Source) ~[hsqldb-2.7.3.jar:2.7.3]
	at org.hsqldb.jdbc.JDBCConnection.<init>(Unknown Source) ~[hsqldb-2.7.3.jar:2.7.3]
	at org.hsqldb.jdbc.JDBCDriver$1.run(Unknown Source) ~[hsqldb-2.7.3.jar:2.7.3]
Caused by: org.hsqldb.HsqlException: java.net.ConnectException: Connection refused
	at org.hsqldb.ClientConnection.openConnection(Unknown Source) ~[hsqldb-2.7.3.jar:2.7.3]
	at org.hsqldb.ClientConnection.initConnection(Unknown Source) ~[hsqldb-2.7.3.jar:2.7.3]
	at org.hsqldb.ClientConnection.<init>(Unknown Source) ~[hsqldb-2.7.3.jar:2.7.3]
	... 2 common frames omitted
Caused by: java.net.ConnectException: Connection refused
	at java.base/sun.nio.ch.Net.connect0(Native Method) ~[na:na]
	at java.base/sun.nio.ch.Net.connect(Net.java:591) ~[na:na]
	at java.base/sun.nio.ch.Net.connect(Net.java:580) ~[na:na]
	at java.base/sun.nio.ch.NioSocketImpl.connect(NioSocketImpl.java:593) ~[na:na]
	at java.base/java.net.SocksSocketImpl.connect(SocksSocketImpl.java:327) ~[na:na]
	at java.base/java.net.Socket.connect(Socket.java:633) ~[na:na]
	at java.base/java.net.Socket.connect(Socket.java:583) ~[na:na]
	at java.base/java.net.Socket.<init>(Socket.java:507) ~[na:na]
	at java.base/java.net.Socket.<init>(Socket.java:287) ~[na:na]
	at org.hsqldb.server.HsqlSocketFactory.createSocket(Unknown Source) ~[hsqldb-2.7.3.jar:2.7.3]
	... 5 common frames omitted

2026-02-25T01:00:46.066Z  WARN 50844 --- [facade] [           main] org.hibernate.orm.deprecation            : HHH90000025: HSQLDialect does not need to be specified explicitly using 'hibernate.dialect' (remove the property setting and it will be selected by default)
2026-02-25T01:00:46.593Z  INFO 50844 --- [facade] [           main] org.hibernate.orm.connections.pooling    : HHH10001005: Database info:
	Database JDBC URL [Connecting through datasource 'HikariDataSource (null)']
	Database driver: undefined/unknown
	Database version: 2.6.1
	Autocommit mode: undefined/unknown
	Isolation level: undefined/unknown
	Minimum pool size: undefined/unknown
	Maximum pool size: undefined/unknown
2026-02-25T01:00:58.668Z  INFO 50844 --- [facade] [           main] o.h.e.t.j.p.i.JtaPlatformInitiator       : HHH000489: No JTA platform available (set 'hibernate.transaction.jta.platform' to enable JTA platform integration)
2026-02-25T01:00:58.900Z  INFO 50844 --- [facade] [           main] j.LocalContainerEntityManagerFactoryBean : Initialized JPA EntityManagerFactory for persistence unit 'default'
2026-02-25T01:01:00.109Z  WARN 50844 --- [facade] [           main] JpaBaseConfiguration$JpaWebConfiguration : spring.jpa.open-in-view is enabled by default. Therefore, database queries may be performed during view rendering. Explicitly configure spring.jpa.open-in-view to disable this warning
2026-02-25T01:01:07.706Z  INFO 50844 --- [facade] [           main] war.ServletInitializer                   : Started ServletInitializer in 81.699 seconds (process running for 245.19)
25-Feb-2026 01:01:07.869 INFO [main] org.apache.catalina.startup.HostConfig.deployWAR Deployment of web application archive [/mnt/c/Users/abdel/Documents/Code/AW/TP3/TP3/apache-tomcat-11.0.1/webapps/facade.war] has finished in [171,385] ms
25-Feb-2026 01:01:07.878 INFO [main] org.apache.catalina.startup.HostConfig.deployDirectory Deploying web application directory [/mnt/c/Users/abdel/Documents/Code/AW/TP3/TP3/apache-tomcat-11.0.1/webapps/docs]
25-Feb-2026 01:01:08.529 INFO [main] org.apache.catalina.startup.HostConfig.deployDirectory Deployment of web application directory [/mnt/c/Users/abdel/Documents/Code/AW/TP3/TP3/apache-tomcat-11.0.1/webapps/docs] has finished in [652] ms
25-Feb-2026 01:01:08.532 INFO [main] org.apache.catalina.startup.HostConfig.deployDirectory Deploying web application directory [/mnt/c/Users/abdel/Documents/Code/AW/TP3/TP3/apache-tomcat-11.0.1/webapps/examples]
25-Feb-2026 01:01:17.449 INFO [main] org.apache.catalina.startup.HostConfig.deployDirectory Deployment of web application directory [/mnt/c/Users/abdel/Documents/Code/AW/TP3/TP3/apache-tomcat-11.0.1/webapps/examples] has finished in [8,917] ms
25-Feb-2026 01:01:17.455 INFO [main] org.apache.catalina.startup.HostConfig.deployDirectory Deploying web application directory [/mnt/c/Users/abdel/Documents/Code/AW/TP3/TP3/apache-tomcat-11.0.1/webapps/host-manager]
25-Feb-2026 01:01:18.101 INFO [main] org.apache.catalina.startup.HostConfig.deployDirectory Deployment of web application directory [/mnt/c/Users/abdel/Documents/Code/AW/TP3/TP3/apache-tomcat-11.0.1/webapps/host-manager] has finished in [645] ms
25-Feb-2026 01:01:18.103 INFO [main] org.apache.catalina.startup.HostConfig.deployDirectory Deploying web application directory [/mnt/c/Users/abdel/Documents/Code/AW/TP3/TP3/apache-tomcat-11.0.1/webapps/manager]
25-Feb-2026 01:01:18.841 INFO [main] org.apache.catalina.startup.HostConfig.deployDirectory Deployment of web application directory [/mnt/c/Users/abdel/Documents/Code/AW/TP3/TP3/apache-tomcat-11.0.1/webapps/manager] has finished in [737] ms
25-Feb-2026 01:01:18.843 INFO [main] org.apache.catalina.startup.HostConfig.deployDirectory Deploying web application directory [/mnt/c/Users/abdel/Documents/Code/AW/TP3/TP3/apache-tomcat-11.0.1/webapps/ROOT]
25-Feb-2026 01:01:19.341 INFO [main] org.apache.catalina.startup.HostConfig.deployDirectory Deployment of web application directory [/mnt/c/Users/abdel/Documents/Code/AW/TP3/TP3/apache-tomcat-11.0.1/webapps/ROOT] has finished in [498] ms
25-Feb-2026 01:01:19.353 INFO [main] org.apache.coyote.AbstractProtocol.start Starting ProtocolHandler ["http-nio-8080"]
25-Feb-2026 01:01:19.388 INFO [main] org.apache.catalina.startup.Catalina.start Server startup in [254652] milliseconds
2026-02-25T01:01:24.416Z  INFO 50844 --- [facade] [nio-8080-exec-1] o.s.web.servlet.DispatcherServlet        : Initializing Servlet 'dispatcherServlet'
2026-02-25T01:01:24.418Z  INFO 50844 --- [facade] [nio-8080-exec-1] o.s.web.servlet.DispatcherServlet        : Completed initialization in 1 ms
25-Feb-2026 01:03:21.507 INFO [main] org.apache.catalina.startup.VersionLoggerListener.log Server version name:   Apache Tomcat/11.0.1
25-Feb-2026 01:03:21.515 INFO [main] org.apache.catalina.startup.VersionLoggerListener.log Server built:          Nov 6 2024 19:08:24 UTC
25-Feb-2026 01:03:21.516 INFO [main] org.apache.catalina.startup.VersionLoggerListener.log Server version number: 11.0.1.0
25-Feb-2026 01:03:21.517 INFO [main] org.apache.catalina.startup.VersionLoggerListener.log OS Name:               Linux
25-Feb-2026 01:03:21.518 INFO [main] org.apache.catalina.startup.VersionLoggerListener.log OS Version:            6.6.87.2-microsoft-standard-WSL2
25-Feb-2026 01:03:21.518 INFO [main] org.apache.catalina.startup.VersionLoggerListener.log Architecture:          amd64
25-Feb-2026 01:03:21.519 INFO [main] org.apache.catalina.startup.VersionLoggerListener.log Java Home:             /usr/lib/jvm/java-17-openjdk-amd64
25-Feb-2026 01:03:21.519 INFO [main] org.apache.catalina.startup.VersionLoggerListener.log JVM Version:           17.0.18+8-Ubuntu-124.04.1
25-Feb-2026 01:03:21.520 INFO [main] org.apache.catalina.startup.VersionLoggerListener.log JVM Vendor:            Ubuntu
25-Feb-2026 01:03:21.520 INFO [main] org.apache.catalina.startup.VersionLoggerListener.log CATALINA_BASE:         /mnt/c/Users/abdel/Documents/Code/AW/TP3/TP3/apache-tomcat-11.0.1
25-Feb-2026 01:03:21.521 INFO [main] org.apache.catalina.startup.VersionLoggerListener.log CATALINA_HOME:         /mnt/c/Users/abdel/Documents/Code/AW/TP3/TP3/apache-tomcat-11.0.1
25-Feb-2026 01:03:21.531 INFO [main] org.apache.catalina.startup.VersionLoggerListener.log Command line argument: -Djava.util.logging.config.file=/mnt/c/Users/abdel/Documents/Code/AW/TP3/TP3/apache-tomcat-11.0.1/conf/logging.properties
25-Feb-2026 01:03:21.531 INFO [main] org.apache.catalina.startup.VersionLoggerListener.log Command line argument: -Djava.util.logging.manager=org.apache.juli.ClassLoaderLogManager
25-Feb-2026 01:03:21.532 INFO [main] org.apache.catalina.startup.VersionLoggerListener.log Command line argument: -Djdk.tls.ephemeralDHKeySize=2048
25-Feb-2026 01:03:21.533 INFO [main] org.apache.catalina.startup.VersionLoggerListener.log Command line argument: -Dorg.apache.catalina.security.SecurityListener.UMASK=0027
25-Feb-2026 01:03:21.534 INFO [main] org.apache.catalina.startup.VersionLoggerListener.log Command line argument: --add-opens=java.base/java.lang=ALL-UNNAMED
25-Feb-2026 01:03:21.534 INFO [main] org.apache.catalina.startup.VersionLoggerListener.log Command line argument: --add-opens=java.base/java.io=ALL-UNNAMED
25-Feb-2026 01:03:21.535 INFO [main] org.apache.catalina.startup.VersionLoggerListener.log Command line argument: --add-opens=java.base/java.util=ALL-UNNAMED
25-Feb-2026 01:03:21.535 INFO [main] org.apache.catalina.startup.VersionLoggerListener.log Command line argument: --add-opens=java.base/java.util.concurrent=ALL-UNNAMED
25-Feb-2026 01:03:21.536 INFO [main] org.apache.catalina.startup.VersionLoggerListener.log Command line argument: --add-opens=java.rmi/sun.rmi.transport=ALL-UNNAMED
25-Feb-2026 01:03:21.537 INFO [main] org.apache.catalina.startup.VersionLoggerListener.log Command line argument: --enable-native-access=ALL-UNNAMED
25-Feb-2026 01:03:21.537 INFO [main] org.apache.catalina.startup.VersionLoggerListener.log Command line argument: -Dcatalina.base=/mnt/c/Users/abdel/Documents/Code/AW/TP3/TP3/apache-tomcat-11.0.1
25-Feb-2026 01:03:21.538 INFO [main] org.apache.catalina.startup.VersionLoggerListener.log Command line argument: -Dcatalina.home=/mnt/c/Users/abdel/Documents/Code/AW/TP3/TP3/apache-tomcat-11.0.1
25-Feb-2026 01:03:21.538 INFO [main] org.apache.catalina.startup.VersionLoggerListener.log Command line argument: -Djava.io.tmpdir=/mnt/c/Users/abdel/Documents/Code/AW/TP3/TP3/apache-tomcat-11.0.1/temp
25-Feb-2026 01:03:21.545 INFO [main] org.apache.catalina.core.AprLifecycleListener.lifecycleEvent The Apache Tomcat Native library which allows using OpenSSL was not found on the java.library.path: [/usr/java/packages/lib:/usr/lib/x86_64-linux-gnu/jni:/lib/x86_64-linux-gnu:/usr/lib/x86_64-linux-gnu:/usr/lib/jni:/lib:/usr/lib]
25-Feb-2026 01:03:22.065 INFO [main] org.apache.coyote.AbstractProtocol.init Initializing ProtocolHandler ["http-nio-8080"]
25-Feb-2026 01:03:22.127 INFO [main] org.apache.catalina.startup.Catalina.load Server initialization in [1126] milliseconds
25-Feb-2026 01:03:22.253 INFO [main] org.apache.catalina.core.StandardService.startInternal Starting service [Catalina]
25-Feb-2026 01:03:22.254 INFO [main] org.apache.catalina.core.StandardEngine.startInternal Starting Servlet engine: [Apache Tomcat/11.0.1]
25-Feb-2026 01:03:22.379 INFO [main] org.apache.catalina.startup.HostConfig.deployWAR Deploying web application archive [/mnt/c/Users/abdel/Documents/Code/AW/TP3/TP3/apache-tomcat-11.0.1/webapps/Annuaire.war]
25-Feb-2026 01:03:22.489 INFO [main] org.apache.catalina.startup.ExpandWar.expand An expanded directory [/mnt/c/Users/abdel/Documents/Code/AW/TP3/TP3/apache-tomcat-11.0.1/webapps/Annuaire] was found with a last modified time that did not match the associated WAR. It will be deleted.
25-Feb-2026 01:04:27.366 INFO [main] org.apache.jasper.servlet.TldScanner.scanJars At least one JAR was scanned for TLDs yet contained no TLDs. Enable debug logging for this logger for a complete list of JARs that were scanned but no TLDs were found in them. Skipping unneeded JARs during scanning can improve startup time and JSP compilation time.
25-Feb-2026 01:04:27.613 INFO [main] org.apache.catalina.startup.HostConfig.deployWAR Deployment of web application archive [/mnt/c/Users/abdel/Documents/Code/AW/TP3/TP3/apache-tomcat-11.0.1/webapps/Annuaire.war] has finished in [65,234] ms
25-Feb-2026 01:04:27.658 INFO [main] org.apache.catalina.startup.HostConfig.deployWAR Deploying web application archive [/mnt/c/Users/abdel/Documents/Code/AW/TP3/TP3/apache-tomcat-11.0.1/webapps/facade.war]
25-Feb-2026 01:04:27.703 INFO [main] org.apache.catalina.startup.ExpandWar.expand An expanded directory [/mnt/c/Users/abdel/Documents/Code/AW/TP3/TP3/apache-tomcat-11.0.1/webapps/facade] was found with a last modified time that did not match the associated WAR. It will be deleted.
25-Feb-2026 01:05:48.897 INFO [main] org.apache.jasper.servlet.TldScanner.scanJars At least one JAR was scanned for TLDs yet contained no TLDs. Enable debug logging for this logger for a complete list of JARs that were scanned but no TLDs were found in them. Skipping unneeded JARs during scanning can improve startup time and JSP compilation time.

  .   ____          _            __ _ _
 /\\ / ___'_ __ _ _(_)_ __  __ _ \ \ \ \
( ( )\___ | '_ | '_| | '_ \/ _` | \ \ \ \
 \\/  ___)| |_)| | | | | || (_| |  ) ) ) )
  '  |____| .__|_| |_|_| |_\__, | / / / /
 =========|_|==============|___/=/_/_/_/

 :: Spring Boot ::               (v3.5.11)

2026-02-25T01:06:03.853Z  INFO 52049 --- [facade] [           main] war.ServletInitializer                   : Starting ServletInitializer v0.0.1-SNAPSHOT using Java 17.0.18 with PID 52049 (/mnt/c/Users/abdel/Documents/Code/AW/TP3/TP3/apache-tomcat-11.0.1/webapps/facade/WEB-INF/classes started by toad in /mnt/c/Users/abdel/Documents/Code/AW/TP3/TP3)
2026-02-25T01:06:03.883Z  INFO 52049 --- [facade] [           main] war.ServletInitializer                   : No active profile set, falling back to 1 default profile: "default"
2026-02-25T01:06:19.590Z  INFO 52049 --- [facade] [           main] .s.d.r.c.RepositoryConfigurationDelegate : Bootstrapping Spring Data JPA repositories in DEFAULT mode.
2026-02-25T01:06:20.223Z  INFO 52049 --- [facade] [           main] .s.d.r.c.RepositoryConfigurationDelegate : Finished Spring Data repository scanning in 335 ms. Found 0 JPA repository interfaces.
2026-02-25T01:06:25.693Z  INFO 52049 --- [facade] [           main] w.s.c.ServletWebServerApplicationContext : Root WebApplicationContext: initialization completed in 21144 ms
2026-02-25T01:06:30.389Z  INFO 52049 --- [facade] [           main] o.hibernate.jpa.internal.util.LogHelper  : HHH000204: Processing PersistenceUnitInfo [name: default]
2026-02-25T01:06:33.372Z  INFO 52049 --- [facade] [           main] org.hibernate.Version                    : HHH000412: Hibernate ORM core version 6.6.42.Final
2026-02-25T01:06:34.676Z  INFO 52049 --- [facade] [           main] o.h.c.internal.RegionFactoryInitiator    : HHH000026: Second-level cache disabled
2026-02-25T01:06:47.184Z  INFO 52049 --- [facade] [           main] o.s.o.j.p.SpringPersistenceUnitInfo      : No LoadTimeWeaver setup: ignoring JPA class transformer
2026-02-25T01:06:48.461Z  INFO 52049 --- [facade] [           main] com.zaxxer.hikari.HikariDataSource       : HikariPool-1 - Starting...
2026-02-25T01:06:50.628Z  WARN 52049 --- [facade] [           main] o.h.engine.jdbc.spi.SqlExceptionHelper   : SQL Error: -1301, SQLState: 08001
2026-02-25T01:06:50.631Z ERROR 52049 --- [facade] [           main] o.h.engine.jdbc.spi.SqlExceptionHelper   : java.net.ConnectException: Connection refused
2026-02-25T01:06:50.646Z  WARN 52049 --- [facade] [           main] o.h.e.j.e.i.JdbcEnvironmentInitiator     : HHH000342: Could not obtain connection to query metadata

org.hibernate.exception.JDBCConnectionException: unable to obtain isolated JDBC connection [java.net.ConnectException: Connection refused] [n/a]
	at org.hibernate.exception.internal.SQLStateConversionDelegate.convert(SQLStateConversionDelegate.java:100) ~[hibernate-core-6.6.42.Final.jar:6.6.42.Final]
	at org.hibernate.exception.internal.StandardSQLExceptionConverter.convert(StandardSQLExceptionConverter.java:58) ~[hibernate-core-6.6.42.Final.jar:6.6.42.Final]
	at org.hibernate.engine.jdbc.spi.SqlExceptionHelper.convert(SqlExceptionHelper.java:108) ~[hibernate-core-6.6.42.Final.jar:6.6.42.Final]
	at org.hibernate.engine.jdbc.spi.SqlExceptionHelper.convert(SqlExceptionHelper.java:94) ~[hibernate-core-6.6.42.Final.jar:6.6.42.Final]
	at org.hibernate.resource.transaction.backend.jdbc.internal.JdbcIsolationDelegate.delegateWork(JdbcIsolationDelegate.java:116) ~[hibernate-core-6.6.42.Final.jar:6.6.42.Final]
	at org.hibernate.engine.jdbc.env.internal.JdbcEnvironmentInitiator.getJdbcEnvironmentUsingJdbcMetadata(JdbcEnvironmentInitiator.java:334) ~[hibernate-core-6.6.42.Final.jar:6.6.42.Final]
	at org.hibernate.engine.jdbc.env.internal.JdbcEnvironmentInitiator.initiateService(JdbcEnvironmentInitiator.java:129) ~[hibernate-core-6.6.42.Final.jar:6.6.42.Final]
	at org.hibernate.engine.jdbc.env.internal.JdbcEnvironmentInitiator.initiateService(JdbcEnvironmentInitiator.java:81) ~[hibernate-core-6.6.42.Final.jar:6.6.42.Final]
	at org.hibernate.boot.registry.internal.StandardServiceRegistryImpl.initiateService(StandardServiceRegistryImpl.java:130) ~[hibernate-core-6.6.42.Final.jar:6.6.42.Final]
	at org.hibernate.service.internal.AbstractServiceRegistryImpl.createService(AbstractServiceRegistryImpl.java:263) ~[hibernate-core-6.6.42.Final.jar:6.6.42.Final]
	at org.hibernate.service.internal.AbstractServiceRegistryImpl.initializeService(AbstractServiceRegistryImpl.java:238) ~[hibernate-core-6.6.42.Final.jar:6.6.42.Final]
	at org.hibernate.service.internal.AbstractServiceRegistryImpl.getService(AbstractServiceRegistryImpl.java:215) ~[hibernate-core-6.6.42.Final.jar:6.6.42.Final]
	at org.hibernate.boot.model.relational.Database.<init>(Database.java:45) ~[hibernate-core-6.6.42.Final.jar:6.6.42.Final]
	at org.hibernate.boot.internal.InFlightMetadataCollectorImpl.getDatabase(InFlightMetadataCollectorImpl.java:226) ~[hibernate-core-6.6.42.Final.jar:6.6.42.Final]
	at org.hibernate.boot.internal.InFlightMetadataCollectorImpl.<init>(InFlightMetadataCollectorImpl.java:194) ~[hibernate-core-6.6.42.Final.jar:6.6.42.Final]
	at org.hibernate.boot.model.process.spi.MetadataBuildingProcess.complete(MetadataBuildingProcess.java:171) ~[hibernate-core-6.6.42.Final.jar:6.6.42.Final]
	at org.hibernate.jpa.boot.internal.EntityManagerFactoryBuilderImpl.metadata(EntityManagerFactoryBuilderImpl.java:1442) ~[hibernate-core-6.6.42.Final.jar:6.6.42.Final]
	at org.hibernate.jpa.boot.internal.EntityManagerFactoryBuilderImpl.build(EntityManagerFactoryBuilderImpl.java:1513) ~[hibernate-core-6.6.42.Final.jar:6.6.42.Final]
	at org.springframework.orm.jpa.vendor.SpringHibernateJpaPersistenceProvider.createContainerEntityManagerFactory(SpringHibernateJpaPersistenceProvider.java:66) ~[spring-orm-6.2.16.jar:6.2.16]
	at org.springframework.orm.jpa.LocalContainerEntityManagerFactoryBean.createNativeEntityManagerFactory(LocalContainerEntityManagerFactoryBean.java:388) ~[spring-orm-6.2.16.jar:6.2.16]
	at org.springframework.orm.jpa.AbstractEntityManagerFactoryBean.buildNativeEntityManagerFactory(AbstractEntityManagerFactoryBean.java:419) ~[spring-orm-6.2.16.jar:6.2.16]
	at org.springframework.orm.jpa.AbstractEntityManagerFactoryBean.afterPropertiesSet(AbstractEntityManagerFactoryBean.java:400) ~[spring-orm-6.2.16.jar:6.2.16]
	at org.springframework.orm.jpa.LocalContainerEntityManagerFactoryBean.afterPropertiesSet(LocalContainerEntityManagerFactoryBean.java:364) ~[spring-orm-6.2.16.jar:6.2.16]
	at org.springframework.beans.factory.support.AbstractAutowireCapableBeanFactory.invokeInitMethods(AbstractAutowireCapableBeanFactory.java:1873) ~[spring-beans-6.2.16.jar:6.2.16]
	at org.springframework.beans.factory.support.AbstractAutowireCapableBeanFactory.initializeBean(AbstractAutowireCapableBeanFactory.java:1822) ~[spring-beans-6.2.16.jar:6.2.16]
	at org.springframework.beans.factory.support.AbstractAutowireCapableBeanFactory.doCreateBean(AbstractAutowireCapableBeanFactory.java:607) ~[spring-beans-6.2.16.jar:6.2.16]
	at org.springframework.beans.factory.support.AbstractAutowireCapableBeanFactory.createBean(AbstractAutowireCapableBeanFactory.java:529) ~[spring-beans-6.2.16.jar:6.2.16]
	at org.springframework.beans.factory.support.AbstractBeanFactory.lambda$doGetBean$0(AbstractBeanFactory.java:339) ~[spring-beans-6.2.16.jar:6.2.16]
	at org.springframework.beans.factory.support.DefaultSingletonBeanRegistry.getSingleton(DefaultSingletonBeanRegistry.java:373) ~[spring-beans-6.2.16.jar:6.2.16]
	at org.springframework.beans.factory.support.AbstractBeanFactory.doGetBean(AbstractBeanFactory.java:337) ~[spring-beans-6.2.16.jar:6.2.16]
	at org.springframework.beans.factory.support.AbstractBeanFactory.getBean(AbstractBeanFactory.java:207) ~[spring-beans-6.2.16.jar:6.2.16]
	at org.springframework.context.support.AbstractApplicationContext.finishBeanFactoryInitialization(AbstractApplicationContext.java:974) ~[spring-context-6.2.16.jar:6.2.16]
	at org.springframework.context.support.AbstractApplicationContext.refresh(AbstractApplicationContext.java:628) ~[spring-context-6.2.16.jar:6.2.16]
	at org.springframework.boot.web.servlet.context.ServletWebServerApplicationContext.refresh(ServletWebServerApplicationContext.java:146) ~[spring-boot-3.5.11.jar:3.5.11]
	at org.springframework.boot.SpringApplication.refresh(SpringApplication.java:752) ~[spring-boot-3.5.11.jar:3.5.11]
	at org.springframework.boot.SpringApplication.refreshContext(SpringApplication.java:439) ~[spring-boot-3.5.11.jar:3.5.11]
	at org.springframework.boot.SpringApplication.run(SpringApplication.java:318) ~[spring-boot-3.5.11.jar:3.5.11]
	at org.springframework.boot.web.servlet.support.SpringBootServletInitializer.run(SpringBootServletInitializer.java:194) ~[spring-boot-3.5.11.jar:3.5.11]
	at org.springframework.boot.web.servlet.support.SpringBootServletInitializer.createRootApplicationContext(SpringBootServletInitializer.java:174) ~[spring-boot-3.5.11.jar:3.5.11]
	at org.springframework.boot.web.servlet.support.SpringBootServletInitializer.onStartup(SpringBootServletInitializer.java:102) ~[spring-boot-3.5.11.jar:3.5.11]
	at org.springframework.web.SpringServletContainerInitializer.onStartup(SpringServletContainerInitializer.java:171) ~[spring-web-6.2.16.jar:6.2.16]
	at org.apache.catalina.core.StandardContext.startInternal(StandardContext.java:4393) ~[catalina.jar:11.0.1]
	at org.apache.catalina.util.LifecycleBase.start(LifecycleBase.java:164) ~[catalina.jar:11.0.1]
	at org.apache.catalina.core.ContainerBase.addChild(ContainerBase.java:566) ~[catalina.jar:11.0.1]
	at org.apache.catalina.core.StandardHost.addChild(StandardHost.java:653) ~[catalina.jar:11.0.1]
	at org.apache.catalina.startup.HostConfig.deployWAR(HostConfig.java:933) ~[catalina.jar:11.0.1]
	at org.apache.catalina.startup.HostConfig$DeployWar.run(HostConfig.java:1875) ~[catalina.jar:11.0.1]
	at java.base/java.util.concurrent.Executors$RunnableAdapter.call(Executors.java:539) ~[na:na]
	at java.base/java.util.concurrent.FutureTask.run(FutureTask.java:264) ~[na:na]
	at org.apache.tomcat.util.threads.InlineExecutorService.execute(InlineExecutorService.java:75) ~[tomcat-util.jar:11.0.1]
	at java.base/java.util.concurrent.AbstractExecutorService.submit(AbstractExecutorService.java:123) ~[na:na]
	at org.apache.catalina.startup.HostConfig.deployWARs(HostConfig.java:735) ~[catalina.jar:11.0.1]
	at org.apache.catalina.startup.HostConfig.deployApps(HostConfig.java:387) ~[catalina.jar:11.0.1]
	at org.apache.catalina.startup.HostConfig.start(HostConfig.java:1593) ~[catalina.jar:11.0.1]
	at org.apache.catalina.startup.HostConfig.lifecycleEvent(HostConfig.java:267) ~[catalina.jar:11.0.1]
	at org.apache.catalina.util.LifecycleBase.fireLifecycleEvent(LifecycleBase.java:109) ~[catalina.jar:11.0.1]
	at org.apache.catalina.util.LifecycleBase.setStateInternal(LifecycleBase.java:389) ~[catalina.jar:11.0.1]
	at org.apache.catalina.util.LifecycleBase.setState(LifecycleBase.java:336) ~[catalina.jar:11.0.1]
	at org.apache.catalina.core.ContainerBase.startInternal(ContainerBase.java:743) ~[catalina.jar:11.0.1]
	at org.apache.catalina.core.StandardHost.startInternal(StandardHost.java:771) ~[catalina.jar:11.0.1]
	at org.apache.catalina.util.LifecycleBase.start(LifecycleBase.java:164) ~[catalina.jar:11.0.1]
	at org.apache.catalina.core.ContainerBase$StartChild.call(ContainerBase.java:1170) ~[catalina.jar:11.0.1]
	at org.apache.catalina.core.ContainerBase$StartChild.call(ContainerBase.java:1160) ~[catalina.jar:11.0.1]
	at java.base/java.util.concurrent.FutureTask.run(FutureTask.java:264) ~[na:na]
	at org.apache.tomcat.util.threads.InlineExecutorService.execute(InlineExecutorService.java:75) ~[tomcat-util.jar:11.0.1]
	at java.base/java.util.concurrent.AbstractExecutorService.submit(AbstractExecutorService.java:145) ~[na:na]
	at org.apache.catalina.core.ContainerBase.startInternal(ContainerBase.java:716) ~[catalina.jar:11.0.1]
	at org.apache.catalina.core.StandardEngine.startInternal(StandardEngine.java:203) ~[catalina.jar:11.0.1]
	at org.apache.catalina.util.LifecycleBase.start(LifecycleBase.java:164) ~[catalina.jar:11.0.1]
	at org.apache.catalina.core.StandardService.startInternal(StandardService.java:415) ~[catalina.jar:11.0.1]
	at org.apache.catalina.util.LifecycleBase.start(LifecycleBase.java:164) ~[catalina.jar:11.0.1]
	at org.apache.catalina.core.StandardServer.startInternal(StandardServer.java:866) ~[catalina.jar:11.0.1]
	at org.apache.catalina.util.LifecycleBase.start(LifecycleBase.java:164) ~[catalina.jar:11.0.1]
	at org.apache.catalina.startup.Catalina.start(Catalina.java:755) ~[catalina.jar:11.0.1]
	at java.base/jdk.internal.reflect.NativeMethodAccessorImpl.invoke0(Native Method) ~[na:na]
	at java.base/jdk.internal.reflect.NativeMethodAccessorImpl.invoke(NativeMethodAccessorImpl.java:77) ~[na:na]
	at java.base/jdk.internal.reflect.DelegatingMethodAccessorImpl.invoke(DelegatingMethodAccessorImpl.java:43) ~[na:na]
	at java.base/java.lang.reflect.Method.invoke(Method.java:569) ~[na:na]
	at org.apache.catalina.startup.Bootstrap.start(Bootstrap.java:342) ~[bootstrap.jar:11.0.1]
	at org.apache.catalina.startup.Bootstrap.main(Bootstrap.java:470) ~[bootstrap.jar:11.0.1]
Caused by: java.sql.SQLTransientConnectionException: java.net.ConnectException: Connection refused
	at org.hsqldb.jdbc.JDBCUtil.sqlException(Unknown Source) ~[hsqldb-2.7.3.jar:2.7.3]
	at org.hsqldb.jdbc.JDBCUtil.sqlException(Unknown Source) ~[hsqldb-2.7.3.jar:2.7.3]
	at org.hsqldb.jdbc.JDBCConnection.<init>(Unknown Source) ~[hsqldb-2.7.3.jar:2.7.3]
	at org.hsqldb.jdbc.JDBCDriver$1.run(Unknown Source) ~[hsqldb-2.7.3.jar:2.7.3]
Caused by: org.hsqldb.HsqlException: java.net.ConnectException: Connection refused
	at org.hsqldb.ClientConnection.openConnection(Unknown Source) ~[hsqldb-2.7.3.jar:2.7.3]
	at org.hsqldb.ClientConnection.initConnection(Unknown Source) ~[hsqldb-2.7.3.jar:2.7.3]
	at org.hsqldb.ClientConnection.<init>(Unknown Source) ~[hsqldb-2.7.3.jar:2.7.3]
	... 2 common frames omitted
Caused by: java.net.ConnectException: Connection refused
	at java.base/sun.nio.ch.Net.connect0(Native Method) ~[na:na]
	at java.base/sun.nio.ch.Net.connect(Net.java:591) ~[na:na]
	at java.base/sun.nio.ch.Net.connect(Net.java:580) ~[na:na]
	at java.base/sun.nio.ch.NioSocketImpl.connect(NioSocketImpl.java:593) ~[na:na]
	at java.base/java.net.SocksSocketImpl.connect(SocksSocketImpl.java:327) ~[na:na]
	at java.base/java.net.Socket.connect(Socket.java:633) ~[na:na]
	at java.base/java.net.Socket.connect(Socket.java:583) ~[na:na]
	at java.base/java.net.Socket.<init>(Socket.java:507) ~[na:na]
	at java.base/java.net.Socket.<init>(Socket.java:287) ~[na:na]
	at org.hsqldb.server.HsqlSocketFactory.createSocket(Unknown Source) ~[hsqldb-2.7.3.jar:2.7.3]
	... 5 common frames omitted

2026-02-25T01:06:51.637Z  WARN 52049 --- [facade] [           main] org.hibernate.orm.deprecation            : HHH90000025: HSQLDialect does not need to be specified explicitly using 'hibernate.dialect' (remove the property setting and it will be selected by default)
2026-02-25T01:06:52.209Z  INFO 52049 --- [facade] [           main] org.hibernate.orm.connections.pooling    : HHH10001005: Database info:
	Database JDBC URL [Connecting through datasource 'HikariDataSource (null)']
	Database driver: undefined/unknown
	Database version: 2.6.1
	Autocommit mode: undefined/unknown
	Isolation level: undefined/unknown
	Minimum pool size: undefined/unknown
	Maximum pool size: undefined/unknown
2026-02-25T01:07:04.346Z  INFO 52049 --- [facade] [           main] o.h.e.t.j.p.i.JtaPlatformInitiator       : HHH000489: No JTA platform available (set 'hibernate.transaction.jta.platform' to enable JTA platform integration)
2026-02-25T01:07:04.562Z  INFO 52049 --- [facade] [           main] j.LocalContainerEntityManagerFactoryBean : Initialized JPA EntityManagerFactory for persistence unit 'default'
2026-02-25T01:07:05.703Z  WARN 52049 --- [facade] [           main] JpaBaseConfiguration$JpaWebConfiguration : spring.jpa.open-in-view is enabled by default. Therefore, database queries may be performed during view rendering. Explicitly configure spring.jpa.open-in-view to disable this warning
2026-02-25T01:07:13.005Z  INFO 52049 --- [facade] [           main] war.ServletInitializer                   : Started ServletInitializer in 79.325 seconds (process running for 238.993)
25-Feb-2026 01:07:13.219 INFO [main] org.apache.catalina.startup.HostConfig.deployWAR Deployment of web application archive [/mnt/c/Users/abdel/Documents/Code/AW/TP3/TP3/apache-tomcat-11.0.1/webapps/facade.war] has finished in [165,560] ms
25-Feb-2026 01:07:13.230 INFO [main] org.apache.catalina.startup.HostConfig.deployDirectory Deploying web application directory [/mnt/c/Users/abdel/Documents/Code/AW/TP3/TP3/apache-tomcat-11.0.1/webapps/docs]
25-Feb-2026 01:07:14.022 INFO [main] org.apache.catalina.startup.HostConfig.deployDirectory Deployment of web application directory [/mnt/c/Users/abdel/Documents/Code/AW/TP3/TP3/apache-tomcat-11.0.1/webapps/docs] has finished in [793] ms
25-Feb-2026 01:07:14.025 INFO [main] org.apache.catalina.startup.HostConfig.deployDirectory Deploying web application directory [/mnt/c/Users/abdel/Documents/Code/AW/TP3/TP3/apache-tomcat-11.0.1/webapps/examples]
25-Feb-2026 01:07:22.668 INFO [main] org.apache.catalina.startup.HostConfig.deployDirectory Deployment of web application directory [/mnt/c/Users/abdel/Documents/Code/AW/TP3/TP3/apache-tomcat-11.0.1/webapps/examples] has finished in [8,643] ms
25-Feb-2026 01:07:22.675 INFO [main] org.apache.catalina.startup.HostConfig.deployDirectory Deploying web application directory [/mnt/c/Users/abdel/Documents/Code/AW/TP3/TP3/apache-tomcat-11.0.1/webapps/host-manager]
25-Feb-2026 01:07:23.414 INFO [main] org.apache.catalina.startup.HostConfig.deployDirectory Deployment of web application directory [/mnt/c/Users/abdel/Documents/Code/AW/TP3/TP3/apache-tomcat-11.0.1/webapps/host-manager] has finished in [738] ms
25-Feb-2026 01:07:23.417 INFO [main] org.apache.catalina.startup.HostConfig.deployDirectory Deploying web application directory [/mnt/c/Users/abdel/Documents/Code/AW/TP3/TP3/apache-tomcat-11.0.1/webapps/manager]
25-Feb-2026 01:07:24.336 INFO [main] org.apache.catalina.startup.HostConfig.deployDirectory Deployment of web application directory [/mnt/c/Users/abdel/Documents/Code/AW/TP3/TP3/apache-tomcat-11.0.1/webapps/manager] has finished in [918] ms
25-Feb-2026 01:07:24.339 INFO [main] org.apache.catalina.startup.HostConfig.deployDirectory Deploying web application directory [/mnt/c/Users/abdel/Documents/Code/AW/TP3/TP3/apache-tomcat-11.0.1/webapps/ROOT]
25-Feb-2026 01:07:24.928 INFO [main] org.apache.catalina.startup.HostConfig.deployDirectory Deployment of web application directory [/mnt/c/Users/abdel/Documents/Code/AW/TP3/TP3/apache-tomcat-11.0.1/webapps/ROOT] has finished in [589] ms
25-Feb-2026 01:07:24.942 INFO [main] org.apache.coyote.AbstractProtocol.start Starting ProtocolHandler ["http-nio-8080"]
25-Feb-2026 01:07:24.979 INFO [main] org.apache.catalina.startup.Catalina.start Server startup in [245244] milliseconds
2026-02-25T01:07:25.789Z  INFO 52049 --- [facade] [nio-8080-exec-2] o.s.web.servlet.DispatcherServlet        : Initializing Servlet 'dispatcherServlet'
2026-02-25T01:07:25.791Z  INFO 52049 --- [facade] [nio-8080-exec-2] o.s.web.servlet.DispatcherServlet        : Completed initialization in 1 ms
2026-02-25T01:08:07.786Z  WARN 52049 --- [facade] [nio-8080-exec-8] .w.s.m.s.DefaultHandlerExceptionResolver : Resolved [org.springframework.web.HttpRequestMethodNotSupportedException: Request method 'GET' is not supported]
25-Feb-2026 01:21:41.249 INFO [Catalina-utility-2] org.apache.catalina.startup.HostConfig.undeploy Undeploying context [/Annuaire]
25-Feb-2026 01:21:43.521 INFO [Catalina-utility-2] org.apache.catalina.startup.HostConfig.deployWAR Deploying web application archive [/mnt/c/Users/abdel/Documents/Code/AW/TP3/TP3/apache-tomcat-11.0.1/webapps/Annuaire.war]
25-Feb-2026 01:22:49.264 INFO [Catalina-utility-2] org.apache.jasper.servlet.TldScanner.scanJars At least one JAR was scanned for TLDs yet contained no TLDs. Enable debug logging for this logger for a complete list of JARs that were scanned but no TLDs were found in them. Skipping unneeded JARs during scanning can improve startup time and JSP compilation time.
25-Feb-2026 01:22:49.363 INFO [Catalina-utility-2] org.apache.catalina.startup.HostConfig.deployWAR Deployment of web application archive [/mnt/c/Users/abdel/Documents/Code/AW/TP3/TP3/apache-tomcat-11.0.1/webapps/Annuaire.war] has finished in [65,841] ms
25-Feb-2026 01:22:59.435 INFO [Catalina-utility-1] org.apache.catalina.startup.HostConfig.undeploy Undeploying context [/facade]
2026-02-25T01:22:59.866Z  INFO 52049 --- [facade] [alina-utility-1] j.LocalContainerEntityManagerFactoryBean : Closing JPA EntityManagerFactory for persistence unit 'default'
25-Feb-2026 01:23:03.122 INFO [Catalina-utility-1] org.apache.catalina.startup.HostConfig.deployWAR Deploying web application archive [/mnt/c/Users/abdel/Documents/Code/AW/TP3/TP3/apache-tomcat-11.0.1/webapps/facade.war]
25-Feb-2026 01:24:13.171 INFO [Catalina-utility-1] org.apache.jasper.servlet.TldScanner.scanJars At least one JAR was scanned for TLDs yet contained no TLDs. Enable debug logging for this logger for a complete list of JARs that were scanned but no TLDs were found in them. Skipping unneeded JARs during scanning can improve startup time and JSP compilation time.

  .   ____          _            __ _ _
 /\\ / ___'_ __ _ _(_)_ __  __ _ \ \ \ \
( ( )\___ | '_ | '_| | '_ \/ _` | \ \ \ \
 \\/  ___)| |_)| | | | | || (_| |  ) ) ) )
  '  |____| .__|_| |_|_| |_\__, | / / / /
 =========|_|==============|___/=/_/_/_/

 :: Spring Boot ::               (v3.5.11)

2026-02-25T01:24:26.701Z  INFO 52049 --- [facade] [alina-utility-1] war.ServletInitializer                   : Starting ServletInitializer v0.0.1-SNAPSHOT using Java 17.0.18 with PID 52049 (/mnt/c/Users/abdel/Documents/Code/AW/TP3/TP3/apache-tomcat-11.0.1/webapps/facade/WEB-INF/classes started by toad in /mnt/c/Users/abdel/Documents/Code/AW/TP3/TP3)
2026-02-25T01:24:26.734Z  INFO 52049 --- [facade] [alina-utility-1] war.ServletInitializer                   : No active profile set, falling back to 1 default profile: "default"
2026-02-25T01:24:40.657Z  INFO 52049 --- [facade] [alina-utility-1] .s.d.r.c.RepositoryConfigurationDelegate : Bootstrapping Spring Data JPA repositories in DEFAULT mode.
2026-02-25T01:24:41.254Z  INFO 52049 --- [facade] [alina-utility-1] .s.d.r.c.RepositoryConfigurationDelegate : Finished Spring Data repository scanning in 327 ms. Found 0 JPA repository interfaces.
2026-02-25T01:24:46.279Z  INFO 52049 --- [facade] [alina-utility-1] w.s.c.ServletWebServerApplicationContext : Root WebApplicationContext: initialization completed in 18981 ms
2026-02-25T01:24:50.352Z  INFO 52049 --- [facade] [alina-utility-1] o.hibernate.jpa.internal.util.LogHelper  : HHH000204: Processing PersistenceUnitInfo [name: default]
2026-02-25T01:24:53.073Z  INFO 52049 --- [facade] [alina-utility-1] org.hibernate.Version                    : HHH000412: Hibernate ORM core version 6.6.42.Final
2026-02-25T01:24:54.260Z  INFO 52049 --- [facade] [alina-utility-1] o.h.c.internal.RegionFactoryInitiator    : HHH000026: Second-level cache disabled
2026-02-25T01:25:05.972Z  INFO 52049 --- [facade] [alina-utility-1] o.s.o.j.p.SpringPersistenceUnitInfo      : No LoadTimeWeaver setup: ignoring JPA class transformer
2026-02-25T01:25:07.140Z  INFO 52049 --- [facade] [alina-utility-1] com.zaxxer.hikari.HikariDataSource       : HikariPool-2 - Starting...
2026-02-25T01:25:09.188Z  WARN 52049 --- [facade] [alina-utility-1] o.h.engine.jdbc.spi.SqlExceptionHelper   : SQL Error: -1301, SQLState: 08001
2026-02-25T01:25:09.189Z ERROR 52049 --- [facade] [alina-utility-1] o.h.engine.jdbc.spi.SqlExceptionHelper   : java.net.ConnectException: Connection refused
2026-02-25T01:25:09.205Z  WARN 52049 --- [facade] [alina-utility-1] o.h.e.j.e.i.JdbcEnvironmentInitiator     : HHH000342: Could not obtain connection to query metadata

org.hibernate.exception.JDBCConnectionException: unable to obtain isolated JDBC connection [java.net.ConnectException: Connection refused] [n/a]
	at org.hibernate.exception.internal.SQLStateConversionDelegate.convert(SQLStateConversionDelegate.java:100) ~[hibernate-core-6.6.42.Final.jar:6.6.42.Final]
	at org.hibernate.exception.internal.StandardSQLExceptionConverter.convert(StandardSQLExceptionConverter.java:58) ~[hibernate-core-6.6.42.Final.jar:6.6.42.Final]
	at org.hibernate.engine.jdbc.spi.SqlExceptionHelper.convert(SqlExceptionHelper.java:108) ~[hibernate-core-6.6.42.Final.jar:6.6.42.Final]
	at org.hibernate.engine.jdbc.spi.SqlExceptionHelper.convert(SqlExceptionHelper.java:94) ~[hibernate-core-6.6.42.Final.jar:6.6.42.Final]
	at org.hibernate.resource.transaction.backend.jdbc.internal.JdbcIsolationDelegate.delegateWork(JdbcIsolationDelegate.java:116) ~[hibernate-core-6.6.42.Final.jar:6.6.42.Final]
	at org.hibernate.engine.jdbc.env.internal.JdbcEnvironmentInitiator.getJdbcEnvironmentUsingJdbcMetadata(JdbcEnvironmentInitiator.java:334) ~[hibernate-core-6.6.42.Final.jar:6.6.42.Final]
	at org.hibernate.engine.jdbc.env.internal.JdbcEnvironmentInitiator.initiateService(JdbcEnvironmentInitiator.java:129) ~[hibernate-core-6.6.42.Final.jar:6.6.42.Final]
	at org.hibernate.engine.jdbc.env.internal.JdbcEnvironmentInitiator.initiateService(JdbcEnvironmentInitiator.java:81) ~[hibernate-core-6.6.42.Final.jar:6.6.42.Final]
	at org.hibernate.boot.registry.internal.StandardServiceRegistryImpl.initiateService(StandardServiceRegistryImpl.java:130) ~[hibernate-core-6.6.42.Final.jar:6.6.42.Final]
	at org.hibernate.service.internal.AbstractServiceRegistryImpl.createService(AbstractServiceRegistryImpl.java:263) ~[hibernate-core-6.6.42.Final.jar:6.6.42.Final]
	at org.hibernate.service.internal.AbstractServiceRegistryImpl.initializeService(AbstractServiceRegistryImpl.java:238) ~[hibernate-core-6.6.42.Final.jar:6.6.42.Final]
	at org.hibernate.service.internal.AbstractServiceRegistryImpl.getService(AbstractServiceRegistryImpl.java:215) ~[hibernate-core-6.6.42.Final.jar:6.6.42.Final]
	at org.hibernate.boot.model.relational.Database.<init>(Database.java:45) ~[hibernate-core-6.6.42.Final.jar:6.6.42.Final]
	at org.hibernate.boot.internal.InFlightMetadataCollectorImpl.getDatabase(InFlightMetadataCollectorImpl.java:226) ~[hibernate-core-6.6.42.Final.jar:6.6.42.Final]
	at org.hibernate.boot.internal.InFlightMetadataCollectorImpl.<init>(InFlightMetadataCollectorImpl.java:194) ~[hibernate-core-6.6.42.Final.jar:6.6.42.Final]
	at org.hibernate.boot.model.process.spi.MetadataBuildingProcess.complete(MetadataBuildingProcess.java:171) ~[hibernate-core-6.6.42.Final.jar:6.6.42.Final]
	at org.hibernate.jpa.boot.internal.EntityManagerFactoryBuilderImpl.metadata(EntityManagerFactoryBuilderImpl.java:1442) ~[hibernate-core-6.6.42.Final.jar:6.6.42.Final]
	at org.hibernate.jpa.boot.internal.EntityManagerFactoryBuilderImpl.build(EntityManagerFactoryBuilderImpl.java:1513) ~[hibernate-core-6.6.42.Final.jar:6.6.42.Final]
	at org.springframework.orm.jpa.vendor.SpringHibernateJpaPersistenceProvider.createContainerEntityManagerFactory(SpringHibernateJpaPersistenceProvider.java:66) ~[spring-orm-6.2.16.jar:6.2.16]
	at org.springframework.orm.jpa.LocalContainerEntityManagerFactoryBean.createNativeEntityManagerFactory(LocalContainerEntityManagerFactoryBean.java:388) ~[spring-orm-6.2.16.jar:6.2.16]
	at org.springframework.orm.jpa.AbstractEntityManagerFactoryBean.buildNativeEntityManagerFactory(AbstractEntityManagerFactoryBean.java:419) ~[spring-orm-6.2.16.jar:6.2.16]
	at org.springframework.orm.jpa.AbstractEntityManagerFactoryBean.afterPropertiesSet(AbstractEntityManagerFactoryBean.java:400) ~[spring-orm-6.2.16.jar:6.2.16]
	at org.springframework.orm.jpa.LocalContainerEntityManagerFactoryBean.afterPropertiesSet(LocalContainerEntityManagerFactoryBean.java:364) ~[spring-orm-6.2.16.jar:6.2.16]
	at org.springframework.beans.factory.support.AbstractAutowireCapableBeanFactory.invokeInitMethods(AbstractAutowireCapableBeanFactory.java:1873) ~[spring-beans-6.2.16.jar:6.2.16]
	at org.springframework.beans.factory.support.AbstractAutowireCapableBeanFactory.initializeBean(AbstractAutowireCapableBeanFactory.java:1822) ~[spring-beans-6.2.16.jar:6.2.16]
	at org.springframework.beans.factory.support.AbstractAutowireCapableBeanFactory.doCreateBean(AbstractAutowireCapableBeanFactory.java:607) ~[spring-beans-6.2.16.jar:6.2.16]
	at org.springframework.beans.factory.support.AbstractAutowireCapableBeanFactory.createBean(AbstractAutowireCapableBeanFactory.java:529) ~[spring-beans-6.2.16.jar:6.2.16]
	at org.springframework.beans.factory.support.AbstractBeanFactory.lambda$doGetBean$0(AbstractBeanFactory.java:339) ~[spring-beans-6.2.16.jar:6.2.16]
	at org.springframework.beans.factory.support.DefaultSingletonBeanRegistry.getSingleton(DefaultSingletonBeanRegistry.java:373) ~[spring-beans-6.2.16.jar:6.2.16]
	at org.springframework.beans.factory.support.AbstractBeanFactory.doGetBean(AbstractBeanFactory.java:337) ~[spring-beans-6.2.16.jar:6.2.16]
	at org.springframework.beans.factory.support.AbstractBeanFactory.getBean(AbstractBeanFactory.java:207) ~[spring-beans-6.2.16.jar:6.2.16]
	at org.springframework.context.support.AbstractApplicationContext.finishBeanFactoryInitialization(AbstractApplicationContext.java:974) ~[spring-context-6.2.16.jar:6.2.16]
	at org.springframework.context.support.AbstractApplicationContext.refresh(AbstractApplicationContext.java:628) ~[spring-context-6.2.16.jar:6.2.16]
	at org.springframework.boot.web.servlet.context.ServletWebServerApplicationContext.refresh(ServletWebServerApplicationContext.java:146) ~[spring-boot-3.5.11.jar:3.5.11]
	at org.springframework.boot.SpringApplication.refresh(SpringApplication.java:752) ~[spring-boot-3.5.11.jar:3.5.11]
	at org.springframework.boot.SpringApplication.refreshContext(SpringApplication.java:439) ~[spring-boot-3.5.11.jar:3.5.11]
	at org.springframework.boot.SpringApplication.run(SpringApplication.java:318) ~[spring-boot-3.5.11.jar:3.5.11]
	at org.springframework.boot.web.servlet.support.SpringBootServletInitializer.run(SpringBootServletInitializer.java:194) ~[spring-boot-3.5.11.jar:3.5.11]
	at org.springframework.boot.web.servlet.support.SpringBootServletInitializer.createRootApplicationContext(SpringBootServletInitializer.java:174) ~[spring-boot-3.5.11.jar:3.5.11]
	at org.springframework.boot.web.servlet.support.SpringBootServletInitializer.onStartup(SpringBootServletInitializer.java:102) ~[spring-boot-3.5.11.jar:3.5.11]
	at org.springframework.web.SpringServletContainerInitializer.onStartup(SpringServletContainerInitializer.java:171) ~[spring-web-6.2.16.jar:6.2.16]
	at org.apache.catalina.core.StandardContext.startInternal(StandardContext.java:4393) ~[catalina.jar:11.0.1]
	at org.apache.catalina.util.LifecycleBase.start(LifecycleBase.java:164) ~[catalina.jar:11.0.1]
	at org.apache.catalina.core.ContainerBase.addChild(ContainerBase.java:566) ~[catalina.jar:11.0.1]
	at org.apache.catalina.core.StandardHost.addChild(StandardHost.java:653) ~[catalina.jar:11.0.1]
	at org.apache.catalina.startup.HostConfig.deployWAR(HostConfig.java:933) ~[catalina.jar:11.0.1]
	at org.apache.catalina.startup.HostConfig$DeployWar.run(HostConfig.java:1875) ~[catalina.jar:11.0.1]
	at java.base/java.util.concurrent.Executors$RunnableAdapter.call(Executors.java:539) ~[na:na]
	at java.base/java.util.concurrent.FutureTask.run(FutureTask.java:264) ~[na:na]
	at org.apache.tomcat.util.threads.InlineExecutorService.execute(InlineExecutorService.java:75) ~[tomcat-util.jar:11.0.1]
	at java.base/java.util.concurrent.AbstractExecutorService.submit(AbstractExecutorService.java:123) ~[na:na]
	at org.apache.catalina.startup.HostConfig.deployWARs(HostConfig.java:735) ~[catalina.jar:11.0.1]
	at org.apache.catalina.startup.HostConfig.deployApps(HostConfig.java:387) ~[catalina.jar:11.0.1]
	at org.apache.catalina.startup.HostConfig.check(HostConfig.java:1642) ~[catalina.jar:11.0.1]
	at org.apache.catalina.startup.HostConfig.lifecycleEvent(HostConfig.java:263) ~[catalina.jar:11.0.1]
	at org.apache.catalina.util.LifecycleBase.fireLifecycleEvent(LifecycleBase.java:109) ~[catalina.jar:11.0.1]
	at org.apache.catalina.core.ContainerBase.backgroundProcess(ContainerBase.java:940) ~[catalina.jar:11.0.1]
	at org.apache.catalina.core.ContainerBase$ContainerBackgroundProcessor.processChildren(ContainerBase.java:1139) ~[catalina.jar:11.0.1]
	at org.apache.catalina.core.ContainerBase$ContainerBackgroundProcessor.processChildren(ContainerBase.java:1143) ~[catalina.jar:11.0.1]
	at org.apache.catalina.core.ContainerBase$ContainerBackgroundProcessor.run(ContainerBase.java:1121) ~[catalina.jar:11.0.1]
	at java.base/java.util.concurrent.Executors$RunnableAdapter.call(Executors.java:539) ~[na:na]
	at java.base/java.util.concurrent.FutureTask.runAndReset(FutureTask.java:305) ~[na:na]
	at java.base/java.util.concurrent.ScheduledThreadPoolExecutor$ScheduledFutureTask.run(ScheduledThreadPoolExecutor.java:305) ~[na:na]
	at java.base/java.util.concurrent.ThreadPoolExecutor.runWorker(ThreadPoolExecutor.java:1136) ~[na:na]
	at java.base/java.util.concurrent.ThreadPoolExecutor$Worker.run(ThreadPoolExecutor.java:635) ~[na:na]
	at org.apache.tomcat.util.threads.TaskThread$WrappingRunnable.run(TaskThread.java:63) ~[tomcat-util.jar:11.0.1]
	at java.base/java.lang.Thread.run(Thread.java:840) ~[na:na]
Caused by: java.sql.SQLTransientConnectionException: java.net.ConnectException: Connection refused
	at org.hsqldb.jdbc.JDBCUtil.sqlException(Unknown Source) ~[hsqldb-2.7.3.jar:2.7.3]
	at org.hsqldb.jdbc.JDBCUtil.sqlException(Unknown Source) ~[hsqldb-2.7.3.jar:2.7.3]
	at org.hsqldb.jdbc.JDBCConnection.<init>(Unknown Source) ~[hsqldb-2.7.3.jar:2.7.3]
	at org.hsqldb.jdbc.JDBCDriver$1.run(Unknown Source) ~[hsqldb-2.7.3.jar:2.7.3]
Caused by: org.hsqldb.HsqlException: java.net.ConnectException: Connection refused
	at org.hsqldb.ClientConnection.openConnection(Unknown Source) ~[hsqldb-2.7.3.jar:2.7.3]
	at org.hsqldb.ClientConnection.initConnection(Unknown Source) ~[hsqldb-2.7.3.jar:2.7.3]
	at org.hsqldb.ClientConnection.<init>(Unknown Source) ~[hsqldb-2.7.3.jar:2.7.3]
	... 2 common frames omitted
Caused by: java.net.ConnectException: Connection refused
	at java.base/sun.nio.ch.Net.connect0(Native Method) ~[na:na]
	at java.base/sun.nio.ch.Net.connect(Net.java:591) ~[na:na]
	at java.base/sun.nio.ch.Net.connect(Net.java:580) ~[na:na]
	at java.base/sun.nio.ch.NioSocketImpl.connect(NioSocketImpl.java:593) ~[na:na]
	at java.base/java.net.SocksSocketImpl.connect(SocksSocketImpl.java:327) ~[na:na]
	at java.base/java.net.Socket.connect(Socket.java:633) ~[na:na]
	at java.base/java.net.Socket.connect(Socket.java:583) ~[na:na]
	at java.base/java.net.Socket.<init>(Socket.java:507) ~[na:na]
	at java.base/java.net.Socket.<init>(Socket.java:287) ~[na:na]
	at org.hsqldb.server.HsqlSocketFactory.createSocket(Unknown Source) ~[hsqldb-2.7.3.jar:2.7.3]
	... 5 common frames omitted

2026-02-25T01:25:10.043Z  WARN 52049 --- [facade] [alina-utility-1] org.hibernate.orm.deprecation            : HHH90000025: HSQLDialect does not need to be specified explicitly using 'hibernate.dialect' (remove the property setting and it will be selected by default)
2026-02-25T01:25:10.547Z  INFO 52049 --- [facade] [alina-utility-1] org.hibernate.orm.connections.pooling    : HHH10001005: Database info:
	Database JDBC URL [Connecting through datasource 'HikariDataSource (null)']
	Database driver: undefined/unknown
	Database version: 2.6.1
	Autocommit mode: undefined/unknown
	Isolation level: undefined/unknown
	Minimum pool size: undefined/unknown
	Maximum pool size: undefined/unknown
2026-02-25T01:25:21.583Z  INFO 52049 --- [facade] [alina-utility-1] o.h.e.t.j.p.i.JtaPlatformInitiator       : HHH000489: No JTA platform available (set 'hibernate.transaction.jta.platform' to enable JTA platform integration)
2026-02-25T01:25:21.771Z  INFO 52049 --- [facade] [alina-utility-1] j.LocalContainerEntityManagerFactoryBean : Initialized JPA EntityManagerFactory for persistence unit 'default'
2026-02-25T01:25:22.784Z  WARN 52049 --- [facade] [alina-utility-1] JpaBaseConfiguration$JpaWebConfiguration : spring.jpa.open-in-view is enabled by default. Therefore, database queries may be performed during view rendering. Explicitly configure spring.jpa.open-in-view to disable this warning
2026-02-25T01:25:29.563Z  INFO 52049 --- [facade] [alina-utility-1] war.ServletInitializer                   : Started ServletInitializer in 72.153 seconds (process running for 1340.287)
25-Feb-2026 01:25:29.698 INFO [Catalina-utility-1] org.apache.catalina.startup.HostConfig.deployWAR Deployment of web application archive [/mnt/c/Users/abdel/Documents/Code/AW/TP3/TP3/apache-tomcat-11.0.1/webapps/facade.war] has finished in [146,575] ms
2026-02-25T01:35:15.043Z  INFO 52049 --- [facade] [io-8080-exec-12] o.s.web.servlet.DispatcherServlet        : Initializing Servlet 'dispatcherServlet'
2026-02-25T01:35:15.050Z  INFO 52049 --- [facade] [io-8080-exec-12] o.s.web.servlet.DispatcherServlet        : Completed initialization in 5 ms
25-Feb-2026 01:36:13.058 INFO [main] org.apache.catalina.startup.VersionLoggerListener.log Server version name:   Apache Tomcat/11.0.1
25-Feb-2026 01:36:13.068 INFO [main] org.apache.catalina.startup.VersionLoggerListener.log Server built:          Nov 6 2024 19:08:24 UTC
25-Feb-2026 01:36:13.069 INFO [main] org.apache.catalina.startup.VersionLoggerListener.log Server version number: 11.0.1.0
25-Feb-2026 01:36:13.069 INFO [main] org.apache.catalina.startup.VersionLoggerListener.log OS Name:               Linux
25-Feb-2026 01:36:13.070 INFO [main] org.apache.catalina.startup.VersionLoggerListener.log OS Version:            6.6.87.2-microsoft-standard-WSL2
25-Feb-2026 01:36:13.071 INFO [main] org.apache.catalina.startup.VersionLoggerListener.log Architecture:          amd64
25-Feb-2026 01:36:13.072 INFO [main] org.apache.catalina.startup.VersionLoggerListener.log Java Home:             /usr/lib/jvm/java-17-openjdk-amd64
25-Feb-2026 01:36:13.072 INFO [main] org.apache.catalina.startup.VersionLoggerListener.log JVM Version:           17.0.18+8-Ubuntu-124.04.1
25-Feb-2026 01:36:13.073 INFO [main] org.apache.catalina.startup.VersionLoggerListener.log JVM Vendor:            Ubuntu
25-Feb-2026 01:36:13.073 INFO [main] org.apache.catalina.startup.VersionLoggerListener.log CATALINA_BASE:         /mnt/c/Users/abdel/Documents/Code/AW/TP3/TP3/apache-tomcat-11.0.1
25-Feb-2026 01:36:13.074 INFO [main] org.apache.catalina.startup.VersionLoggerListener.log CATALINA_HOME:         /mnt/c/Users/abdel/Documents/Code/AW/TP3/TP3/apache-tomcat-11.0.1
25-Feb-2026 01:36:13.095 INFO [main] org.apache.catalina.startup.VersionLoggerListener.log Command line argument: -Djava.util.logging.config.file=/mnt/c/Users/abdel/Documents/Code/AW/TP3/TP3/apache-tomcat-11.0.1/conf/logging.properties
25-Feb-2026 01:36:13.096 INFO [main] org.apache.catalina.startup.VersionLoggerListener.log Command line argument: -Djava.util.logging.manager=org.apache.juli.ClassLoaderLogManager
25-Feb-2026 01:36:13.097 INFO [main] org.apache.catalina.startup.VersionLoggerListener.log Command line argument: -Djdk.tls.ephemeralDHKeySize=2048
25-Feb-2026 01:36:13.097 INFO [main] org.apache.catalina.startup.VersionLoggerListener.log Command line argument: -Dorg.apache.catalina.security.SecurityListener.UMASK=0027
25-Feb-2026 01:36:13.098 INFO [main] org.apache.catalina.startup.VersionLoggerListener.log Command line argument: --add-opens=java.base/java.lang=ALL-UNNAMED
25-Feb-2026 01:36:13.099 INFO [main] org.apache.catalina.startup.VersionLoggerListener.log Command line argument: --add-opens=java.base/java.io=ALL-UNNAMED
25-Feb-2026 01:36:13.100 INFO [main] org.apache.catalina.startup.VersionLoggerListener.log Command line argument: --add-opens=java.base/java.util=ALL-UNNAMED
25-Feb-2026 01:36:13.100 INFO [main] org.apache.catalina.startup.VersionLoggerListener.log Command line argument: --add-opens=java.base/java.util.concurrent=ALL-UNNAMED
25-Feb-2026 01:36:13.101 INFO [main] org.apache.catalina.startup.VersionLoggerListener.log Command line argument: --add-opens=java.rmi/sun.rmi.transport=ALL-UNNAMED
25-Feb-2026 01:36:13.102 INFO [main] org.apache.catalina.startup.VersionLoggerListener.log Command line argument: --enable-native-access=ALL-UNNAMED
25-Feb-2026 01:36:13.102 INFO [main] org.apache.catalina.startup.VersionLoggerListener.log Command line argument: -Dcatalina.base=/mnt/c/Users/abdel/Documents/Code/AW/TP3/TP3/apache-tomcat-11.0.1
25-Feb-2026 01:36:13.103 INFO [main] org.apache.catalina.startup.VersionLoggerListener.log Command line argument: -Dcatalina.home=/mnt/c/Users/abdel/Documents/Code/AW/TP3/TP3/apache-tomcat-11.0.1
25-Feb-2026 01:36:13.104 INFO [main] org.apache.catalina.startup.VersionLoggerListener.log Command line argument: -Djava.io.tmpdir=/mnt/c/Users/abdel/Documents/Code/AW/TP3/TP3/apache-tomcat-11.0.1/temp
25-Feb-2026 01:36:13.111 INFO [main] org.apache.catalina.core.AprLifecycleListener.lifecycleEvent The Apache Tomcat Native library which allows using OpenSSL was not found on the java.library.path: [/usr/java/packages/lib:/usr/lib/x86_64-linux-gnu/jni:/lib/x86_64-linux-gnu:/usr/lib/x86_64-linux-gnu:/usr/lib/jni:/lib:/usr/lib]
25-Feb-2026 01:36:13.673 INFO [main] org.apache.coyote.AbstractProtocol.init Initializing ProtocolHandler ["http-nio-8080"]
25-Feb-2026 01:36:13.747 INFO [main] org.apache.catalina.startup.Catalina.load Server initialization in [1245] milliseconds
25-Feb-2026 01:36:13.863 INFO [main] org.apache.catalina.core.StandardService.startInternal Starting service [Catalina]
25-Feb-2026 01:36:13.864 INFO [main] org.apache.catalina.core.StandardEngine.startInternal Starting Servlet engine: [Apache Tomcat/11.0.1]
25-Feb-2026 01:36:13.954 INFO [main] org.apache.catalina.startup.HostConfig.deployWAR Deploying web application archive [/mnt/c/Users/abdel/Documents/Code/AW/TP3/TP3/apache-tomcat-11.0.1/webapps/Annuaire.war]
25-Feb-2026 01:36:14.051 INFO [main] org.apache.catalina.startup.ExpandWar.expand An expanded directory [/mnt/c/Users/abdel/Documents/Code/AW/TP3/TP3/apache-tomcat-11.0.1/webapps/Annuaire] was found with a last modified time that did not match the associated WAR. It will be deleted.
25-Feb-2026 01:37:24.525 INFO [main] org.apache.jasper.servlet.TldScanner.scanJars At least one JAR was scanned for TLDs yet contained no TLDs. Enable debug logging for this logger for a complete list of JARs that were scanned but no TLDs were found in them. Skipping unneeded JARs during scanning can improve startup time and JSP compilation time.
25-Feb-2026 01:37:24.787 INFO [main] org.apache.catalina.startup.HostConfig.deployWAR Deployment of web application archive [/mnt/c/Users/abdel/Documents/Code/AW/TP3/TP3/apache-tomcat-11.0.1/webapps/Annuaire.war] has finished in [70,832] ms
25-Feb-2026 01:37:24.808 INFO [main] org.apache.catalina.startup.HostConfig.deployWAR Deploying web application archive [/mnt/c/Users/abdel/Documents/Code/AW/TP3/TP3/apache-tomcat-11.0.1/webapps/facade.war]
25-Feb-2026 01:37:24.857 INFO [main] org.apache.catalina.startup.ExpandWar.expand An expanded directory [/mnt/c/Users/abdel/Documents/Code/AW/TP3/TP3/apache-tomcat-11.0.1/webapps/facade] was found with a last modified time that did not match the associated WAR. It will be deleted.
25-Feb-2026 01:38:43.160 INFO [main] org.apache.jasper.servlet.TldScanner.scanJars At least one JAR was scanned for TLDs yet contained no TLDs. Enable debug logging for this logger for a complete list of JARs that were scanned but no TLDs were found in them. Skipping unneeded JARs during scanning can improve startup time and JSP compilation time.

  .   ____          _            __ _ _
 /\\ / ___'_ __ _ _(_)_ __  __ _ \ \ \ \
( ( )\___ | '_ | '_| | '_ \/ _` | \ \ \ \
 \\/  ___)| |_)| | | | | || (_| |  ) ) ) )
  '  |____| .__|_| |_|_| |_\__, | / / / /
 =========|_|==============|___/=/_/_/_/

 :: Spring Boot ::               (v3.5.11)

2026-02-25T01:38:58.385Z  INFO 58796 --- [facade] [           main] war.ServletInitializer                   : Starting ServletInitializer v0.0.1-SNAPSHOT using Java 17.0.18 with PID 58796 (/mnt/c/Users/abdel/Documents/Code/AW/TP3/TP3/apache-tomcat-11.0.1/webapps/facade/WEB-INF/classes started by toad in /mnt/c/Users/abdel/Documents/Code/AW/TP3/TP3)
2026-02-25T01:38:58.419Z  INFO 58796 --- [facade] [           main] war.ServletInitializer                   : No active profile set, falling back to 1 default profile: "default"
2026-02-25T01:39:13.364Z  INFO 58796 --- [facade] [           main] .s.d.r.c.RepositoryConfigurationDelegate : Bootstrapping Spring Data JPA repositories in DEFAULT mode.
2026-02-25T01:39:13.965Z  INFO 58796 --- [facade] [           main] .s.d.r.c.RepositoryConfigurationDelegate : Finished Spring Data repository scanning in 330 ms. Found 0 JPA repository interfaces.
2026-02-25T01:39:19.188Z  INFO 58796 --- [facade] [           main] w.s.c.ServletWebServerApplicationContext : Root WebApplicationContext: initialization completed in 20115 ms
2026-02-25T01:39:23.834Z  INFO 58796 --- [facade] [           main] o.hibernate.jpa.internal.util.LogHelper  : HHH000204: Processing PersistenceUnitInfo [name: default]
2026-02-25T01:39:26.832Z  INFO 58796 --- [facade] [           main] org.hibernate.Version                    : HHH000412: Hibernate ORM core version 6.6.42.Final
2026-02-25T01:39:28.181Z  INFO 58796 --- [facade] [           main] o.h.c.internal.RegionFactoryInitiator    : HHH000026: Second-level cache disabled
2026-02-25T01:39:40.504Z  INFO 58796 --- [facade] [           main] o.s.o.j.p.SpringPersistenceUnitInfo      : No LoadTimeWeaver setup: ignoring JPA class transformer
2026-02-25T01:39:41.814Z  INFO 58796 --- [facade] [           main] com.zaxxer.hikari.HikariDataSource       : HikariPool-1 - Starting...
2026-02-25T01:39:44.027Z  WARN 58796 --- [facade] [           main] o.h.engine.jdbc.spi.SqlExceptionHelper   : SQL Error: -1301, SQLState: 08001
2026-02-25T01:39:44.028Z ERROR 58796 --- [facade] [           main] o.h.engine.jdbc.spi.SqlExceptionHelper   : java.net.ConnectException: Connection refused
2026-02-25T01:39:44.043Z  WARN 58796 --- [facade] [           main] o.h.e.j.e.i.JdbcEnvironmentInitiator     : HHH000342: Could not obtain connection to query metadata

org.hibernate.exception.JDBCConnectionException: unable to obtain isolated JDBC connection [java.net.ConnectException: Connection refused] [n/a]
	at org.hibernate.exception.internal.SQLStateConversionDelegate.convert(SQLStateConversionDelegate.java:100) ~[hibernate-core-6.6.42.Final.jar:6.6.42.Final]
	at org.hibernate.exception.internal.StandardSQLExceptionConverter.convert(StandardSQLExceptionConverter.java:58) ~[hibernate-core-6.6.42.Final.jar:6.6.42.Final]
	at org.hibernate.engine.jdbc.spi.SqlExceptionHelper.convert(SqlExceptionHelper.java:108) ~[hibernate-core-6.6.42.Final.jar:6.6.42.Final]
	at org.hibernate.engine.jdbc.spi.SqlExceptionHelper.convert(SqlExceptionHelper.java:94) ~[hibernate-core-6.6.42.Final.jar:6.6.42.Final]
	at org.hibernate.resource.transaction.backend.jdbc.internal.JdbcIsolationDelegate.delegateWork(JdbcIsolationDelegate.java:116) ~[hibernate-core-6.6.42.Final.jar:6.6.42.Final]
	at org.hibernate.engine.jdbc.env.internal.JdbcEnvironmentInitiator.getJdbcEnvironmentUsingJdbcMetadata(JdbcEnvironmentInitiator.java:334) ~[hibernate-core-6.6.42.Final.jar:6.6.42.Final]
	at org.hibernate.engine.jdbc.env.internal.JdbcEnvironmentInitiator.initiateService(JdbcEnvironmentInitiator.java:129) ~[hibernate-core-6.6.42.Final.jar:6.6.42.Final]
	at org.hibernate.engine.jdbc.env.internal.JdbcEnvironmentInitiator.initiateService(JdbcEnvironmentInitiator.java:81) ~[hibernate-core-6.6.42.Final.jar:6.6.42.Final]
	at org.hibernate.boot.registry.internal.StandardServiceRegistryImpl.initiateService(StandardServiceRegistryImpl.java:130) ~[hibernate-core-6.6.42.Final.jar:6.6.42.Final]
	at org.hibernate.service.internal.AbstractServiceRegistryImpl.createService(AbstractServiceRegistryImpl.java:263) ~[hibernate-core-6.6.42.Final.jar:6.6.42.Final]
	at org.hibernate.service.internal.AbstractServiceRegistryImpl.initializeService(AbstractServiceRegistryImpl.java:238) ~[hibernate-core-6.6.42.Final.jar:6.6.42.Final]
	at org.hibernate.service.internal.AbstractServiceRegistryImpl.getService(AbstractServiceRegistryImpl.java:215) ~[hibernate-core-6.6.42.Final.jar:6.6.42.Final]
	at org.hibernate.boot.model.relational.Database.<init>(Database.java:45) ~[hibernate-core-6.6.42.Final.jar:6.6.42.Final]
	at org.hibernate.boot.internal.InFlightMetadataCollectorImpl.getDatabase(InFlightMetadataCollectorImpl.java:226) ~[hibernate-core-6.6.42.Final.jar:6.6.42.Final]
	at org.hibernate.boot.internal.InFlightMetadataCollectorImpl.<init>(InFlightMetadataCollectorImpl.java:194) ~[hibernate-core-6.6.42.Final.jar:6.6.42.Final]
	at org.hibernate.boot.model.process.spi.MetadataBuildingProcess.complete(MetadataBuildingProcess.java:171) ~[hibernate-core-6.6.42.Final.jar:6.6.42.Final]
	at org.hibernate.jpa.boot.internal.EntityManagerFactoryBuilderImpl.metadata(EntityManagerFactoryBuilderImpl.java:1442) ~[hibernate-core-6.6.42.Final.jar:6.6.42.Final]
	at org.hibernate.jpa.boot.internal.EntityManagerFactoryBuilderImpl.build(EntityManagerFactoryBuilderImpl.java:1513) ~[hibernate-core-6.6.42.Final.jar:6.6.42.Final]
	at org.springframework.orm.jpa.vendor.SpringHibernateJpaPersistenceProvider.createContainerEntityManagerFactory(SpringHibernateJpaPersistenceProvider.java:66) ~[spring-orm-6.2.16.jar:6.2.16]
	at org.springframework.orm.jpa.LocalContainerEntityManagerFactoryBean.createNativeEntityManagerFactory(LocalContainerEntityManagerFactoryBean.java:388) ~[spring-orm-6.2.16.jar:6.2.16]
	at org.springframework.orm.jpa.AbstractEntityManagerFactoryBean.buildNativeEntityManagerFactory(AbstractEntityManagerFactoryBean.java:419) ~[spring-orm-6.2.16.jar:6.2.16]
	at org.springframework.orm.jpa.AbstractEntityManagerFactoryBean.afterPropertiesSet(AbstractEntityManagerFactoryBean.java:400) ~[spring-orm-6.2.16.jar:6.2.16]
	at org.springframework.orm.jpa.LocalContainerEntityManagerFactoryBean.afterPropertiesSet(LocalContainerEntityManagerFactoryBean.java:364) ~[spring-orm-6.2.16.jar:6.2.16]
	at org.springframework.beans.factory.support.AbstractAutowireCapableBeanFactory.invokeInitMethods(AbstractAutowireCapableBeanFactory.java:1873) ~[spring-beans-6.2.16.jar:6.2.16]
	at org.springframework.beans.factory.support.AbstractAutowireCapableBeanFactory.initializeBean(AbstractAutowireCapableBeanFactory.java:1822) ~[spring-beans-6.2.16.jar:6.2.16]
	at org.springframework.beans.factory.support.AbstractAutowireCapableBeanFactory.doCreateBean(AbstractAutowireCapableBeanFactory.java:607) ~[spring-beans-6.2.16.jar:6.2.16]
	at org.springframework.beans.factory.support.AbstractAutowireCapableBeanFactory.createBean(AbstractAutowireCapableBeanFactory.java:529) ~[spring-beans-6.2.16.jar:6.2.16]
	at org.springframework.beans.factory.support.AbstractBeanFactory.lambda$doGetBean$0(AbstractBeanFactory.java:339) ~[spring-beans-6.2.16.jar:6.2.16]
	at org.springframework.beans.factory.support.DefaultSingletonBeanRegistry.getSingleton(DefaultSingletonBeanRegistry.java:373) ~[spring-beans-6.2.16.jar:6.2.16]
	at org.springframework.beans.factory.support.AbstractBeanFactory.doGetBean(AbstractBeanFactory.java:337) ~[spring-beans-6.2.16.jar:6.2.16]
	at org.springframework.beans.factory.support.AbstractBeanFactory.getBean(AbstractBeanFactory.java:207) ~[spring-beans-6.2.16.jar:6.2.16]
	at org.springframework.context.support.AbstractApplicationContext.finishBeanFactoryInitialization(AbstractApplicationContext.java:974) ~[spring-context-6.2.16.jar:6.2.16]
	at org.springframework.context.support.AbstractApplicationContext.refresh(AbstractApplicationContext.java:628) ~[spring-context-6.2.16.jar:6.2.16]
	at org.springframework.boot.web.servlet.context.ServletWebServerApplicationContext.refresh(ServletWebServerApplicationContext.java:146) ~[spring-boot-3.5.11.jar:3.5.11]
	at org.springframework.boot.SpringApplication.refresh(SpringApplication.java:752) ~[spring-boot-3.5.11.jar:3.5.11]
	at org.springframework.boot.SpringApplication.refreshContext(SpringApplication.java:439) ~[spring-boot-3.5.11.jar:3.5.11]
	at org.springframework.boot.SpringApplication.run(SpringApplication.java:318) ~[spring-boot-3.5.11.jar:3.5.11]
	at org.springframework.boot.web.servlet.support.SpringBootServletInitializer.run(SpringBootServletInitializer.java:194) ~[spring-boot-3.5.11.jar:3.5.11]
	at org.springframework.boot.web.servlet.support.SpringBootServletInitializer.createRootApplicationContext(SpringBootServletInitializer.java:174) ~[spring-boot-3.5.11.jar:3.5.11]
	at org.springframework.boot.web.servlet.support.SpringBootServletInitializer.onStartup(SpringBootServletInitializer.java:102) ~[spring-boot-3.5.11.jar:3.5.11]
	at org.springframework.web.SpringServletContainerInitializer.onStartup(SpringServletContainerInitializer.java:171) ~[spring-web-6.2.16.jar:6.2.16]
	at org.apache.catalina.core.StandardContext.startInternal(StandardContext.java:4393) ~[catalina.jar:11.0.1]
	at org.apache.catalina.util.LifecycleBase.start(LifecycleBase.java:164) ~[catalina.jar:11.0.1]
	at org.apache.catalina.core.ContainerBase.addChild(ContainerBase.java:566) ~[catalina.jar:11.0.1]
	at org.apache.catalina.core.StandardHost.addChild(StandardHost.java:653) ~[catalina.jar:11.0.1]
	at org.apache.catalina.startup.HostConfig.deployWAR(HostConfig.java:933) ~[catalina.jar:11.0.1]
	at org.apache.catalina.startup.HostConfig$DeployWar.run(HostConfig.java:1875) ~[catalina.jar:11.0.1]
	at java.base/java.util.concurrent.Executors$RunnableAdapter.call(Executors.java:539) ~[na:na]
	at java.base/java.util.concurrent.FutureTask.run(FutureTask.java:264) ~[na:na]
	at org.apache.tomcat.util.threads.InlineExecutorService.execute(InlineExecutorService.java:75) ~[tomcat-util.jar:11.0.1]
	at java.base/java.util.concurrent.AbstractExecutorService.submit(AbstractExecutorService.java:123) ~[na:na]
	at org.apache.catalina.startup.HostConfig.deployWARs(HostConfig.java:735) ~[catalina.jar:11.0.1]
	at org.apache.catalina.startup.HostConfig.deployApps(HostConfig.java:387) ~[catalina.jar:11.0.1]
	at org.apache.catalina.startup.HostConfig.start(HostConfig.java:1593) ~[catalina.jar:11.0.1]
	at org.apache.catalina.startup.HostConfig.lifecycleEvent(HostConfig.java:267) ~[catalina.jar:11.0.1]
	at org.apache.catalina.util.LifecycleBase.fireLifecycleEvent(LifecycleBase.java:109) ~[catalina.jar:11.0.1]
	at org.apache.catalina.util.LifecycleBase.setStateInternal(LifecycleBase.java:389) ~[catalina.jar:11.0.1]
	at org.apache.catalina.util.LifecycleBase.setState(LifecycleBase.java:336) ~[catalina.jar:11.0.1]
	at org.apache.catalina.core.ContainerBase.startInternal(ContainerBase.java:743) ~[catalina.jar:11.0.1]
	at org.apache.catalina.core.StandardHost.startInternal(StandardHost.java:771) ~[catalina.jar:11.0.1]
	at org.apache.catalina.util.LifecycleBase.start(LifecycleBase.java:164) ~[catalina.jar:11.0.1]
	at org.apache.catalina.core.ContainerBase$StartChild.call(ContainerBase.java:1170) ~[catalina.jar:11.0.1]
	at org.apache.catalina.core.ContainerBase$StartChild.call(ContainerBase.java:1160) ~[catalina.jar:11.0.1]
	at java.base/java.util.concurrent.FutureTask.run(FutureTask.java:264) ~[na:na]
	at org.apache.tomcat.util.threads.InlineExecutorService.execute(InlineExecutorService.java:75) ~[tomcat-util.jar:11.0.1]
	at java.base/java.util.concurrent.AbstractExecutorService.submit(AbstractExecutorService.java:145) ~[na:na]
	at org.apache.catalina.core.ContainerBase.startInternal(ContainerBase.java:716) ~[catalina.jar:11.0.1]
	at org.apache.catalina.core.StandardEngine.startInternal(StandardEngine.java:203) ~[catalina.jar:11.0.1]
	at org.apache.catalina.util.LifecycleBase.start(LifecycleBase.java:164) ~[catalina.jar:11.0.1]
	at org.apache.catalina.core.StandardService.startInternal(StandardService.java:415) ~[catalina.jar:11.0.1]
	at org.apache.catalina.util.LifecycleBase.start(LifecycleBase.java:164) ~[catalina.jar:11.0.1]
	at org.apache.catalina.core.StandardServer.startInternal(StandardServer.java:866) ~[catalina.jar:11.0.1]
	at org.apache.catalina.util.LifecycleBase.start(LifecycleBase.java:164) ~[catalina.jar:11.0.1]
	at org.apache.catalina.startup.Catalina.start(Catalina.java:755) ~[catalina.jar:11.0.1]
	at java.base/jdk.internal.reflect.NativeMethodAccessorImpl.invoke0(Native Method) ~[na:na]
	at java.base/jdk.internal.reflect.NativeMethodAccessorImpl.invoke(NativeMethodAccessorImpl.java:77) ~[na:na]
	at java.base/jdk.internal.reflect.DelegatingMethodAccessorImpl.invoke(DelegatingMethodAccessorImpl.java:43) ~[na:na]
	at java.base/java.lang.reflect.Method.invoke(Method.java:569) ~[na:na]
	at org.apache.catalina.startup.Bootstrap.start(Bootstrap.java:342) ~[bootstrap.jar:11.0.1]
	at org.apache.catalina.startup.Bootstrap.main(Bootstrap.java:470) ~[bootstrap.jar:11.0.1]
Caused by: java.sql.SQLTransientConnectionException: java.net.ConnectException: Connection refused
	at org.hsqldb.jdbc.JDBCUtil.sqlException(Unknown Source) ~[hsqldb-2.7.3.jar:2.7.3]
	at org.hsqldb.jdbc.JDBCUtil.sqlException(Unknown Source) ~[hsqldb-2.7.3.jar:2.7.3]
	at org.hsqldb.jdbc.JDBCConnection.<init>(Unknown Source) ~[hsqldb-2.7.3.jar:2.7.3]
	at org.hsqldb.jdbc.JDBCDriver$1.run(Unknown Source) ~[hsqldb-2.7.3.jar:2.7.3]
Caused by: org.hsqldb.HsqlException: java.net.ConnectException: Connection refused
	at org.hsqldb.ClientConnection.openConnection(Unknown Source) ~[hsqldb-2.7.3.jar:2.7.3]
	at org.hsqldb.ClientConnection.initConnection(Unknown Source) ~[hsqldb-2.7.3.jar:2.7.3]
	at org.hsqldb.ClientConnection.<init>(Unknown Source) ~[hsqldb-2.7.3.jar:2.7.3]
	... 2 common frames omitted
Caused by: java.net.ConnectException: Connection refused
	at java.base/sun.nio.ch.Net.connect0(Native Method) ~[na:na]
	at java.base/sun.nio.ch.Net.connect(Net.java:591) ~[na:na]
	at java.base/sun.nio.ch.Net.connect(Net.java:580) ~[na:na]
	at java.base/sun.nio.ch.NioSocketImpl.connect(NioSocketImpl.java:593) ~[na:na]
	at java.base/java.net.SocksSocketImpl.connect(SocksSocketImpl.java:327) ~[na:na]
	at java.base/java.net.Socket.connect(Socket.java:633) ~[na:na]
	at java.base/java.net.Socket.connect(Socket.java:583) ~[na:na]
	at java.base/java.net.Socket.<init>(Socket.java:507) ~[na:na]
	at java.base/java.net.Socket.<init>(Socket.java:287) ~[na:na]
	at org.hsqldb.server.HsqlSocketFactory.createSocket(Unknown Source) ~[hsqldb-2.7.3.jar:2.7.3]
	... 5 common frames omitted

2026-02-25T01:39:45.070Z  WARN 58796 --- [facade] [           main] org.hibernate.orm.deprecation            : HHH90000025: HSQLDialect does not need to be specified explicitly using 'hibernate.dialect' (remove the property setting and it will be selected by default)
2026-02-25T01:39:45.667Z  INFO 58796 --- [facade] [           main] org.hibernate.orm.connections.pooling    : HHH10001005: Database info:
	Database JDBC URL [Connecting through datasource 'HikariDataSource (null)']
	Database driver: undefined/unknown
	Database version: 2.6.1
	Autocommit mode: undefined/unknown
	Isolation level: undefined/unknown
	Minimum pool size: undefined/unknown
	Maximum pool size: undefined/unknown
2026-02-25T01:39:58.176Z  INFO 58796 --- [facade] [           main] o.h.e.t.j.p.i.JtaPlatformInitiator       : HHH000489: No JTA platform available (set 'hibernate.transaction.jta.platform' to enable JTA platform integration)
2026-02-25T01:39:58.394Z  INFO 58796 --- [facade] [           main] j.LocalContainerEntityManagerFactoryBean : Initialized JPA EntityManagerFactory for persistence unit 'default'
2026-02-25T01:39:59.576Z  WARN 58796 --- [facade] [           main] JpaBaseConfiguration$JpaWebConfiguration : spring.jpa.open-in-view is enabled by default. Therefore, database queries may be performed during view rendering. Explicitly configure spring.jpa.open-in-view to disable this warning
2026-02-25T01:40:06.870Z  INFO 58796 --- [facade] [           main] war.ServletInitializer                   : Started ServletInitializer in 79.16 seconds (process running for 236.019)
25-Feb-2026 01:40:07.023 INFO [main] org.apache.catalina.startup.HostConfig.deployWAR Deployment of web application archive [/mnt/c/Users/abdel/Documents/Code/AW/TP3/TP3/apache-tomcat-11.0.1/webapps/facade.war] has finished in [162,214] ms
25-Feb-2026 01:40:07.031 INFO [main] org.apache.catalina.startup.HostConfig.deployDirectory Deploying web application directory [/mnt/c/Users/abdel/Documents/Code/AW/TP3/TP3/apache-tomcat-11.0.1/webapps/docs]
25-Feb-2026 01:40:07.626 INFO [main] org.apache.catalina.startup.HostConfig.deployDirectory Deployment of web application directory [/mnt/c/Users/abdel/Documents/Code/AW/TP3/TP3/apache-tomcat-11.0.1/webapps/docs] has finished in [594] ms
25-Feb-2026 01:40:07.628 INFO [main] org.apache.catalina.startup.HostConfig.deployDirectory Deploying web application directory [/mnt/c/Users/abdel/Documents/Code/AW/TP3/TP3/apache-tomcat-11.0.1/webapps/examples]
25-Feb-2026 01:40:15.035 INFO [main] org.apache.catalina.startup.HostConfig.deployDirectory Deployment of web application directory [/mnt/c/Users/abdel/Documents/Code/AW/TP3/TP3/apache-tomcat-11.0.1/webapps/examples] has finished in [7,407] ms
25-Feb-2026 01:40:15.042 INFO [main] org.apache.catalina.startup.HostConfig.deployDirectory Deploying web application directory [/mnt/c/Users/abdel/Documents/Code/AW/TP3/TP3/apache-tomcat-11.0.1/webapps/host-manager]
25-Feb-2026 01:40:15.685 INFO [main] org.apache.catalina.startup.HostConfig.deployDirectory Deployment of web application directory [/mnt/c/Users/abdel/Documents/Code/AW/TP3/TP3/apache-tomcat-11.0.1/webapps/host-manager] has finished in [642] ms
25-Feb-2026 01:40:15.688 INFO [main] org.apache.catalina.startup.HostConfig.deployDirectory Deploying web application directory [/mnt/c/Users/abdel/Documents/Code/AW/TP3/TP3/apache-tomcat-11.0.1/webapps/manager]
25-Feb-2026 01:40:16.517 INFO [main] org.apache.catalina.startup.HostConfig.deployDirectory Deployment of web application directory [/mnt/c/Users/abdel/Documents/Code/AW/TP3/TP3/apache-tomcat-11.0.1/webapps/manager] has finished in [829] ms
25-Feb-2026 01:40:16.520 INFO [main] org.apache.catalina.startup.HostConfig.deployDirectory Deploying web application directory [/mnt/c/Users/abdel/Documents/Code/AW/TP3/TP3/apache-tomcat-11.0.1/webapps/ROOT]
25-Feb-2026 01:40:16.994 INFO [main] org.apache.catalina.startup.HostConfig.deployDirectory Deployment of web application directory [/mnt/c/Users/abdel/Documents/Code/AW/TP3/TP3/apache-tomcat-11.0.1/webapps/ROOT] has finished in [474] ms
25-Feb-2026 01:40:17.007 INFO [main] org.apache.coyote.AbstractProtocol.start Starting ProtocolHandler ["http-nio-8080"]
25-Feb-2026 01:40:17.037 INFO [main] org.apache.catalina.startup.Catalina.start Server startup in [244217] milliseconds
25-Feb-2026 01:55:13.640 INFO [Catalina-utility-2] org.apache.catalina.startup.HostConfig.undeploy Undeploying context [/Annuaire]
25-Feb-2026 01:55:15.602 INFO [Catalina-utility-2] org.apache.catalina.startup.HostConfig.deployWAR Deploying web application archive [/mnt/c/Users/abdel/Documents/Code/AW/TP3/TP3/apache-tomcat-11.0.1/webapps/Annuaire.war]
25-Feb-2026 01:56:36.394 INFO [main] org.apache.catalina.startup.VersionLoggerListener.log Server version name:   Apache Tomcat/11.0.1
25-Feb-2026 01:56:36.403 INFO [main] org.apache.catalina.startup.VersionLoggerListener.log Server built:          Nov 6 2024 19:08:24 UTC
25-Feb-2026 01:56:36.403 INFO [main] org.apache.catalina.startup.VersionLoggerListener.log Server version number: 11.0.1.0
25-Feb-2026 01:56:36.404 INFO [main] org.apache.catalina.startup.VersionLoggerListener.log OS Name:               Linux
25-Feb-2026 01:56:36.406 INFO [main] org.apache.catalina.startup.VersionLoggerListener.log OS Version:            6.6.87.2-microsoft-standard-WSL2
25-Feb-2026 01:56:36.406 INFO [main] org.apache.catalina.startup.VersionLoggerListener.log Architecture:          amd64
25-Feb-2026 01:56:36.407 INFO [main] org.apache.catalina.startup.VersionLoggerListener.log Java Home:             /usr/lib/jvm/java-17-openjdk-amd64
25-Feb-2026 01:56:36.408 INFO [main] org.apache.catalina.startup.VersionLoggerListener.log JVM Version:           17.0.18+8-Ubuntu-124.04.1
25-Feb-2026 01:56:36.409 INFO [main] org.apache.catalina.startup.VersionLoggerListener.log JVM Vendor:            Ubuntu
25-Feb-2026 01:56:36.410 INFO [main] org.apache.catalina.startup.VersionLoggerListener.log CATALINA_BASE:         /mnt/c/Users/abdel/Documents/Code/AW/TP3/TP3/apache-tomcat-11.0.1
25-Feb-2026 01:56:36.411 INFO [main] org.apache.catalina.startup.VersionLoggerListener.log CATALINA_HOME:         /mnt/c/Users/abdel/Documents/Code/AW/TP3/TP3/apache-tomcat-11.0.1
25-Feb-2026 01:56:36.422 INFO [main] org.apache.catalina.startup.VersionLoggerListener.log Command line argument: -Djava.util.logging.config.file=/mnt/c/Users/abdel/Documents/Code/AW/TP3/TP3/apache-tomcat-11.0.1/conf/logging.properties
25-Feb-2026 01:56:36.423 INFO [main] org.apache.catalina.startup.VersionLoggerListener.log Command line argument: -Djava.util.logging.manager=org.apache.juli.ClassLoaderLogManager
25-Feb-2026 01:56:36.424 INFO [main] org.apache.catalina.startup.VersionLoggerListener.log Command line argument: -Djdk.tls.ephemeralDHKeySize=2048
25-Feb-2026 01:56:36.425 INFO [main] org.apache.catalina.startup.VersionLoggerListener.log Command line argument: -Dorg.apache.catalina.security.SecurityListener.UMASK=0027
25-Feb-2026 01:56:36.426 INFO [main] org.apache.catalina.startup.VersionLoggerListener.log Command line argument: --add-opens=java.base/java.lang=ALL-UNNAMED
25-Feb-2026 01:56:36.426 INFO [main] org.apache.catalina.startup.VersionLoggerListener.log Command line argument: --add-opens=java.base/java.io=ALL-UNNAMED
25-Feb-2026 01:56:36.428 INFO [main] org.apache.catalina.startup.VersionLoggerListener.log Command line argument: --add-opens=java.base/java.util=ALL-UNNAMED
25-Feb-2026 01:56:36.428 INFO [main] org.apache.catalina.startup.VersionLoggerListener.log Command line argument: --add-opens=java.base/java.util.concurrent=ALL-UNNAMED
25-Feb-2026 01:56:36.429 INFO [main] org.apache.catalina.startup.VersionLoggerListener.log Command line argument: --add-opens=java.rmi/sun.rmi.transport=ALL-UNNAMED
25-Feb-2026 01:56:36.430 INFO [main] org.apache.catalina.startup.VersionLoggerListener.log Command line argument: --enable-native-access=ALL-UNNAMED
25-Feb-2026 01:56:36.431 INFO [main] org.apache.catalina.startup.VersionLoggerListener.log Command line argument: -Dcatalina.base=/mnt/c/Users/abdel/Documents/Code/AW/TP3/TP3/apache-tomcat-11.0.1
25-Feb-2026 01:56:36.431 INFO [main] org.apache.catalina.startup.VersionLoggerListener.log Command line argument: -Dcatalina.home=/mnt/c/Users/abdel/Documents/Code/AW/TP3/TP3/apache-tomcat-11.0.1
25-Feb-2026 01:56:36.432 INFO [main] org.apache.catalina.startup.VersionLoggerListener.log Command line argument: -Djava.io.tmpdir=/mnt/c/Users/abdel/Documents/Code/AW/TP3/TP3/apache-tomcat-11.0.1/temp
25-Feb-2026 01:56:36.442 INFO [main] org.apache.catalina.core.AprLifecycleListener.lifecycleEvent The Apache Tomcat Native library which allows using OpenSSL was not found on the java.library.path: [/usr/java/packages/lib:/usr/lib/x86_64-linux-gnu/jni:/lib/x86_64-linux-gnu:/usr/lib/x86_64-linux-gnu:/usr/lib/jni:/lib:/usr/lib]
25-Feb-2026 01:56:37.153 INFO [main] org.apache.coyote.AbstractProtocol.init Initializing ProtocolHandler ["http-nio-8080"]
25-Feb-2026 01:56:37.229 INFO [main] org.apache.catalina.startup.Catalina.load Server initialization in [1628] milliseconds
25-Feb-2026 01:56:37.421 INFO [main] org.apache.catalina.core.StandardService.startInternal Starting service [Catalina]
25-Feb-2026 01:56:37.422 INFO [main] org.apache.catalina.core.StandardEngine.startInternal Starting Servlet engine: [Apache Tomcat/11.0.1]
25-Feb-2026 01:56:37.597 INFO [main] org.apache.catalina.startup.HostConfig.deployWAR Deploying web application archive [/mnt/c/Users/abdel/Documents/Code/AW/TP3/TP3/apache-tomcat-11.0.1/webapps/Annuaire.war]
25-Feb-2026 01:56:37.769 INFO [main] org.apache.catalina.startup.ExpandWar.expand An expanded directory [/mnt/c/Users/abdel/Documents/Code/AW/TP3/TP3/apache-tomcat-11.0.1/webapps/Annuaire] was found with a last modified time that did not match the associated WAR. It will be deleted.
25-Feb-2026 01:58:34.462 INFO [main] org.apache.jasper.servlet.TldScanner.scanJars At least one JAR was scanned for TLDs yet contained no TLDs. Enable debug logging for this logger for a complete list of JARs that were scanned but no TLDs were found in them. Skipping unneeded JARs during scanning can improve startup time and JSP compilation time.
25-Feb-2026 01:58:34.927 INFO [main] org.apache.catalina.startup.HostConfig.deployWAR Deployment of web application archive [/mnt/c/Users/abdel/Documents/Code/AW/TP3/TP3/apache-tomcat-11.0.1/webapps/Annuaire.war] has finished in [117,330] ms
25-Feb-2026 01:58:34.959 INFO [main] org.apache.catalina.startup.HostConfig.deployWAR Deploying web application archive [/mnt/c/Users/abdel/Documents/Code/AW/TP3/TP3/apache-tomcat-11.0.1/webapps/facade.war]
25-Feb-2026 01:58:35.048 INFO [main] org.apache.catalina.startup.ExpandWar.expand An expanded directory [/mnt/c/Users/abdel/Documents/Code/AW/TP3/TP3/apache-tomcat-11.0.1/webapps/facade] was found with a last modified time that did not match the associated WAR. It will be deleted.
25-Feb-2026 02:00:56.629 INFO [main] org.apache.jasper.servlet.TldScanner.scanJars At least one JAR was scanned for TLDs yet contained no TLDs. Enable debug logging for this logger for a complete list of JARs that were scanned but no TLDs were found in them. Skipping unneeded JARs during scanning can improve startup time and JSP compilation time.

  .   ____          _            __ _ _
 /\\ / ___'_ __ _ _(_)_ __  __ _ \ \ \ \
( ( )\___ | '_ | '_| | '_ \/ _` | \ \ \ \
 \\/  ___)| |_)| | | | | || (_| |  ) ) ) )
  '  |____| .__|_| |_|_| |_\__, | / / / /
 =========|_|==============|___/=/_/_/_/

 :: Spring Boot ::               (v3.5.11)

2026-02-25T02:01:23.744Z  INFO 63094 --- [facade] [           main] war.ServletInitializer                   : Starting ServletInitializer v0.0.1-SNAPSHOT using Java 17.0.18 with PID 63094 (/mnt/c/Users/abdel/Documents/Code/AW/TP3/TP3/apache-tomcat-11.0.1/webapps/facade/WEB-INF/classes started by toad in /mnt/c/Users/abdel/Documents/Code/AW/TP3/TP3)
2026-02-25T02:01:23.791Z  INFO 63094 --- [facade] [           main] war.ServletInitializer                   : No active profile set, falling back to 1 default profile: "default"
2026-02-25T02:01:50.192Z  INFO 63094 --- [facade] [           main] .s.d.r.c.RepositoryConfigurationDelegate : Bootstrapping Spring Data JPA repositories in DEFAULT mode.
2026-02-25T02:01:51.326Z  INFO 63094 --- [facade] [           main] .s.d.r.c.RepositoryConfigurationDelegate : Finished Spring Data repository scanning in 623 ms. Found 0 JPA repository interfaces.
2026-02-25T02:02:00.798Z  INFO 63094 --- [facade] [           main] w.s.c.ServletWebServerApplicationContext : Root WebApplicationContext: initialization completed in 35965 ms
2026-02-25T02:02:07.882Z  INFO 63094 --- [facade] [           main] o.hibernate.jpa.internal.util.LogHelper  : HHH000204: Processing PersistenceUnitInfo [name: default]
2026-02-25T02:02:13.409Z  INFO 63094 --- [facade] [           main] org.hibernate.Version                    : HHH000412: Hibernate ORM core version 6.6.42.Final
2026-02-25T02:02:15.812Z  INFO 63094 --- [facade] [           main] o.h.c.internal.RegionFactoryInitiator    : HHH000026: Second-level cache disabled
2026-02-25T02:02:39.182Z  INFO 63094 --- [facade] [           main] o.s.o.j.p.SpringPersistenceUnitInfo      : No LoadTimeWeaver setup: ignoring JPA class transformer
2026-02-25T02:02:41.160Z  INFO 63094 --- [facade] [           main] com.zaxxer.hikari.HikariDataSource       : HikariPool-1 - Starting...
2026-02-25T02:02:44.279Z  WARN 63094 --- [facade] [           main] o.h.engine.jdbc.spi.SqlExceptionHelper   : SQL Error: -1301, SQLState: 08001
2026-02-25T02:02:44.282Z ERROR 63094 --- [facade] [           main] o.h.engine.jdbc.spi.SqlExceptionHelper   : java.net.ConnectException: Connection refused
2026-02-25T02:02:44.306Z  WARN 63094 --- [facade] [           main] o.h.e.j.e.i.JdbcEnvironmentInitiator     : HHH000342: Could not obtain connection to query metadata

org.hibernate.exception.JDBCConnectionException: unable to obtain isolated JDBC connection [java.net.ConnectException: Connection refused] [n/a]
	at org.hibernate.exception.internal.SQLStateConversionDelegate.convert(SQLStateConversionDelegate.java:100) ~[hibernate-core-6.6.42.Final.jar:6.6.42.Final]
	at org.hibernate.exception.internal.StandardSQLExceptionConverter.convert(StandardSQLExceptionConverter.java:58) ~[hibernate-core-6.6.42.Final.jar:6.6.42.Final]
	at org.hibernate.engine.jdbc.spi.SqlExceptionHelper.convert(SqlExceptionHelper.java:108) ~[hibernate-core-6.6.42.Final.jar:6.6.42.Final]
	at org.hibernate.engine.jdbc.spi.SqlExceptionHelper.convert(SqlExceptionHelper.java:94) ~[hibernate-core-6.6.42.Final.jar:6.6.42.Final]
	at org.hibernate.resource.transaction.backend.jdbc.internal.JdbcIsolationDelegate.delegateWork(JdbcIsolationDelegate.java:116) ~[hibernate-core-6.6.42.Final.jar:6.6.42.Final]
	at org.hibernate.engine.jdbc.env.internal.JdbcEnvironmentInitiator.getJdbcEnvironmentUsingJdbcMetadata(JdbcEnvironmentInitiator.java:334) ~[hibernate-core-6.6.42.Final.jar:6.6.42.Final]
	at org.hibernate.engine.jdbc.env.internal.JdbcEnvironmentInitiator.initiateService(JdbcEnvironmentInitiator.java:129) ~[hibernate-core-6.6.42.Final.jar:6.6.42.Final]
	at org.hibernate.engine.jdbc.env.internal.JdbcEnvironmentInitiator.initiateService(JdbcEnvironmentInitiator.java:81) ~[hibernate-core-6.6.42.Final.jar:6.6.42.Final]
	at org.hibernate.boot.registry.internal.StandardServiceRegistryImpl.initiateService(StandardServiceRegistryImpl.java:130) ~[hibernate-core-6.6.42.Final.jar:6.6.42.Final]
	at org.hibernate.service.internal.AbstractServiceRegistryImpl.createService(AbstractServiceRegistryImpl.java:263) ~[hibernate-core-6.6.42.Final.jar:6.6.42.Final]
	at org.hibernate.service.internal.AbstractServiceRegistryImpl.initializeService(AbstractServiceRegistryImpl.java:238) ~[hibernate-core-6.6.42.Final.jar:6.6.42.Final]
	at org.hibernate.service.internal.AbstractServiceRegistryImpl.getService(AbstractServiceRegistryImpl.java:215) ~[hibernate-core-6.6.42.Final.jar:6.6.42.Final]
	at org.hibernate.boot.model.relational.Database.<init>(Database.java:45) ~[hibernate-core-6.6.42.Final.jar:6.6.42.Final]
	at org.hibernate.boot.internal.InFlightMetadataCollectorImpl.getDatabase(InFlightMetadataCollectorImpl.java:226) ~[hibernate-core-6.6.42.Final.jar:6.6.42.Final]
	at org.hibernate.boot.internal.InFlightMetadataCollectorImpl.<init>(InFlightMetadataCollectorImpl.java:194) ~[hibernate-core-6.6.42.Final.jar:6.6.42.Final]
	at org.hibernate.boot.model.process.spi.MetadataBuildingProcess.complete(MetadataBuildingProcess.java:171) ~[hibernate-core-6.6.42.Final.jar:6.6.42.Final]
	at org.hibernate.jpa.boot.internal.EntityManagerFactoryBuilderImpl.metadata(EntityManagerFactoryBuilderImpl.java:1442) ~[hibernate-core-6.6.42.Final.jar:6.6.42.Final]
	at org.hibernate.jpa.boot.internal.EntityManagerFactoryBuilderImpl.build(EntityManagerFactoryBuilderImpl.java:1513) ~[hibernate-core-6.6.42.Final.jar:6.6.42.Final]
	at org.springframework.orm.jpa.vendor.SpringHibernateJpaPersistenceProvider.createContainerEntityManagerFactory(SpringHibernateJpaPersistenceProvider.java:66) ~[spring-orm-6.2.16.jar:6.2.16]
	at org.springframework.orm.jpa.LocalContainerEntityManagerFactoryBean.createNativeEntityManagerFactory(LocalContainerEntityManagerFactoryBean.java:388) ~[spring-orm-6.2.16.jar:6.2.16]
	at org.springframework.orm.jpa.AbstractEntityManagerFactoryBean.buildNativeEntityManagerFactory(AbstractEntityManagerFactoryBean.java:419) ~[spring-orm-6.2.16.jar:6.2.16]
	at org.springframework.orm.jpa.AbstractEntityManagerFactoryBean.afterPropertiesSet(AbstractEntityManagerFactoryBean.java:400) ~[spring-orm-6.2.16.jar:6.2.16]
	at org.springframework.orm.jpa.LocalContainerEntityManagerFactoryBean.afterPropertiesSet(LocalContainerEntityManagerFactoryBean.java:364) ~[spring-orm-6.2.16.jar:6.2.16]
	at org.springframework.beans.factory.support.AbstractAutowireCapableBeanFactory.invokeInitMethods(AbstractAutowireCapableBeanFactory.java:1873) ~[spring-beans-6.2.16.jar:6.2.16]
	at org.springframework.beans.factory.support.AbstractAutowireCapableBeanFactory.initializeBean(AbstractAutowireCapableBeanFactory.java:1822) ~[spring-beans-6.2.16.jar:6.2.16]
	at org.springframework.beans.factory.support.AbstractAutowireCapableBeanFactory.doCreateBean(AbstractAutowireCapableBeanFactory.java:607) ~[spring-beans-6.2.16.jar:6.2.16]
	at org.springframework.beans.factory.support.AbstractAutowireCapableBeanFactory.createBean(AbstractAutowireCapableBeanFactory.java:529) ~[spring-beans-6.2.16.jar:6.2.16]
	at org.springframework.beans.factory.support.AbstractBeanFactory.lambda$doGetBean$0(AbstractBeanFactory.java:339) ~[spring-beans-6.2.16.jar:6.2.16]
	at org.springframework.beans.factory.support.DefaultSingletonBeanRegistry.getSingleton(DefaultSingletonBeanRegistry.java:373) ~[spring-beans-6.2.16.jar:6.2.16]
	at org.springframework.beans.factory.support.AbstractBeanFactory.doGetBean(AbstractBeanFactory.java:337) ~[spring-beans-6.2.16.jar:6.2.16]
	at org.springframework.beans.factory.support.AbstractBeanFactory.getBean(AbstractBeanFactory.java:207) ~[spring-beans-6.2.16.jar:6.2.16]
	at org.springframework.context.support.AbstractApplicationContext.finishBeanFactoryInitialization(AbstractApplicationContext.java:974) ~[spring-context-6.2.16.jar:6.2.16]
	at org.springframework.context.support.AbstractApplicationContext.refresh(AbstractApplicationContext.java:628) ~[spring-context-6.2.16.jar:6.2.16]
	at org.springframework.boot.web.servlet.context.ServletWebServerApplicationContext.refresh(ServletWebServerApplicationContext.java:146) ~[spring-boot-3.5.11.jar:3.5.11]
	at org.springframework.boot.SpringApplication.refresh(SpringApplication.java:752) ~[spring-boot-3.5.11.jar:3.5.11]
	at org.springframework.boot.SpringApplication.refreshContext(SpringApplication.java:439) ~[spring-boot-3.5.11.jar:3.5.11]
	at org.springframework.boot.SpringApplication.run(SpringApplication.java:318) ~[spring-boot-3.5.11.jar:3.5.11]
	at org.springframework.boot.web.servlet.support.SpringBootServletInitializer.run(SpringBootServletInitializer.java:194) ~[spring-boot-3.5.11.jar:3.5.11]
	at org.springframework.boot.web.servlet.support.SpringBootServletInitializer.createRootApplicationContext(SpringBootServletInitializer.java:174) ~[spring-boot-3.5.11.jar:3.5.11]
	at org.springframework.boot.web.servlet.support.SpringBootServletInitializer.onStartup(SpringBootServletInitializer.java:102) ~[spring-boot-3.5.11.jar:3.5.11]
	at org.springframework.web.SpringServletContainerInitializer.onStartup(SpringServletContainerInitializer.java:171) ~[spring-web-6.2.16.jar:6.2.16]
	at org.apache.catalina.core.StandardContext.startInternal(StandardContext.java:4393) ~[catalina.jar:11.0.1]
	at org.apache.catalina.util.LifecycleBase.start(LifecycleBase.java:164) ~[catalina.jar:11.0.1]
	at org.apache.catalina.core.ContainerBase.addChild(ContainerBase.java:566) ~[catalina.jar:11.0.1]
	at org.apache.catalina.core.StandardHost.addChild(StandardHost.java:653) ~[catalina.jar:11.0.1]
	at org.apache.catalina.startup.HostConfig.deployWAR(HostConfig.java:933) ~[catalina.jar:11.0.1]
	at org.apache.catalina.startup.HostConfig$DeployWar.run(HostConfig.java:1875) ~[catalina.jar:11.0.1]
	at java.base/java.util.concurrent.Executors$RunnableAdapter.call(Executors.java:539) ~[na:na]
	at java.base/java.util.concurrent.FutureTask.run(FutureTask.java:264) ~[na:na]
	at org.apache.tomcat.util.threads.InlineExecutorService.execute(InlineExecutorService.java:75) ~[tomcat-util.jar:11.0.1]
	at java.base/java.util.concurrent.AbstractExecutorService.submit(AbstractExecutorService.java:123) ~[na:na]
	at org.apache.catalina.startup.HostConfig.deployWARs(HostConfig.java:735) ~[catalina.jar:11.0.1]
	at org.apache.catalina.startup.HostConfig.deployApps(HostConfig.java:387) ~[catalina.jar:11.0.1]
	at org.apache.catalina.startup.HostConfig.start(HostConfig.java:1593) ~[catalina.jar:11.0.1]
	at org.apache.catalina.startup.HostConfig.lifecycleEvent(HostConfig.java:267) ~[catalina.jar:11.0.1]
	at org.apache.catalina.util.LifecycleBase.fireLifecycleEvent(LifecycleBase.java:109) ~[catalina.jar:11.0.1]
	at org.apache.catalina.util.LifecycleBase.setStateInternal(LifecycleBase.java:389) ~[catalina.jar:11.0.1]
	at org.apache.catalina.util.LifecycleBase.setState(LifecycleBase.java:336) ~[catalina.jar:11.0.1]
	at org.apache.catalina.core.ContainerBase.startInternal(ContainerBase.java:743) ~[catalina.jar:11.0.1]
	at org.apache.catalina.core.StandardHost.startInternal(StandardHost.java:771) ~[catalina.jar:11.0.1]
	at org.apache.catalina.util.LifecycleBase.start(LifecycleBase.java:164) ~[catalina.jar:11.0.1]
	at org.apache.catalina.core.ContainerBase$StartChild.call(ContainerBase.java:1170) ~[catalina.jar:11.0.1]
	at org.apache.catalina.core.ContainerBase$StartChild.call(ContainerBase.java:1160) ~[catalina.jar:11.0.1]
	at java.base/java.util.concurrent.FutureTask.run(FutureTask.java:264) ~[na:na]
	at org.apache.tomcat.util.threads.InlineExecutorService.execute(InlineExecutorService.java:75) ~[tomcat-util.jar:11.0.1]
	at java.base/java.util.concurrent.AbstractExecutorService.submit(AbstractExecutorService.java:145) ~[na:na]
	at org.apache.catalina.core.ContainerBase.startInternal(ContainerBase.java:716) ~[catalina.jar:11.0.1]
	at org.apache.catalina.core.StandardEngine.startInternal(StandardEngine.java:203) ~[catalina.jar:11.0.1]
	at org.apache.catalina.util.LifecycleBase.start(LifecycleBase.java:164) ~[catalina.jar:11.0.1]
	at org.apache.catalina.core.StandardService.startInternal(StandardService.java:415) ~[catalina.jar:11.0.1]
	at org.apache.catalina.util.LifecycleBase.start(LifecycleBase.java:164) ~[catalina.jar:11.0.1]
	at org.apache.catalina.core.StandardServer.startInternal(StandardServer.java:866) ~[catalina.jar:11.0.1]
	at org.apache.catalina.util.LifecycleBase.start(LifecycleBase.java:164) ~[catalina.jar:11.0.1]
	at org.apache.catalina.startup.Catalina.start(Catalina.java:755) ~[catalina.jar:11.0.1]
	at java.base/jdk.internal.reflect.NativeMethodAccessorImpl.invoke0(Native Method) ~[na:na]
	at java.base/jdk.internal.reflect.NativeMethodAccessorImpl.invoke(NativeMethodAccessorImpl.java:77) ~[na:na]
	at java.base/jdk.internal.reflect.DelegatingMethodAccessorImpl.invoke(DelegatingMethodAccessorImpl.java:43) ~[na:na]
	at java.base/java.lang.reflect.Method.invoke(Method.java:569) ~[na:na]
	at org.apache.catalina.startup.Bootstrap.start(Bootstrap.java:342) ~[bootstrap.jar:11.0.1]
	at org.apache.catalina.startup.Bootstrap.main(Bootstrap.java:470) ~[bootstrap.jar:11.0.1]
Caused by: java.sql.SQLTransientConnectionException: java.net.ConnectException: Connection refused
	at org.hsqldb.jdbc.JDBCUtil.sqlException(Unknown Source) ~[hsqldb-2.7.3.jar:2.7.3]
	at org.hsqldb.jdbc.JDBCUtil.sqlException(Unknown Source) ~[hsqldb-2.7.3.jar:2.7.3]
	at org.hsqldb.jdbc.JDBCConnection.<init>(Unknown Source) ~[hsqldb-2.7.3.jar:2.7.3]
	at org.hsqldb.jdbc.JDBCDriver$1.run(Unknown Source) ~[hsqldb-2.7.3.jar:2.7.3]
Caused by: org.hsqldb.HsqlException: java.net.ConnectException: Connection refused
	at org.hsqldb.ClientConnection.openConnection(Unknown Source) ~[hsqldb-2.7.3.jar:2.7.3]
	at org.hsqldb.ClientConnection.initConnection(Unknown Source) ~[hsqldb-2.7.3.jar:2.7.3]
	at org.hsqldb.ClientConnection.<init>(Unknown Source) ~[hsqldb-2.7.3.jar:2.7.3]
	... 2 common frames omitted
Caused by: java.net.ConnectException: Connection refused
	at java.base/sun.nio.ch.Net.connect0(Native Method) ~[na:na]
	at java.base/sun.nio.ch.Net.connect(Net.java:591) ~[na:na]
	at java.base/sun.nio.ch.Net.connect(Net.java:580) ~[na:na]
	at java.base/sun.nio.ch.NioSocketImpl.connect(NioSocketImpl.java:593) ~[na:na]
	at java.base/java.net.SocksSocketImpl.connect(SocksSocketImpl.java:327) ~[na:na]
	at java.base/java.net.Socket.connect(Socket.java:633) ~[na:na]
	at java.base/java.net.Socket.connect(Socket.java:583) ~[na:na]
	at java.base/java.net.Socket.<init>(Socket.java:507) ~[na:na]
	at java.base/java.net.Socket.<init>(Socket.java:287) ~[na:na]
	at org.hsqldb.server.HsqlSocketFactory.createSocket(Unknown Source) ~[hsqldb-2.7.3.jar:2.7.3]
	... 5 common frames omitted

2026-02-25T02:02:46.001Z  WARN 63094 --- [facade] [           main] org.hibernate.orm.deprecation            : HHH90000025: HSQLDialect does not need to be specified explicitly using 'hibernate.dialect' (remove the property setting and it will be selected by default)
2026-02-25T02:02:47.003Z  INFO 63094 --- [facade] [           main] org.hibernate.orm.connections.pooling    : HHH10001005: Database info:
	Database JDBC URL [Connecting through datasource 'HikariDataSource (null)']
	Database driver: undefined/unknown
	Database version: 2.6.1
	Autocommit mode: undefined/unknown
	Isolation level: undefined/unknown
	Minimum pool size: undefined/unknown
	Maximum pool size: undefined/unknown
2026-02-25T02:03:09.229Z  INFO 63094 --- [facade] [           main] o.h.e.t.j.p.i.JtaPlatformInitiator       : HHH000489: No JTA platform available (set 'hibernate.transaction.jta.platform' to enable JTA platform integration)
2026-02-25T02:03:09.642Z  INFO 63094 --- [facade] [           main] j.LocalContainerEntityManagerFactoryBean : Initialized JPA EntityManagerFactory for persistence unit 'default'
2026-02-25T02:03:11.665Z  WARN 63094 --- [facade] [           main] JpaBaseConfiguration$JpaWebConfiguration : spring.jpa.open-in-view is enabled by default. Therefore, database queries may be performed during view rendering. Explicitly configure spring.jpa.open-in-view to disable this warning
2026-02-25T02:03:24.278Z  INFO 63094 --- [facade] [           main] war.ServletInitializer                   : Started ServletInitializer in 139.509 seconds (process running for 416.381)
25-Feb-2026 02:03:24.505 INFO [main] org.apache.catalina.startup.HostConfig.deployWAR Deployment of web application archive [/mnt/c/Users/abdel/Documents/Code/AW/TP3/TP3/apache-tomcat-11.0.1/webapps/facade.war] has finished in [289,545] ms
25-Feb-2026 02:03:24.517 INFO [main] org.apache.catalina.startup.HostConfig.deployDirectory Deploying web application directory [/mnt/c/Users/abdel/Documents/Code/AW/TP3/TP3/apache-tomcat-11.0.1/webapps/docs]
25-Feb-2026 02:03:25.570 INFO [main] org.apache.catalina.startup.HostConfig.deployDirectory Deployment of web application directory [/mnt/c/Users/abdel/Documents/Code/AW/TP3/TP3/apache-tomcat-11.0.1/webapps/docs] has finished in [1,053] ms
25-Feb-2026 02:03:25.575 INFO [main] org.apache.catalina.startup.HostConfig.deployDirectory Deploying web application directory [/mnt/c/Users/abdel/Documents/Code/AW/TP3/TP3/apache-tomcat-11.0.1/webapps/examples]
25-Feb-2026 02:03:40.178 INFO [main] org.apache.catalina.startup.HostConfig.deployDirectory Deployment of web application directory [/mnt/c/Users/abdel/Documents/Code/AW/TP3/TP3/apache-tomcat-11.0.1/webapps/examples] has finished in [14,603] ms
25-Feb-2026 02:03:40.191 INFO [main] org.apache.catalina.startup.HostConfig.deployDirectory Deploying web application directory [/mnt/c/Users/abdel/Documents/Code/AW/TP3/TP3/apache-tomcat-11.0.1/webapps/host-manager]
25-Feb-2026 02:03:41.464 INFO [main] org.apache.catalina.startup.HostConfig.deployDirectory Deployment of web application directory [/mnt/c/Users/abdel/Documents/Code/AW/TP3/TP3/apache-tomcat-11.0.1/webapps/host-manager] has finished in [1,273] ms
25-Feb-2026 02:03:41.469 INFO [main] org.apache.catalina.startup.HostConfig.deployDirectory Deploying web application directory [/mnt/c/Users/abdel/Documents/Code/AW/TP3/TP3/apache-tomcat-11.0.1/webapps/manager]
25-Feb-2026 02:03:42.946 INFO [main] org.apache.catalina.startup.HostConfig.deployDirectory Deployment of web application directory [/mnt/c/Users/abdel/Documents/Code/AW/TP3/TP3/apache-tomcat-11.0.1/webapps/manager] has finished in [1,476] ms
25-Feb-2026 02:03:42.950 INFO [main] org.apache.catalina.startup.HostConfig.deployDirectory Deploying web application directory [/mnt/c/Users/abdel/Documents/Code/AW/TP3/TP3/apache-tomcat-11.0.1/webapps/ROOT]
25-Feb-2026 02:03:43.876 INFO [main] org.apache.catalina.startup.HostConfig.deployDirectory Deployment of web application directory [/mnt/c/Users/abdel/Documents/Code/AW/TP3/TP3/apache-tomcat-11.0.1/webapps/ROOT] has finished in [925] ms
25-Feb-2026 02:03:43.894 INFO [main] org.apache.coyote.AbstractProtocol.start Starting ProtocolHandler ["http-nio-8080"]
25-Feb-2026 02:03:43.946 INFO [main] org.apache.catalina.startup.Catalina.start Server startup in [432404] milliseconds
25-Feb-2026 02:11:28.041 INFO [Catalina-utility-1] org.apache.catalina.startup.HostConfig.undeploy Undeploying context [/Annuaire]
25-Feb-2026 02:11:30.193 INFO [Catalina-utility-1] org.apache.catalina.startup.HostConfig.deployWAR Deploying web application archive [/mnt/c/Users/abdel/Documents/Code/AW/TP3/TP3/apache-tomcat-11.0.1/webapps/Annuaire.war]
25-Feb-2026 02:12:33.859 INFO [main] org.apache.catalina.startup.VersionLoggerListener.log Server version name:   Apache Tomcat/11.0.1
25-Feb-2026 02:12:33.867 INFO [main] org.apache.catalina.startup.VersionLoggerListener.log Server built:          Nov 6 2024 19:08:24 UTC
25-Feb-2026 02:12:33.867 INFO [main] org.apache.catalina.startup.VersionLoggerListener.log Server version number: 11.0.1.0
25-Feb-2026 02:12:33.868 INFO [main] org.apache.catalina.startup.VersionLoggerListener.log OS Name:               Linux
25-Feb-2026 02:12:33.869 INFO [main] org.apache.catalina.startup.VersionLoggerListener.log OS Version:            6.6.87.2-microsoft-standard-WSL2
25-Feb-2026 02:12:33.870 INFO [main] org.apache.catalina.startup.VersionLoggerListener.log Architecture:          amd64
25-Feb-2026 02:12:33.870 INFO [main] org.apache.catalina.startup.VersionLoggerListener.log Java Home:             /usr/lib/jvm/java-17-openjdk-amd64
25-Feb-2026 02:12:33.870 INFO [main] org.apache.catalina.startup.VersionLoggerListener.log JVM Version:           17.0.18+8-Ubuntu-124.04.1
25-Feb-2026 02:12:33.871 INFO [main] org.apache.catalina.startup.VersionLoggerListener.log JVM Vendor:            Ubuntu
25-Feb-2026 02:12:33.871 INFO [main] org.apache.catalina.startup.VersionLoggerListener.log CATALINA_BASE:         /mnt/c/Users/abdel/Documents/Code/AW/TP3/TP3/apache-tomcat-11.0.1
25-Feb-2026 02:12:33.872 INFO [main] org.apache.catalina.startup.VersionLoggerListener.log CATALINA_HOME:         /mnt/c/Users/abdel/Documents/Code/AW/TP3/TP3/apache-tomcat-11.0.1
25-Feb-2026 02:12:33.884 INFO [main] org.apache.catalina.startup.VersionLoggerListener.log Command line argument: -Djava.util.logging.config.file=/mnt/c/Users/abdel/Documents/Code/AW/TP3/TP3/apache-tomcat-11.0.1/conf/logging.properties
25-Feb-2026 02:12:33.885 INFO [main] org.apache.catalina.startup.VersionLoggerListener.log Command line argument: -Djava.util.logging.manager=org.apache.juli.ClassLoaderLogManager
25-Feb-2026 02:12:33.886 INFO [main] org.apache.catalina.startup.VersionLoggerListener.log Command line argument: -Djdk.tls.ephemeralDHKeySize=2048
25-Feb-2026 02:12:33.886 INFO [main] org.apache.catalina.startup.VersionLoggerListener.log Command line argument: -Dorg.apache.catalina.security.SecurityListener.UMASK=0027
25-Feb-2026 02:12:33.887 INFO [main] org.apache.catalina.startup.VersionLoggerListener.log Command line argument: --add-opens=java.base/java.lang=ALL-UNNAMED
25-Feb-2026 02:12:33.887 INFO [main] org.apache.catalina.startup.VersionLoggerListener.log Command line argument: --add-opens=java.base/java.io=ALL-UNNAMED
25-Feb-2026 02:12:33.888 INFO [main] org.apache.catalina.startup.VersionLoggerListener.log Command line argument: --add-opens=java.base/java.util=ALL-UNNAMED
25-Feb-2026 02:12:33.888 INFO [main] org.apache.catalina.startup.VersionLoggerListener.log Command line argument: --add-opens=java.base/java.util.concurrent=ALL-UNNAMED
25-Feb-2026 02:12:33.889 INFO [main] org.apache.catalina.startup.VersionLoggerListener.log Command line argument: --add-opens=java.rmi/sun.rmi.transport=ALL-UNNAMED
25-Feb-2026 02:12:33.889 INFO [main] org.apache.catalina.startup.VersionLoggerListener.log Command line argument: --enable-native-access=ALL-UNNAMED
25-Feb-2026 02:12:33.890 INFO [main] org.apache.catalina.startup.VersionLoggerListener.log Command line argument: -Dcatalina.base=/mnt/c/Users/abdel/Documents/Code/AW/TP3/TP3/apache-tomcat-11.0.1
25-Feb-2026 02:12:33.890 INFO [main] org.apache.catalina.startup.VersionLoggerListener.log Command line argument: -Dcatalina.home=/mnt/c/Users/abdel/Documents/Code/AW/TP3/TP3/apache-tomcat-11.0.1
25-Feb-2026 02:12:33.891 INFO [main] org.apache.catalina.startup.VersionLoggerListener.log Command line argument: -Djava.io.tmpdir=/mnt/c/Users/abdel/Documents/Code/AW/TP3/TP3/apache-tomcat-11.0.1/temp
25-Feb-2026 02:12:33.898 INFO [main] org.apache.catalina.core.AprLifecycleListener.lifecycleEvent The Apache Tomcat Native library which allows using OpenSSL was not found on the java.library.path: [/usr/java/packages/lib:/usr/lib/x86_64-linux-gnu/jni:/lib/x86_64-linux-gnu:/usr/lib/x86_64-linux-gnu:/usr/lib/jni:/lib:/usr/lib]
25-Feb-2026 02:12:34.625 INFO [main] org.apache.coyote.AbstractProtocol.init Initializing ProtocolHandler ["http-nio-8080"]
25-Feb-2026 02:12:34.708 INFO [main] org.apache.catalina.startup.Catalina.load Server initialization in [1389] milliseconds
25-Feb-2026 02:12:34.853 INFO [main] org.apache.catalina.core.StandardService.startInternal Starting service [Catalina]
25-Feb-2026 02:12:34.854 INFO [main] org.apache.catalina.core.StandardEngine.startInternal Starting Servlet engine: [Apache Tomcat/11.0.1]
25-Feb-2026 02:12:34.961 INFO [main] org.apache.catalina.startup.HostConfig.deployWAR Deploying web application archive [/mnt/c/Users/abdel/Documents/Code/AW/TP3/TP3/apache-tomcat-11.0.1/webapps/Annuaire.war]
25-Feb-2026 02:12:35.071 INFO [main] org.apache.catalina.startup.ExpandWar.expand An expanded directory [/mnt/c/Users/abdel/Documents/Code/AW/TP3/TP3/apache-tomcat-11.0.1/webapps/Annuaire] was found with a last modified time that did not match the associated WAR. It will be deleted.
25-Feb-2026 02:13:44.690 INFO [main] org.apache.jasper.servlet.TldScanner.scanJars At least one JAR was scanned for TLDs yet contained no TLDs. Enable debug logging for this logger for a complete list of JARs that were scanned but no TLDs were found in them. Skipping unneeded JARs during scanning can improve startup time and JSP compilation time.
25-Feb-2026 02:13:44.966 INFO [main] org.apache.catalina.startup.HostConfig.deployWAR Deployment of web application archive [/mnt/c/Users/abdel/Documents/Code/AW/TP3/TP3/apache-tomcat-11.0.1/webapps/Annuaire.war] has finished in [70,004] ms
25-Feb-2026 02:13:44.984 INFO [main] org.apache.catalina.startup.HostConfig.deployWAR Deploying web application archive [/mnt/c/Users/abdel/Documents/Code/AW/TP3/TP3/apache-tomcat-11.0.1/webapps/facade.war]
25-Feb-2026 02:13:45.034 INFO [main] org.apache.catalina.startup.ExpandWar.expand An expanded directory [/mnt/c/Users/abdel/Documents/Code/AW/TP3/TP3/apache-tomcat-11.0.1/webapps/facade] was found with a last modified time that did not match the associated WAR. It will be deleted.
25-Feb-2026 02:15:08.742 INFO [main] org.apache.jasper.servlet.TldScanner.scanJars At least one JAR was scanned for TLDs yet contained no TLDs. Enable debug logging for this logger for a complete list of JARs that were scanned but no TLDs were found in them. Skipping unneeded JARs during scanning can improve startup time and JSP compilation time.

  .   ____          _            __ _ _
 /\\ / ___'_ __ _ _(_)_ __  __ _ \ \ \ \
( ( )\___ | '_ | '_| | '_ \/ _` | \ \ \ \
 \\/  ___)| |_)| | | | | || (_| |  ) ) ) )
  '  |____| .__|_| |_|_| |_\__, | / / / /
 =========|_|==============|___/=/_/_/_/

 :: Spring Boot ::               (v3.5.11)

2026-02-25T02:15:24.439Z  INFO 66466 --- [facade] [           main] war.ServletInitializer                   : Starting ServletInitializer v0.0.1-SNAPSHOT using Java 17.0.18 with PID 66466 (/mnt/c/Users/abdel/Documents/Code/AW/TP3/TP3/apache-tomcat-11.0.1/webapps/facade/WEB-INF/classes started by toad in /mnt/c/Users/abdel/Documents/Code/AW/TP3/TP3)
2026-02-25T02:15:24.479Z  INFO 66466 --- [facade] [           main] war.ServletInitializer                   : No active profile set, falling back to 1 default profile: "default"
2026-02-25T02:15:41.822Z  INFO 66466 --- [facade] [           main] .s.d.r.c.RepositoryConfigurationDelegate : Bootstrapping Spring Data JPA repositories in DEFAULT mode.
2026-02-25T02:15:42.499Z  INFO 66466 --- [facade] [           main] .s.d.r.c.RepositoryConfigurationDelegate : Finished Spring Data repository scanning in 349 ms. Found 0 JPA repository interfaces.
2026-02-25T02:15:47.956Z  INFO 66466 --- [facade] [           main] w.s.c.ServletWebServerApplicationContext : Root WebApplicationContext: initialization completed in 22710 ms
2026-02-25T02:15:52.804Z  INFO 66466 --- [facade] [           main] o.hibernate.jpa.internal.util.LogHelper  : HHH000204: Processing PersistenceUnitInfo [name: default]
2026-02-25T02:15:55.256Z  INFO 66466 --- [facade] [           main] org.hibernate.Version                    : HHH000412: Hibernate ORM core version 6.6.42.Final
2026-02-25T02:15:56.558Z  INFO 66466 --- [facade] [           main] o.h.c.internal.RegionFactoryInitiator    : HHH000026: Second-level cache disabled
2026-02-25T02:16:09.415Z  INFO 66466 --- [facade] [           main] o.s.o.j.p.SpringPersistenceUnitInfo      : No LoadTimeWeaver setup: ignoring JPA class transformer
2026-02-25T02:16:10.828Z  INFO 66466 --- [facade] [           main] com.zaxxer.hikari.HikariDataSource       : HikariPool-1 - Starting...
2026-02-25T02:16:13.113Z  WARN 66466 --- [facade] [           main] o.h.engine.jdbc.spi.SqlExceptionHelper   : SQL Error: -1301, SQLState: 08001
2026-02-25T02:16:13.114Z ERROR 66466 --- [facade] [           main] o.h.engine.jdbc.spi.SqlExceptionHelper   : java.net.ConnectException: Connection refused
2026-02-25T02:16:13.131Z  WARN 66466 --- [facade] [           main] o.h.e.j.e.i.JdbcEnvironmentInitiator     : HHH000342: Could not obtain connection to query metadata

org.hibernate.exception.JDBCConnectionException: unable to obtain isolated JDBC connection [java.net.ConnectException: Connection refused] [n/a]
	at org.hibernate.exception.internal.SQLStateConversionDelegate.convert(SQLStateConversionDelegate.java:100) ~[hibernate-core-6.6.42.Final.jar:6.6.42.Final]
	at org.hibernate.exception.internal.StandardSQLExceptionConverter.convert(StandardSQLExceptionConverter.java:58) ~[hibernate-core-6.6.42.Final.jar:6.6.42.Final]
	at org.hibernate.engine.jdbc.spi.SqlExceptionHelper.convert(SqlExceptionHelper.java:108) ~[hibernate-core-6.6.42.Final.jar:6.6.42.Final]
	at org.hibernate.engine.jdbc.spi.SqlExceptionHelper.convert(SqlExceptionHelper.java:94) ~[hibernate-core-6.6.42.Final.jar:6.6.42.Final]
	at org.hibernate.resource.transaction.backend.jdbc.internal.JdbcIsolationDelegate.delegateWork(JdbcIsolationDelegate.java:116) ~[hibernate-core-6.6.42.Final.jar:6.6.42.Final]
	at org.hibernate.engine.jdbc.env.internal.JdbcEnvironmentInitiator.getJdbcEnvironmentUsingJdbcMetadata(JdbcEnvironmentInitiator.java:334) ~[hibernate-core-6.6.42.Final.jar:6.6.42.Final]
	at org.hibernate.engine.jdbc.env.internal.JdbcEnvironmentInitiator.initiateService(JdbcEnvironmentInitiator.java:129) ~[hibernate-core-6.6.42.Final.jar:6.6.42.Final]
	at org.hibernate.engine.jdbc.env.internal.JdbcEnvironmentInitiator.initiateService(JdbcEnvironmentInitiator.java:81) ~[hibernate-core-6.6.42.Final.jar:6.6.42.Final]
	at org.hibernate.boot.registry.internal.StandardServiceRegistryImpl.initiateService(StandardServiceRegistryImpl.java:130) ~[hibernate-core-6.6.42.Final.jar:6.6.42.Final]
	at org.hibernate.service.internal.AbstractServiceRegistryImpl.createService(AbstractServiceRegistryImpl.java:263) ~[hibernate-core-6.6.42.Final.jar:6.6.42.Final]
	at org.hibernate.service.internal.AbstractServiceRegistryImpl.initializeService(AbstractServiceRegistryImpl.java:238) ~[hibernate-core-6.6.42.Final.jar:6.6.42.Final]
	at org.hibernate.service.internal.AbstractServiceRegistryImpl.getService(AbstractServiceRegistryImpl.java:215) ~[hibernate-core-6.6.42.Final.jar:6.6.42.Final]
	at org.hibernate.boot.model.relational.Database.<init>(Database.java:45) ~[hibernate-core-6.6.42.Final.jar:6.6.42.Final]
	at org.hibernate.boot.internal.InFlightMetadataCollectorImpl.getDatabase(InFlightMetadataCollectorImpl.java:226) ~[hibernate-core-6.6.42.Final.jar:6.6.42.Final]
	at org.hibernate.boot.internal.InFlightMetadataCollectorImpl.<init>(InFlightMetadataCollectorImpl.java:194) ~[hibernate-core-6.6.42.Final.jar:6.6.42.Final]
	at org.hibernate.boot.model.process.spi.MetadataBuildingProcess.complete(MetadataBuildingProcess.java:171) ~[hibernate-core-6.6.42.Final.jar:6.6.42.Final]
	at org.hibernate.jpa.boot.internal.EntityManagerFactoryBuilderImpl.metadata(EntityManagerFactoryBuilderImpl.java:1442) ~[hibernate-core-6.6.42.Final.jar:6.6.42.Final]
	at org.hibernate.jpa.boot.internal.EntityManagerFactoryBuilderImpl.build(EntityManagerFactoryBuilderImpl.java:1513) ~[hibernate-core-6.6.42.Final.jar:6.6.42.Final]
	at org.springframework.orm.jpa.vendor.SpringHibernateJpaPersistenceProvider.createContainerEntityManagerFactory(SpringHibernateJpaPersistenceProvider.java:66) ~[spring-orm-6.2.16.jar:6.2.16]
	at org.springframework.orm.jpa.LocalContainerEntityManagerFactoryBean.createNativeEntityManagerFactory(LocalContainerEntityManagerFactoryBean.java:388) ~[spring-orm-6.2.16.jar:6.2.16]
	at org.springframework.orm.jpa.AbstractEntityManagerFactoryBean.buildNativeEntityManagerFactory(AbstractEntityManagerFactoryBean.java:419) ~[spring-orm-6.2.16.jar:6.2.16]
	at org.springframework.orm.jpa.AbstractEntityManagerFactoryBean.afterPropertiesSet(AbstractEntityManagerFactoryBean.java:400) ~[spring-orm-6.2.16.jar:6.2.16]
	at org.springframework.orm.jpa.LocalContainerEntityManagerFactoryBean.afterPropertiesSet(LocalContainerEntityManagerFactoryBean.java:364) ~[spring-orm-6.2.16.jar:6.2.16]
	at org.springframework.beans.factory.support.AbstractAutowireCapableBeanFactory.invokeInitMethods(AbstractAutowireCapableBeanFactory.java:1873) ~[spring-beans-6.2.16.jar:6.2.16]
	at org.springframework.beans.factory.support.AbstractAutowireCapableBeanFactory.initializeBean(AbstractAutowireCapableBeanFactory.java:1822) ~[spring-beans-6.2.16.jar:6.2.16]
	at org.springframework.beans.factory.support.AbstractAutowireCapableBeanFactory.doCreateBean(AbstractAutowireCapableBeanFactory.java:607) ~[spring-beans-6.2.16.jar:6.2.16]
	at org.springframework.beans.factory.support.AbstractAutowireCapableBeanFactory.createBean(AbstractAutowireCapableBeanFactory.java:529) ~[spring-beans-6.2.16.jar:6.2.16]
	at org.springframework.beans.factory.support.AbstractBeanFactory.lambda$doGetBean$0(AbstractBeanFactory.java:339) ~[spring-beans-6.2.16.jar:6.2.16]
	at org.springframework.beans.factory.support.DefaultSingletonBeanRegistry.getSingleton(DefaultSingletonBeanRegistry.java:373) ~[spring-beans-6.2.16.jar:6.2.16]
	at org.springframework.beans.factory.support.AbstractBeanFactory.doGetBean(AbstractBeanFactory.java:337) ~[spring-beans-6.2.16.jar:6.2.16]
	at org.springframework.beans.factory.support.AbstractBeanFactory.getBean(AbstractBeanFactory.java:207) ~[spring-beans-6.2.16.jar:6.2.16]
	at org.springframework.context.support.AbstractApplicationContext.finishBeanFactoryInitialization(AbstractApplicationContext.java:974) ~[spring-context-6.2.16.jar:6.2.16]
	at org.springframework.context.support.AbstractApplicationContext.refresh(AbstractApplicationContext.java:628) ~[spring-context-6.2.16.jar:6.2.16]
	at org.springframework.boot.web.servlet.context.ServletWebServerApplicationContext.refresh(ServletWebServerApplicationContext.java:146) ~[spring-boot-3.5.11.jar:3.5.11]
	at org.springframework.boot.SpringApplication.refresh(SpringApplication.java:752) ~[spring-boot-3.5.11.jar:3.5.11]
	at org.springframework.boot.SpringApplication.refreshContext(SpringApplication.java:439) ~[spring-boot-3.5.11.jar:3.5.11]
	at org.springframework.boot.SpringApplication.run(SpringApplication.java:318) ~[spring-boot-3.5.11.jar:3.5.11]
	at org.springframework.boot.web.servlet.support.SpringBootServletInitializer.run(SpringBootServletInitializer.java:194) ~[spring-boot-3.5.11.jar:3.5.11]
	at org.springframework.boot.web.servlet.support.SpringBootServletInitializer.createRootApplicationContext(SpringBootServletInitializer.java:174) ~[spring-boot-3.5.11.jar:3.5.11]
	at org.springframework.boot.web.servlet.support.SpringBootServletInitializer.onStartup(SpringBootServletInitializer.java:102) ~[spring-boot-3.5.11.jar:3.5.11]
	at org.springframework.web.SpringServletContainerInitializer.onStartup(SpringServletContainerInitializer.java:171) ~[spring-web-6.2.16.jar:6.2.16]
	at org.apache.catalina.core.StandardContext.startInternal(StandardContext.java:4393) ~[catalina.jar:11.0.1]
	at org.apache.catalina.util.LifecycleBase.start(LifecycleBase.java:164) ~[catalina.jar:11.0.1]
	at org.apache.catalina.core.ContainerBase.addChild(ContainerBase.java:566) ~[catalina.jar:11.0.1]
	at org.apache.catalina.core.StandardHost.addChild(StandardHost.java:653) ~[catalina.jar:11.0.1]
	at org.apache.catalina.startup.HostConfig.deployWAR(HostConfig.java:933) ~[catalina.jar:11.0.1]
	at org.apache.catalina.startup.HostConfig$DeployWar.run(HostConfig.java:1875) ~[catalina.jar:11.0.1]
	at java.base/java.util.concurrent.Executors$RunnableAdapter.call(Executors.java:539) ~[na:na]
	at java.base/java.util.concurrent.FutureTask.run(FutureTask.java:264) ~[na:na]
	at org.apache.tomcat.util.threads.InlineExecutorService.execute(InlineExecutorService.java:75) ~[tomcat-util.jar:11.0.1]
	at java.base/java.util.concurrent.AbstractExecutorService.submit(AbstractExecutorService.java:123) ~[na:na]
	at org.apache.catalina.startup.HostConfig.deployWARs(HostConfig.java:735) ~[catalina.jar:11.0.1]
	at org.apache.catalina.startup.HostConfig.deployApps(HostConfig.java:387) ~[catalina.jar:11.0.1]
	at org.apache.catalina.startup.HostConfig.start(HostConfig.java:1593) ~[catalina.jar:11.0.1]
	at org.apache.catalina.startup.HostConfig.lifecycleEvent(HostConfig.java:267) ~[catalina.jar:11.0.1]
	at org.apache.catalina.util.LifecycleBase.fireLifecycleEvent(LifecycleBase.java:109) ~[catalina.jar:11.0.1]
	at org.apache.catalina.util.LifecycleBase.setStateInternal(LifecycleBase.java:389) ~[catalina.jar:11.0.1]
	at org.apache.catalina.util.LifecycleBase.setState(LifecycleBase.java:336) ~[catalina.jar:11.0.1]
	at org.apache.catalina.core.ContainerBase.startInternal(ContainerBase.java:743) ~[catalina.jar:11.0.1]
	at org.apache.catalina.core.StandardHost.startInternal(StandardHost.java:771) ~[catalina.jar:11.0.1]
	at org.apache.catalina.util.LifecycleBase.start(LifecycleBase.java:164) ~[catalina.jar:11.0.1]
	at org.apache.catalina.core.ContainerBase$StartChild.call(ContainerBase.java:1170) ~[catalina.jar:11.0.1]
	at org.apache.catalina.core.ContainerBase$StartChild.call(ContainerBase.java:1160) ~[catalina.jar:11.0.1]
	at java.base/java.util.concurrent.FutureTask.run(FutureTask.java:264) ~[na:na]
	at org.apache.tomcat.util.threads.InlineExecutorService.execute(InlineExecutorService.java:75) ~[tomcat-util.jar:11.0.1]
	at java.base/java.util.concurrent.AbstractExecutorService.submit(AbstractExecutorService.java:145) ~[na:na]
	at org.apache.catalina.core.ContainerBase.startInternal(ContainerBase.java:716) ~[catalina.jar:11.0.1]
	at org.apache.catalina.core.StandardEngine.startInternal(StandardEngine.java:203) ~[catalina.jar:11.0.1]
	at org.apache.catalina.util.LifecycleBase.start(LifecycleBase.java:164) ~[catalina.jar:11.0.1]
	at org.apache.catalina.core.StandardService.startInternal(StandardService.java:415) ~[catalina.jar:11.0.1]
	at org.apache.catalina.util.LifecycleBase.start(LifecycleBase.java:164) ~[catalina.jar:11.0.1]
	at org.apache.catalina.core.StandardServer.startInternal(StandardServer.java:866) ~[catalina.jar:11.0.1]
	at org.apache.catalina.util.LifecycleBase.start(LifecycleBase.java:164) ~[catalina.jar:11.0.1]
	at org.apache.catalina.startup.Catalina.start(Catalina.java:755) ~[catalina.jar:11.0.1]
	at java.base/jdk.internal.reflect.NativeMethodAccessorImpl.invoke0(Native Method) ~[na:na]
	at java.base/jdk.internal.reflect.NativeMethodAccessorImpl.invoke(NativeMethodAccessorImpl.java:77) ~[na:na]
	at java.base/jdk.internal.reflect.DelegatingMethodAccessorImpl.invoke(DelegatingMethodAccessorImpl.java:43) ~[na:na]
	at java.base/java.lang.reflect.Method.invoke(Method.java:569) ~[na:na]
	at org.apache.catalina.startup.Bootstrap.start(Bootstrap.java:342) ~[bootstrap.jar:11.0.1]
	at org.apache.catalina.startup.Bootstrap.main(Bootstrap.java:470) ~[bootstrap.jar:11.0.1]
Caused by: java.sql.SQLTransientConnectionException: java.net.ConnectException: Connection refused
	at org.hsqldb.jdbc.JDBCUtil.sqlException(Unknown Source) ~[hsqldb-2.7.3.jar:2.7.3]
	at org.hsqldb.jdbc.JDBCUtil.sqlException(Unknown Source) ~[hsqldb-2.7.3.jar:2.7.3]
	at org.hsqldb.jdbc.JDBCConnection.<init>(Unknown Source) ~[hsqldb-2.7.3.jar:2.7.3]
	at org.hsqldb.jdbc.JDBCDriver$1.run(Unknown Source) ~[hsqldb-2.7.3.jar:2.7.3]
Caused by: org.hsqldb.HsqlException: java.net.ConnectException: Connection refused
	at org.hsqldb.ClientConnection.openConnection(Unknown Source) ~[hsqldb-2.7.3.jar:2.7.3]
	at org.hsqldb.ClientConnection.initConnection(Unknown Source) ~[hsqldb-2.7.3.jar:2.7.3]
	at org.hsqldb.ClientConnection.<init>(Unknown Source) ~[hsqldb-2.7.3.jar:2.7.3]
	... 2 common frames omitted
Caused by: java.net.ConnectException: Connection refused
	at java.base/sun.nio.ch.Net.connect0(Native Method) ~[na:na]
	at java.base/sun.nio.ch.Net.connect(Net.java:591) ~[na:na]
	at java.base/sun.nio.ch.Net.connect(Net.java:580) ~[na:na]
	at java.base/sun.nio.ch.NioSocketImpl.connect(NioSocketImpl.java:593) ~[na:na]
	at java.base/java.net.SocksSocketImpl.connect(SocksSocketImpl.java:327) ~[na:na]
	at java.base/java.net.Socket.connect(Socket.java:633) ~[na:na]
	at java.base/java.net.Socket.connect(Socket.java:583) ~[na:na]
	at java.base/java.net.Socket.<init>(Socket.java:507) ~[na:na]
	at java.base/java.net.Socket.<init>(Socket.java:287) ~[na:na]
	at org.hsqldb.server.HsqlSocketFactory.createSocket(Unknown Source) ~[hsqldb-2.7.3.jar:2.7.3]
	... 5 common frames omitted

2026-02-25T02:16:14.167Z  WARN 66466 --- [facade] [           main] org.hibernate.orm.deprecation            : HHH90000025: HSQLDialect does not need to be specified explicitly using 'hibernate.dialect' (remove the property setting and it will be selected by default)
2026-02-25T02:16:14.739Z  INFO 66466 --- [facade] [           main] org.hibernate.orm.connections.pooling    : HHH10001005: Database info:
	Database JDBC URL [Connecting through datasource 'HikariDataSource (null)']
	Database driver: undefined/unknown
	Database version: 2.6.1
	Autocommit mode: undefined/unknown
	Isolation level: undefined/unknown
	Minimum pool size: undefined/unknown
	Maximum pool size: undefined/unknown
2026-02-25T02:16:26.205Z  INFO 66466 --- [facade] [           main] o.h.e.t.j.p.i.JtaPlatformInitiator       : HHH000489: No JTA platform available (set 'hibernate.transaction.jta.platform' to enable JTA platform integration)
2026-02-25T02:16:26.460Z  INFO 66466 --- [facade] [           main] j.LocalContainerEntityManagerFactoryBean : Initialized JPA EntityManagerFactory for persistence unit 'default'
2026-02-25T02:16:27.819Z  WARN 66466 --- [facade] [           main] JpaBaseConfiguration$JpaWebConfiguration : spring.jpa.open-in-view is enabled by default. Therefore, database queries may be performed during view rendering. Explicitly configure spring.jpa.open-in-view to disable this warning
2026-02-25T02:16:36.470Z  INFO 66466 --- [facade] [           main] war.ServletInitializer                   : Started ServletInitializer in 82.789 seconds (process running for 249.23)
25-Feb-2026 02:16:36.661 INFO [main] org.apache.catalina.startup.HostConfig.deployWAR Deployment of web application archive [/mnt/c/Users/abdel/Documents/Code/AW/TP3/TP3/apache-tomcat-11.0.1/webapps/facade.war] has finished in [171,677] ms
25-Feb-2026 02:16:36.672 INFO [main] org.apache.catalina.startup.HostConfig.deployDirectory Deploying web application directory [/mnt/c/Users/abdel/Documents/Code/AW/TP3/TP3/apache-tomcat-11.0.1/webapps/docs]
25-Feb-2026 02:16:37.389 INFO [main] org.apache.catalina.startup.HostConfig.deployDirectory Deployment of web application directory [/mnt/c/Users/abdel/Documents/Code/AW/TP3/TP3/apache-tomcat-11.0.1/webapps/docs] has finished in [717] ms
25-Feb-2026 02:16:37.392 INFO [main] org.apache.catalina.startup.HostConfig.deployDirectory Deploying web application directory [/mnt/c/Users/abdel/Documents/Code/AW/TP3/TP3/apache-tomcat-11.0.1/webapps/examples]
25-Feb-2026 02:16:45.947 INFO [main] org.apache.catalina.startup.HostConfig.deployDirectory Deployment of web application directory [/mnt/c/Users/abdel/Documents/Code/AW/TP3/TP3/apache-tomcat-11.0.1/webapps/examples] has finished in [8,555] ms
25-Feb-2026 02:16:45.956 INFO [main] org.apache.catalina.startup.HostConfig.deployDirectory Deploying web application directory [/mnt/c/Users/abdel/Documents/Code/AW/TP3/TP3/apache-tomcat-11.0.1/webapps/host-manager]
25-Feb-2026 02:16:46.783 INFO [main] org.apache.catalina.startup.HostConfig.deployDirectory Deployment of web application directory [/mnt/c/Users/abdel/Documents/Code/AW/TP3/TP3/apache-tomcat-11.0.1/webapps/host-manager] has finished in [827] ms
25-Feb-2026 02:16:46.786 INFO [main] org.apache.catalina.startup.HostConfig.deployDirectory Deploying web application directory [/mnt/c/Users/abdel/Documents/Code/AW/TP3/TP3/apache-tomcat-11.0.1/webapps/manager]
25-Feb-2026 02:16:47.646 INFO [main] org.apache.catalina.startup.HostConfig.deployDirectory Deployment of web application directory [/mnt/c/Users/abdel/Documents/Code/AW/TP3/TP3/apache-tomcat-11.0.1/webapps/manager] has finished in [860] ms
25-Feb-2026 02:16:47.649 INFO [main] org.apache.catalina.startup.HostConfig.deployDirectory Deploying web application directory [/mnt/c/Users/abdel/Documents/Code/AW/TP3/TP3/apache-tomcat-11.0.1/webapps/ROOT]
25-Feb-2026 02:16:48.191 INFO [main] org.apache.catalina.startup.HostConfig.deployDirectory Deployment of web application directory [/mnt/c/Users/abdel/Documents/Code/AW/TP3/TP3/apache-tomcat-11.0.1/webapps/ROOT] has finished in [542] ms
25-Feb-2026 02:16:48.206 INFO [main] org.apache.coyote.AbstractProtocol.start Starting ProtocolHandler ["http-nio-8080"]
25-Feb-2026 02:16:48.250 INFO [main] org.apache.catalina.startup.Catalina.start Server startup in [258475] milliseconds
25-Feb-2026 02:25:51.108 INFO [Catalina-utility-1] org.apache.catalina.startup.HostConfig.undeploy Undeploying context [/Annuaire]
25-Feb-2026 02:25:53.219 INFO [Catalina-utility-1] org.apache.catalina.startup.HostConfig.deployWAR Deploying web application archive [/mnt/c/Users/abdel/Documents/Code/AW/TP3/TP3/apache-tomcat-11.0.1/webapps/Annuaire.war]
25-Feb-2026 02:26:57.294 INFO [main] org.apache.catalina.startup.VersionLoggerListener.log Server version name:   Apache Tomcat/11.0.1
25-Feb-2026 02:26:57.304 INFO [main] org.apache.catalina.startup.VersionLoggerListener.log Server built:          Nov 6 2024 19:08:24 UTC
25-Feb-2026 02:26:57.305 INFO [main] org.apache.catalina.startup.VersionLoggerListener.log Server version number: 11.0.1.0
25-Feb-2026 02:26:57.306 INFO [main] org.apache.catalina.startup.VersionLoggerListener.log OS Name:               Linux
25-Feb-2026 02:26:57.307 INFO [main] org.apache.catalina.startup.VersionLoggerListener.log OS Version:            6.6.87.2-microsoft-standard-WSL2
25-Feb-2026 02:26:57.307 INFO [main] org.apache.catalina.startup.VersionLoggerListener.log Architecture:          amd64
25-Feb-2026 02:26:57.308 INFO [main] org.apache.catalina.startup.VersionLoggerListener.log Java Home:             /usr/lib/jvm/java-17-openjdk-amd64
25-Feb-2026 02:26:57.309 INFO [main] org.apache.catalina.startup.VersionLoggerListener.log JVM Version:           17.0.18+8-Ubuntu-124.04.1
25-Feb-2026 02:26:57.309 INFO [main] org.apache.catalina.startup.VersionLoggerListener.log JVM Vendor:            Ubuntu
25-Feb-2026 02:26:57.310 INFO [main] org.apache.catalina.startup.VersionLoggerListener.log CATALINA_BASE:         /mnt/c/Users/abdel/Documents/Code/AW/TP3/TP3/apache-tomcat-11.0.1
25-Feb-2026 02:26:57.310 INFO [main] org.apache.catalina.startup.VersionLoggerListener.log CATALINA_HOME:         /mnt/c/Users/abdel/Documents/Code/AW/TP3/TP3/apache-tomcat-11.0.1
25-Feb-2026 02:26:57.323 INFO [main] org.apache.catalina.startup.VersionLoggerListener.log Command line argument: -Djava.util.logging.config.file=/mnt/c/Users/abdel/Documents/Code/AW/TP3/TP3/apache-tomcat-11.0.1/conf/logging.properties
25-Feb-2026 02:26:57.324 INFO [main] org.apache.catalina.startup.VersionLoggerListener.log Command line argument: -Djava.util.logging.manager=org.apache.juli.ClassLoaderLogManager
25-Feb-2026 02:26:57.325 INFO [main] org.apache.catalina.startup.VersionLoggerListener.log Command line argument: -Djdk.tls.ephemeralDHKeySize=2048
25-Feb-2026 02:26:57.325 INFO [main] org.apache.catalina.startup.VersionLoggerListener.log Command line argument: -Dorg.apache.catalina.security.SecurityListener.UMASK=0027
25-Feb-2026 02:26:57.326 INFO [main] org.apache.catalina.startup.VersionLoggerListener.log Command line argument: --add-opens=java.base/java.lang=ALL-UNNAMED
25-Feb-2026 02:26:57.326 INFO [main] org.apache.catalina.startup.VersionLoggerListener.log Command line argument: --add-opens=java.base/java.io=ALL-UNNAMED
25-Feb-2026 02:26:57.327 INFO [main] org.apache.catalina.startup.VersionLoggerListener.log Command line argument: --add-opens=java.base/java.util=ALL-UNNAMED
25-Feb-2026 02:26:57.328 INFO [main] org.apache.catalina.startup.VersionLoggerListener.log Command line argument: --add-opens=java.base/java.util.concurrent=ALL-UNNAMED
25-Feb-2026 02:26:57.329 INFO [main] org.apache.catalina.startup.VersionLoggerListener.log Command line argument: --add-opens=java.rmi/sun.rmi.transport=ALL-UNNAMED
25-Feb-2026 02:26:57.329 INFO [main] org.apache.catalina.startup.VersionLoggerListener.log Command line argument: --enable-native-access=ALL-UNNAMED
25-Feb-2026 02:26:57.330 INFO [main] org.apache.catalina.startup.VersionLoggerListener.log Command line argument: -Dcatalina.base=/mnt/c/Users/abdel/Documents/Code/AW/TP3/TP3/apache-tomcat-11.0.1
25-Feb-2026 02:26:57.331 INFO [main] org.apache.catalina.startup.VersionLoggerListener.log Command line argument: -Dcatalina.home=/mnt/c/Users/abdel/Documents/Code/AW/TP3/TP3/apache-tomcat-11.0.1
25-Feb-2026 02:26:57.332 INFO [main] org.apache.catalina.startup.VersionLoggerListener.log Command line argument: -Djava.io.tmpdir=/mnt/c/Users/abdel/Documents/Code/AW/TP3/TP3/apache-tomcat-11.0.1/temp
25-Feb-2026 02:26:57.339 INFO [main] org.apache.catalina.core.AprLifecycleListener.lifecycleEvent The Apache Tomcat Native library which allows using OpenSSL was not found on the java.library.path: [/usr/java/packages/lib:/usr/lib/x86_64-linux-gnu/jni:/lib/x86_64-linux-gnu:/usr/lib/x86_64-linux-gnu:/usr/lib/jni:/lib:/usr/lib]
25-Feb-2026 02:26:57.923 INFO [main] org.apache.coyote.AbstractProtocol.init Initializing ProtocolHandler ["http-nio-8080"]
25-Feb-2026 02:26:57.999 INFO [main] org.apache.catalina.startup.Catalina.load Server initialization in [1406] milliseconds
25-Feb-2026 02:26:58.113 INFO [main] org.apache.catalina.core.StandardService.startInternal Starting service [Catalina]
25-Feb-2026 02:26:58.114 INFO [main] org.apache.catalina.core.StandardEngine.startInternal Starting Servlet engine: [Apache Tomcat/11.0.1]
25-Feb-2026 02:26:58.215 INFO [main] org.apache.catalina.startup.HostConfig.deployWAR Deploying web application archive [/mnt/c/Users/abdel/Documents/Code/AW/TP3/TP3/apache-tomcat-11.0.1/webapps/Annuaire.war]
25-Feb-2026 02:26:58.318 INFO [main] org.apache.catalina.startup.ExpandWar.expand An expanded directory [/mnt/c/Users/abdel/Documents/Code/AW/TP3/TP3/apache-tomcat-11.0.1/webapps/Annuaire] was found with a last modified time that did not match the associated WAR. It will be deleted.
25-Feb-2026 02:28:03.697 INFO [main] org.apache.jasper.servlet.TldScanner.scanJars At least one JAR was scanned for TLDs yet contained no TLDs. Enable debug logging for this logger for a complete list of JARs that were scanned but no TLDs were found in them. Skipping unneeded JARs during scanning can improve startup time and JSP compilation time.
25-Feb-2026 02:28:03.990 INFO [main] org.apache.catalina.startup.HostConfig.deployWAR Deployment of web application archive [/mnt/c/Users/abdel/Documents/Code/AW/TP3/TP3/apache-tomcat-11.0.1/webapps/Annuaire.war] has finished in [65,774] ms
25-Feb-2026 02:28:04.009 INFO [main] org.apache.catalina.startup.HostConfig.deployWAR Deploying web application archive [/mnt/c/Users/abdel/Documents/Code/AW/TP3/TP3/apache-tomcat-11.0.1/webapps/facade.war]
25-Feb-2026 02:28:04.063 INFO [main] org.apache.catalina.startup.ExpandWar.expand An expanded directory [/mnt/c/Users/abdel/Documents/Code/AW/TP3/TP3/apache-tomcat-11.0.1/webapps/facade] was found with a last modified time that did not match the associated WAR. It will be deleted.
25-Feb-2026 02:29:21.411 INFO [main] org.apache.jasper.servlet.TldScanner.scanJars At least one JAR was scanned for TLDs yet contained no TLDs. Enable debug logging for this logger for a complete list of JARs that were scanned but no TLDs were found in them. Skipping unneeded JARs during scanning can improve startup time and JSP compilation time.

  .   ____          _            __ _ _
 /\\ / ___'_ __ _ _(_)_ __  __ _ \ \ \ \
( ( )\___ | '_ | '_| | '_ \/ _` | \ \ \ \
 \\/  ___)| |_)| | | | | || (_| |  ) ) ) )
  '  |____| .__|_| |_|_| |_\__, | / / / /
 =========|_|==============|___/=/_/_/_/

 :: Spring Boot ::               (v3.5.11)

2026-02-25T02:29:37.401Z  INFO 69901 --- [facade] [           main] war.ServletInitializer                   : Starting ServletInitializer v0.0.1-SNAPSHOT using Java 17.0.18 with PID 69901 (/mnt/c/Users/abdel/Documents/Code/AW/TP3/TP3/apache-tomcat-11.0.1/webapps/facade/WEB-INF/classes started by toad in /mnt/c/Users/abdel/Documents/Code/AW/TP3/TP3)
2026-02-25T02:29:37.438Z  INFO 69901 --- [facade] [           main] war.ServletInitializer                   : No active profile set, falling back to 1 default profile: "default"
2026-02-25T02:29:52.931Z  INFO 69901 --- [facade] [           main] .s.d.r.c.RepositoryConfigurationDelegate : Bootstrapping Spring Data JPA repositories in DEFAULT mode.
2026-02-25T02:29:53.542Z  INFO 69901 --- [facade] [           main] .s.d.r.c.RepositoryConfigurationDelegate : Finished Spring Data repository scanning in 339 ms. Found 0 JPA repository interfaces.
2026-02-25T02:29:58.835Z  INFO 69901 --- [facade] [           main] w.s.c.ServletWebServerApplicationContext : Root WebApplicationContext: initialization completed in 20728 ms
2026-02-25T02:30:03.341Z  INFO 69901 --- [facade] [           main] o.hibernate.jpa.internal.util.LogHelper  : HHH000204: Processing PersistenceUnitInfo [name: default]
2026-02-25T02:30:06.239Z  INFO 69901 --- [facade] [           main] org.hibernate.Version                    : HHH000412: Hibernate ORM core version 6.6.42.Final
2026-02-25T02:30:07.523Z  INFO 69901 --- [facade] [           main] o.h.c.internal.RegionFactoryInitiator    : HHH000026: Second-level cache disabled
2026-02-25T02:30:19.409Z  INFO 69901 --- [facade] [           main] o.s.o.j.p.SpringPersistenceUnitInfo      : No LoadTimeWeaver setup: ignoring JPA class transformer
2026-02-25T02:30:20.697Z  INFO 69901 --- [facade] [           main] com.zaxxer.hikari.HikariDataSource       : HikariPool-1 - Starting...
2026-02-25T02:30:23.041Z  WARN 69901 --- [facade] [           main] o.h.engine.jdbc.spi.SqlExceptionHelper   : SQL Error: -1301, SQLState: 08001
2026-02-25T02:30:23.043Z ERROR 69901 --- [facade] [           main] o.h.engine.jdbc.spi.SqlExceptionHelper   : java.net.ConnectException: Connection refused
2026-02-25T02:30:23.059Z  WARN 69901 --- [facade] [           main] o.h.e.j.e.i.JdbcEnvironmentInitiator     : HHH000342: Could not obtain connection to query metadata

org.hibernate.exception.JDBCConnectionException: unable to obtain isolated JDBC connection [java.net.ConnectException: Connection refused] [n/a]
	at org.hibernate.exception.internal.SQLStateConversionDelegate.convert(SQLStateConversionDelegate.java:100) ~[hibernate-core-6.6.42.Final.jar:6.6.42.Final]
	at org.hibernate.exception.internal.StandardSQLExceptionConverter.convert(StandardSQLExceptionConverter.java:58) ~[hibernate-core-6.6.42.Final.jar:6.6.42.Final]
	at org.hibernate.engine.jdbc.spi.SqlExceptionHelper.convert(SqlExceptionHelper.java:108) ~[hibernate-core-6.6.42.Final.jar:6.6.42.Final]
	at org.hibernate.engine.jdbc.spi.SqlExceptionHelper.convert(SqlExceptionHelper.java:94) ~[hibernate-core-6.6.42.Final.jar:6.6.42.Final]
	at org.hibernate.resource.transaction.backend.jdbc.internal.JdbcIsolationDelegate.delegateWork(JdbcIsolationDelegate.java:116) ~[hibernate-core-6.6.42.Final.jar:6.6.42.Final]
	at org.hibernate.engine.jdbc.env.internal.JdbcEnvironmentInitiator.getJdbcEnvironmentUsingJdbcMetadata(JdbcEnvironmentInitiator.java:334) ~[hibernate-core-6.6.42.Final.jar:6.6.42.Final]
	at org.hibernate.engine.jdbc.env.internal.JdbcEnvironmentInitiator.initiateService(JdbcEnvironmentInitiator.java:129) ~[hibernate-core-6.6.42.Final.jar:6.6.42.Final]
	at org.hibernate.engine.jdbc.env.internal.JdbcEnvironmentInitiator.initiateService(JdbcEnvironmentInitiator.java:81) ~[hibernate-core-6.6.42.Final.jar:6.6.42.Final]
	at org.hibernate.boot.registry.internal.StandardServiceRegistryImpl.initiateService(StandardServiceRegistryImpl.java:130) ~[hibernate-core-6.6.42.Final.jar:6.6.42.Final]
	at org.hibernate.service.internal.AbstractServiceRegistryImpl.createService(AbstractServiceRegistryImpl.java:263) ~[hibernate-core-6.6.42.Final.jar:6.6.42.Final]
	at org.hibernate.service.internal.AbstractServiceRegistryImpl.initializeService(AbstractServiceRegistryImpl.java:238) ~[hibernate-core-6.6.42.Final.jar:6.6.42.Final]
	at org.hibernate.service.internal.AbstractServiceRegistryImpl.getService(AbstractServiceRegistryImpl.java:215) ~[hibernate-core-6.6.42.Final.jar:6.6.42.Final]
	at org.hibernate.boot.model.relational.Database.<init>(Database.java:45) ~[hibernate-core-6.6.42.Final.jar:6.6.42.Final]
	at org.hibernate.boot.internal.InFlightMetadataCollectorImpl.getDatabase(InFlightMetadataCollectorImpl.java:226) ~[hibernate-core-6.6.42.Final.jar:6.6.42.Final]
	at org.hibernate.boot.internal.InFlightMetadataCollectorImpl.<init>(InFlightMetadataCollectorImpl.java:194) ~[hibernate-core-6.6.42.Final.jar:6.6.42.Final]
	at org.hibernate.boot.model.process.spi.MetadataBuildingProcess.complete(MetadataBuildingProcess.java:171) ~[hibernate-core-6.6.42.Final.jar:6.6.42.Final]
	at org.hibernate.jpa.boot.internal.EntityManagerFactoryBuilderImpl.metadata(EntityManagerFactoryBuilderImpl.java:1442) ~[hibernate-core-6.6.42.Final.jar:6.6.42.Final]
	at org.hibernate.jpa.boot.internal.EntityManagerFactoryBuilderImpl.build(EntityManagerFactoryBuilderImpl.java:1513) ~[hibernate-core-6.6.42.Final.jar:6.6.42.Final]
	at org.springframework.orm.jpa.vendor.SpringHibernateJpaPersistenceProvider.createContainerEntityManagerFactory(SpringHibernateJpaPersistenceProvider.java:66) ~[spring-orm-6.2.16.jar:6.2.16]
	at org.springframework.orm.jpa.LocalContainerEntityManagerFactoryBean.createNativeEntityManagerFactory(LocalContainerEntityManagerFactoryBean.java:388) ~[spring-orm-6.2.16.jar:6.2.16]
	at org.springframework.orm.jpa.AbstractEntityManagerFactoryBean.buildNativeEntityManagerFactory(AbstractEntityManagerFactoryBean.java:419) ~[spring-orm-6.2.16.jar:6.2.16]
	at org.springframework.orm.jpa.AbstractEntityManagerFactoryBean.afterPropertiesSet(AbstractEntityManagerFactoryBean.java:400) ~[spring-orm-6.2.16.jar:6.2.16]
	at org.springframework.orm.jpa.LocalContainerEntityManagerFactoryBean.afterPropertiesSet(LocalContainerEntityManagerFactoryBean.java:364) ~[spring-orm-6.2.16.jar:6.2.16]
	at org.springframework.beans.factory.support.AbstractAutowireCapableBeanFactory.invokeInitMethods(AbstractAutowireCapableBeanFactory.java:1873) ~[spring-beans-6.2.16.jar:6.2.16]
	at org.springframework.beans.factory.support.AbstractAutowireCapableBeanFactory.initializeBean(AbstractAutowireCapableBeanFactory.java:1822) ~[spring-beans-6.2.16.jar:6.2.16]
	at org.springframework.beans.factory.support.AbstractAutowireCapableBeanFactory.doCreateBean(AbstractAutowireCapableBeanFactory.java:607) ~[spring-beans-6.2.16.jar:6.2.16]
	at org.springframework.beans.factory.support.AbstractAutowireCapableBeanFactory.createBean(AbstractAutowireCapableBeanFactory.java:529) ~[spring-beans-6.2.16.jar:6.2.16]
	at org.springframework.beans.factory.support.AbstractBeanFactory.lambda$doGetBean$0(AbstractBeanFactory.java:339) ~[spring-beans-6.2.16.jar:6.2.16]
	at org.springframework.beans.factory.support.DefaultSingletonBeanRegistry.getSingleton(DefaultSingletonBeanRegistry.java:373) ~[spring-beans-6.2.16.jar:6.2.16]
	at org.springframework.beans.factory.support.AbstractBeanFactory.doGetBean(AbstractBeanFactory.java:337) ~[spring-beans-6.2.16.jar:6.2.16]
	at org.springframework.beans.factory.support.AbstractBeanFactory.getBean(AbstractBeanFactory.java:207) ~[spring-beans-6.2.16.jar:6.2.16]
	at org.springframework.context.support.AbstractApplicationContext.finishBeanFactoryInitialization(AbstractApplicationContext.java:974) ~[spring-context-6.2.16.jar:6.2.16]
	at org.springframework.context.support.AbstractApplicationContext.refresh(AbstractApplicationContext.java:628) ~[spring-context-6.2.16.jar:6.2.16]
	at org.springframework.boot.web.servlet.context.ServletWebServerApplicationContext.refresh(ServletWebServerApplicationContext.java:146) ~[spring-boot-3.5.11.jar:3.5.11]
	at org.springframework.boot.SpringApplication.refresh(SpringApplication.java:752) ~[spring-boot-3.5.11.jar:3.5.11]
	at org.springframework.boot.SpringApplication.refreshContext(SpringApplication.java:439) ~[spring-boot-3.5.11.jar:3.5.11]
	at org.springframework.boot.SpringApplication.run(SpringApplication.java:318) ~[spring-boot-3.5.11.jar:3.5.11]
	at org.springframework.boot.web.servlet.support.SpringBootServletInitializer.run(SpringBootServletInitializer.java:194) ~[spring-boot-3.5.11.jar:3.5.11]
	at org.springframework.boot.web.servlet.support.SpringBootServletInitializer.createRootApplicationContext(SpringBootServletInitializer.java:174) ~[spring-boot-3.5.11.jar:3.5.11]
	at org.springframework.boot.web.servlet.support.SpringBootServletInitializer.onStartup(SpringBootServletInitializer.java:102) ~[spring-boot-3.5.11.jar:3.5.11]
	at org.springframework.web.SpringServletContainerInitializer.onStartup(SpringServletContainerInitializer.java:171) ~[spring-web-6.2.16.jar:6.2.16]
	at org.apache.catalina.core.StandardContext.startInternal(StandardContext.java:4393) ~[catalina.jar:11.0.1]
	at org.apache.catalina.util.LifecycleBase.start(LifecycleBase.java:164) ~[catalina.jar:11.0.1]
	at org.apache.catalina.core.ContainerBase.addChild(ContainerBase.java:566) ~[catalina.jar:11.0.1]
	at org.apache.catalina.core.StandardHost.addChild(StandardHost.java:653) ~[catalina.jar:11.0.1]
	at org.apache.catalina.startup.HostConfig.deployWAR(HostConfig.java:933) ~[catalina.jar:11.0.1]
	at org.apache.catalina.startup.HostConfig$DeployWar.run(HostConfig.java:1875) ~[catalina.jar:11.0.1]
	at java.base/java.util.concurrent.Executors$RunnableAdapter.call(Executors.java:539) ~[na:na]
	at java.base/java.util.concurrent.FutureTask.run(FutureTask.java:264) ~[na:na]
	at org.apache.tomcat.util.threads.InlineExecutorService.execute(InlineExecutorService.java:75) ~[tomcat-util.jar:11.0.1]
	at java.base/java.util.concurrent.AbstractExecutorService.submit(AbstractExecutorService.java:123) ~[na:na]
	at org.apache.catalina.startup.HostConfig.deployWARs(HostConfig.java:735) ~[catalina.jar:11.0.1]
	at org.apache.catalina.startup.HostConfig.deployApps(HostConfig.java:387) ~[catalina.jar:11.0.1]
	at org.apache.catalina.startup.HostConfig.start(HostConfig.java:1593) ~[catalina.jar:11.0.1]
	at org.apache.catalina.startup.HostConfig.lifecycleEvent(HostConfig.java:267) ~[catalina.jar:11.0.1]
	at org.apache.catalina.util.LifecycleBase.fireLifecycleEvent(LifecycleBase.java:109) ~[catalina.jar:11.0.1]
	at org.apache.catalina.util.LifecycleBase.setStateInternal(LifecycleBase.java:389) ~[catalina.jar:11.0.1]
	at org.apache.catalina.util.LifecycleBase.setState(LifecycleBase.java:336) ~[catalina.jar:11.0.1]
	at org.apache.catalina.core.ContainerBase.startInternal(ContainerBase.java:743) ~[catalina.jar:11.0.1]
	at org.apache.catalina.core.StandardHost.startInternal(StandardHost.java:771) ~[catalina.jar:11.0.1]
	at org.apache.catalina.util.LifecycleBase.start(LifecycleBase.java:164) ~[catalina.jar:11.0.1]
	at org.apache.catalina.core.ContainerBase$StartChild.call(ContainerBase.java:1170) ~[catalina.jar:11.0.1]
	at org.apache.catalina.core.ContainerBase$StartChild.call(ContainerBase.java:1160) ~[catalina.jar:11.0.1]
	at java.base/java.util.concurrent.FutureTask.run(FutureTask.java:264) ~[na:na]
	at org.apache.tomcat.util.threads.InlineExecutorService.execute(InlineExecutorService.java:75) ~[tomcat-util.jar:11.0.1]
	at java.base/java.util.concurrent.AbstractExecutorService.submit(AbstractExecutorService.java:145) ~[na:na]
	at org.apache.catalina.core.ContainerBase.startInternal(ContainerBase.java:716) ~[catalina.jar:11.0.1]
	at org.apache.catalina.core.StandardEngine.startInternal(StandardEngine.java:203) ~[catalina.jar:11.0.1]
	at org.apache.catalina.util.LifecycleBase.start(LifecycleBase.java:164) ~[catalina.jar:11.0.1]
	at org.apache.catalina.core.StandardService.startInternal(StandardService.java:415) ~[catalina.jar:11.0.1]
	at org.apache.catalina.util.LifecycleBase.start(LifecycleBase.java:164) ~[catalina.jar:11.0.1]
	at org.apache.catalina.core.StandardServer.startInternal(StandardServer.java:866) ~[catalina.jar:11.0.1]
	at org.apache.catalina.util.LifecycleBase.start(LifecycleBase.java:164) ~[catalina.jar:11.0.1]
	at org.apache.catalina.startup.Catalina.start(Catalina.java:755) ~[catalina.jar:11.0.1]
	at java.base/jdk.internal.reflect.NativeMethodAccessorImpl.invoke0(Native Method) ~[na:na]
	at java.base/jdk.internal.reflect.NativeMethodAccessorImpl.invoke(NativeMethodAccessorImpl.java:77) ~[na:na]
	at java.base/jdk.internal.reflect.DelegatingMethodAccessorImpl.invoke(DelegatingMethodAccessorImpl.java:43) ~[na:na]
	at java.base/java.lang.reflect.Method.invoke(Method.java:569) ~[na:na]
	at org.apache.catalina.startup.Bootstrap.start(Bootstrap.java:342) ~[bootstrap.jar:11.0.1]
	at org.apache.catalina.startup.Bootstrap.main(Bootstrap.java:470) ~[bootstrap.jar:11.0.1]
Caused by: java.sql.SQLTransientConnectionException: java.net.ConnectException: Connection refused
	at org.hsqldb.jdbc.JDBCUtil.sqlException(Unknown Source) ~[hsqldb-2.7.3.jar:2.7.3]
	at org.hsqldb.jdbc.JDBCUtil.sqlException(Unknown Source) ~[hsqldb-2.7.3.jar:2.7.3]
	at org.hsqldb.jdbc.JDBCConnection.<init>(Unknown Source) ~[hsqldb-2.7.3.jar:2.7.3]
	at org.hsqldb.jdbc.JDBCDriver$1.run(Unknown Source) ~[hsqldb-2.7.3.jar:2.7.3]
Caused by: org.hsqldb.HsqlException: java.net.ConnectException: Connection refused
	at org.hsqldb.ClientConnection.openConnection(Unknown Source) ~[hsqldb-2.7.3.jar:2.7.3]
	at org.hsqldb.ClientConnection.initConnection(Unknown Source) ~[hsqldb-2.7.3.jar:2.7.3]
	at org.hsqldb.ClientConnection.<init>(Unknown Source) ~[hsqldb-2.7.3.jar:2.7.3]
	... 2 common frames omitted
Caused by: java.net.ConnectException: Connection refused
	at java.base/sun.nio.ch.Net.connect0(Native Method) ~[na:na]
	at java.base/sun.nio.ch.Net.connect(Net.java:591) ~[na:na]
	at java.base/sun.nio.ch.Net.connect(Net.java:580) ~[na:na]
	at java.base/sun.nio.ch.NioSocketImpl.connect(NioSocketImpl.java:593) ~[na:na]
	at java.base/java.net.SocksSocketImpl.connect(SocksSocketImpl.java:327) ~[na:na]
	at java.base/java.net.Socket.connect(Socket.java:633) ~[na:na]
	at java.base/java.net.Socket.connect(Socket.java:583) ~[na:na]
	at java.base/java.net.Socket.<init>(Socket.java:507) ~[na:na]
	at java.base/java.net.Socket.<init>(Socket.java:287) ~[na:na]
	at org.hsqldb.server.HsqlSocketFactory.createSocket(Unknown Source) ~[hsqldb-2.7.3.jar:2.7.3]
	... 5 common frames omitted

2026-02-25T02:30:24.075Z  WARN 69901 --- [facade] [           main] org.hibernate.orm.deprecation            : HHH90000025: HSQLDialect does not need to be specified explicitly using 'hibernate.dialect' (remove the property setting and it will be selected by default)
2026-02-25T02:30:24.601Z  INFO 69901 --- [facade] [           main] org.hibernate.orm.connections.pooling    : HHH10001005: Database info:
	Database JDBC URL [Connecting through datasource 'HikariDataSource (null)']
	Database driver: undefined/unknown
	Database version: 2.6.1
	Autocommit mode: undefined/unknown
	Isolation level: undefined/unknown
	Minimum pool size: undefined/unknown
	Maximum pool size: undefined/unknown
2026-02-25T02:30:36.559Z  INFO 69901 --- [facade] [           main] o.h.e.t.j.p.i.JtaPlatformInitiator       : HHH000489: No JTA platform available (set 'hibernate.transaction.jta.platform' to enable JTA platform integration)
2026-02-25T02:30:36.777Z  INFO 69901 --- [facade] [           main] j.LocalContainerEntityManagerFactoryBean : Initialized JPA EntityManagerFactory for persistence unit 'default'
2026-02-25T02:30:37.950Z  WARN 69901 --- [facade] [           main] JpaBaseConfiguration$JpaWebConfiguration : spring.jpa.open-in-view is enabled by default. Therefore, database queries may be performed during view rendering. Explicitly configure spring.jpa.open-in-view to disable this warning
2026-02-25T02:30:44.653Z  INFO 69901 --- [facade] [           main] war.ServletInitializer                   : Started ServletInitializer in 78.859 seconds (process running for 232.262)
25-Feb-2026 02:30:44.823 INFO [main] org.apache.catalina.startup.HostConfig.deployWAR Deployment of web application archive [/mnt/c/Users/abdel/Documents/Code/AW/TP3/TP3/apache-tomcat-11.0.1/webapps/facade.war] has finished in [160,814] ms
25-Feb-2026 02:30:44.832 INFO [main] org.apache.catalina.startup.HostConfig.deployDirectory Deploying web application directory [/mnt/c/Users/abdel/Documents/Code/AW/TP3/TP3/apache-tomcat-11.0.1/webapps/docs]
25-Feb-2026 02:30:45.454 INFO [main] org.apache.catalina.startup.HostConfig.deployDirectory Deployment of web application directory [/mnt/c/Users/abdel/Documents/Code/AW/TP3/TP3/apache-tomcat-11.0.1/webapps/docs] has finished in [622] ms
25-Feb-2026 02:30:45.457 INFO [main] org.apache.catalina.startup.HostConfig.deployDirectory Deploying web application directory [/mnt/c/Users/abdel/Documents/Code/AW/TP3/TP3/apache-tomcat-11.0.1/webapps/examples]
25-Feb-2026 02:30:53.480 INFO [main] org.apache.catalina.startup.HostConfig.deployDirectory Deployment of web application directory [/mnt/c/Users/abdel/Documents/Code/AW/TP3/TP3/apache-tomcat-11.0.1/webapps/examples] has finished in [8,022] ms
25-Feb-2026 02:30:53.487 INFO [main] org.apache.catalina.startup.HostConfig.deployDirectory Deploying web application directory [/mnt/c/Users/abdel/Documents/Code/AW/TP3/TP3/apache-tomcat-11.0.1/webapps/host-manager]
25-Feb-2026 02:30:54.169 INFO [main] org.apache.catalina.startup.HostConfig.deployDirectory Deployment of web application directory [/mnt/c/Users/abdel/Documents/Code/AW/TP3/TP3/apache-tomcat-11.0.1/webapps/host-manager] has finished in [681] ms
25-Feb-2026 02:30:54.171 INFO [main] org.apache.catalina.startup.HostConfig.deployDirectory Deploying web application directory [/mnt/c/Users/abdel/Documents/Code/AW/TP3/TP3/apache-tomcat-11.0.1/webapps/manager]
25-Feb-2026 02:30:54.952 INFO [main] org.apache.catalina.startup.HostConfig.deployDirectory Deployment of web application directory [/mnt/c/Users/abdel/Documents/Code/AW/TP3/TP3/apache-tomcat-11.0.1/webapps/manager] has finished in [780] ms
25-Feb-2026 02:30:54.955 INFO [main] org.apache.catalina.startup.HostConfig.deployDirectory Deploying web application directory [/mnt/c/Users/abdel/Documents/Code/AW/TP3/TP3/apache-tomcat-11.0.1/webapps/ROOT]
25-Feb-2026 02:30:55.454 INFO [main] org.apache.catalina.startup.HostConfig.deployDirectory Deployment of web application directory [/mnt/c/Users/abdel/Documents/Code/AW/TP3/TP3/apache-tomcat-11.0.1/webapps/ROOT] has finished in [498] ms
25-Feb-2026 02:30:55.467 INFO [main] org.apache.coyote.AbstractProtocol.start Starting ProtocolHandler ["http-nio-8080"]
25-Feb-2026 02:30:55.504 INFO [main] org.apache.catalina.startup.Catalina.start Server startup in [240609] milliseconds
2026-02-25T02:35:57.917Z  INFO 69901 --- [facade] [nio-8080-exec-5] o.s.web.servlet.DispatcherServlet        : Initializing Servlet 'dispatcherServlet'
2026-02-25T02:35:57.920Z  INFO 69901 --- [facade] [nio-8080-exec-5] o.s.web.servlet.DispatcherServlet        : Completed initialization in 1 ms
2026-02-25T02:37:47.941Z  WARN 69901 --- [facade] [nio-8080-exec-2] .w.s.m.s.DefaultHandlerExceptionResolver : Resolved [org.springframework.web.bind.MissingServletRequestParameterException: Required request parameter 'rue' for method parameter type String is not present]
2026-02-25T02:38:22.349Z  WARN 69901 --- [facade] [nio-8080-exec-2] .w.s.m.s.DefaultHandlerExceptionResolver : Resolved [org.springframework.web.HttpRequestMethodNotSupportedException: Request method 'GET' is not supported]
